cow_id,centerline_type,method_version,point_index,x_px,y_px,x_normalized,y_normalized,source_image_width_px,source_image_height_px
1,geometric_skeleton,qa_rendered_geometric_centerline_record_v1.0,0,174.0,328.0,0.34050881,0.69344609,512,474
1,geometric_skeleton,qa_rendered_geometric_centerline_record_v1.0,1,176.398,326.002,0.34520178,0.68922109,512,474
1,geometric_skeleton,qa_rendered_geometric_centerline_record_v1.0,2,178.796,324.003,0.34989475,0.6849961,512,474
1,geometric_skeleton,qa_rendered_geometric_centerline_record_v1.0,3,181.555,323.0,0.35529288,0.68287526,512,474
1,geometric_skeleton,qa_rendered_geometric_centerline_record_v1.0,4,184.676,323.0,0.36140176,0.68287526,512,474
1,geometric_skeleton,qa_rendered_geometric_centerline_record_v1.0,5,187.271,321.729,0.3664801,0.68018746,512,474
1,geometric_skeleton,qa_rendered_geometric_centerline_record_v1.0,6,190.091,321.0,0.37199833,0.67864693,512,474
1,geometric_skeleton,qa_rendered_geometric_centerline_record_v1.0,7,193.213,321.0,0.3781072,0.67864693,512,474
1,geometric_skeleton,qa_rendered_geometric_centerline_record_v1.0,8,195.944,320.056,0.38345123,0.67665206,512,474
1,geometric_skeleton,qa_rendered_geometric_centerline_record_v1.0,9,199.042,320.0,0.38951437,0.67653277,512,474
1,geometric_skeleton,qa_rendered_geometric_centerline_record_v1.0,10,202.163,320.0,0.39562325,0.67653277,512,474
1,geometric_skeleton,qa_rendered_geometric_centerline_record_v1.0,11,205.202,319.798,0.4015687,0.67610654,512,474
1,geometric_skeleton,qa_rendered_geometric_centerline_record_v1.0,12,207.993,319.0,0.40703041,0.6744186,512,474
1,geometric_skeleton,qa_rendered_geometric_centerline_record_v1.0,13,211.114,319.0,0.41313929,0.6744186,512,474
1,geometric_skeleton,qa_rendered_geometric_centerline_record_v1.0,14,214.236,319.0,0.41924817,0.6744186,512,474
1,geometric_skeleton,qa_rendered_geometric_centerline_record_v1.0,15,217.253,318.747,0.42515216,0.67388424,512,474
1,geometric_skeleton,qa_rendered_geometric_centerline_record_v1.0,16,220.065,318.0,0.43065533,0.67230444,512,474
1,geometric_skeleton,qa_rendered_geometric_centerline_record_v1.0,17,223.187,318.0,0.43676421,0.67230444,512,474
1,geometric_skeleton,qa_rendered_geometric_centerline_record_v1.0,18,226.308,318.0,0.44287309,0.67230444,512,474
1,geometric_skeleton,qa_rendered_geometric_centerline_record_v1.0,19,229.43,318.0,0.44898196,0.67230444,512,474
1,geometric_skeleton,qa_rendered_geometric_centerline_record_v1.0,20,232.551,318.0,0.45509084,0.67230444,512,474
1,geometric_skeleton,qa_rendered_geometric_centerline_record_v1.0,21,235.673,318.0,0.46119972,0.67230444,512,474
1,geometric_skeleton,qa_rendered_geometric_centerline_record_v1.0,22,238.795,318.0,0.4673086,0.67230444,512,474
1,geometric_skeleton,qa_rendered_geometric_centerline_record_v1.0,23,241.916,318.0,0.47341748,0.67230444,512,474
1,geometric_skeleton,qa_rendered_geometric_centerline_record_v1.0,24,245.038,318.0,0.47952636,0.67230444,512,474
1,geometric_skeleton,qa_rendered_geometric_centerline_record_v1.0,25,248.16,318.0,0.48563523,0.67230444,512,474
1,geometric_skeleton,qa_rendered_geometric_centerline_record_v1.0,26,251.281,318.0,0.49174411,0.67230444,512,474
1,geometric_skeleton,qa_rendered_geometric_centerline_record_v1.0,27,254.403,318.0,0.49785299,0.67230444,512,474
1,geometric_skeleton,qa_rendered_geometric_centerline_record_v1.0,28,257.525,318.0,0.50396187,0.67230444,512,474
1,geometric_skeleton,qa_rendered_geometric_centerline_record_v1.0,29,260.646,318.0,0.51007075,0.67230444,512,474
1,geometric_skeleton,qa_rendered_geometric_centerline_record_v1.0,30,263.768,318.0,0.51617963,0.67230444,512,474
1,geometric_skeleton,qa_rendered_geometric_centerline_record_v1.0,31,266.475,317.0,0.52147791,0.67019027,512,474
1,geometric_skeleton,qa_rendered_geometric_centerline_record_v1.0,32,269.183,316.0,0.5267762,0.66807611,512,474
1,geometric_skeleton,qa_rendered_geometric_centerline_record_v1.0,33,271.922,315.078,0.5321375,0.6661263,512,474
1,geometric_skeleton,qa_rendered_geometric_centerline_record_v1.0,34,274.715,314.285,0.53760348,0.66444952,512,474
1,geometric_skeleton,qa_rendered_geometric_centerline_record_v1.0,35,277.508,313.492,0.54306946,0.66277274,512,474
1,geometric_skeleton,qa_rendered_geometric_centerline_record_v1.0,36,280.302,312.698,0.54853544,0.66109596,512,474
1,geometric_skeleton,qa_rendered_geometric_centerline_record_v1.0,37,283.095,311.905,0.55400143,0.65941918,512,474
1,geometric_skeleton,qa_rendered_geometric_centerline_record_v1.0,38,285.841,311.0,0.5593765,0.65750529,512,474
1,geometric_skeleton,qa_rendered_geometric_centerline_record_v1.0,39,288.549,310.0,0.56467478,0.65539112,512,474
1,geometric_skeleton,qa_rendered_geometric_centerline_record_v1.0,40,291.256,309.0,0.56997307,0.65327696,512,474
1,geometric_skeleton,qa_rendered_geometric_centerline_record_v1.0,41,294.378,309.0,0.57608194,0.65327696,512,474
1,geometric_skeleton,qa_rendered_geometric_centerline_record_v1.0,42,297.5,309.0,0.58219082,0.65327696,512,474
1,geometric_skeleton,qa_rendered_geometric_centerline_record_v1.0,43,300.146,307.854,0.5873705,0.65085344,512,474
1,geometric_skeleton,qa_rendered_geometric_centerline_record_v1.0,44,302.914,307.0,0.59278739,0.64904863,512,474
1,geometric_skeleton,qa_rendered_geometric_centerline_record_v1.0,45,306.036,307.0,0.59889627,0.64904863,512,474
1,geometric_skeleton,qa_rendered_geometric_centerline_record_v1.0,46,309.158,307.0,0.60500515,0.64904863,512,474
1,geometric_skeleton,qa_rendered_geometric_centerline_record_v1.0,47,312.279,307.0,0.61111403,0.64904863,512,474
1,geometric_skeleton,qa_rendered_geometric_centerline_record_v1.0,48,315.401,307.0,0.6172229,0.64904863,512,474
1,geometric_skeleton,qa_rendered_geometric_centerline_record_v1.0,49,318.523,307.0,0.62333178,0.64904863,512,474
1,geometric_skeleton,qa_rendered_geometric_centerline_record_v1.0,50,321.644,307.0,0.62944066,0.64904863,512,474
1,geometric_skeleton,qa_rendered_geometric_centerline_record_v1.0,51,324.766,307.0,0.63554954,0.64904863,512,474
1,geometric_skeleton,qa_rendered_geometric_centerline_record_v1.0,52,327.887,307.0,0.64165842,0.64904863,512,474
1,geometric_skeleton,qa_rendered_geometric_centerline_record_v1.0,53,331.009,307.0,0.6477673,0.64904863,512,474
1,geometric_skeleton,qa_rendered_geometric_centerline_record_v1.0,54,334.131,307.0,0.65387618,0.64904863,512,474
1,geometric_skeleton,qa_rendered_geometric_centerline_record_v1.0,55,337.252,307.0,0.65998505,0.64904863,512,474
1,geometric_skeleton,qa_rendered_geometric_centerline_record_v1.0,56,340.374,307.0,0.66609393,0.64904863,512,474
1,geometric_skeleton,qa_rendered_geometric_centerline_record_v1.0,57,343.496,307.0,0.67220281,0.64904863,512,474
1,geometric_skeleton,qa_rendered_geometric_centerline_record_v1.0,58,346.617,307.0,0.67831169,0.64904863,512,474
1,geometric_skeleton,qa_rendered_geometric_centerline_record_v1.0,59,349.739,307.0,0.68442057,0.64904863,512,474
1,geometric_skeleton,qa_rendered_geometric_centerline_record_v1.0,60,352.861,307.0,0.69052945,0.64904863,512,474
1,geometric_skeleton,qa_rendered_geometric_centerline_record_v1.0,61,355.982,307.0,0.69663832,0.64904863,512,474
1,geometric_skeleton,qa_rendered_geometric_centerline_record_v1.0,62,359.104,307.0,0.7027472,0.64904863,512,474
1,geometric_skeleton,qa_rendered_geometric_centerline_record_v1.0,63,362.225,307.0,0.70885608,0.64904863,512,474
1,geometric_skeleton,qa_rendered_geometric_centerline_record_v1.0,64,365.347,307.0,0.71496496,0.64904863,512,474
1,geometric_skeleton,qa_rendered_geometric_centerline_record_v1.0,65,368.055,306.0,0.72026324,0.64693446,512,474
1,geometric_skeleton,qa_rendered_geometric_centerline_record_v1.0,66,371.176,306.0,0.72637212,0.64693446,512,474
1,geometric_skeleton,qa_rendered_geometric_centerline_record_v1.0,67,374.298,306.0,0.732481,0.64693446,512,474
1,geometric_skeleton,qa_rendered_geometric_centerline_record_v1.0,68,377.419,306.0,0.73858988,0.64693446,512,474
1,geometric_skeleton,qa_rendered_geometric_centerline_record_v1.0,69,380.541,306.0,0.74469876,0.64693446,512,474
1,geometric_skeleton,qa_rendered_geometric_centerline_record_v1.0,70,383.663,306.0,0.75080764,0.64693446,512,474
1,geometric_skeleton,qa_rendered_geometric_centerline_record_v1.0,71,386.784,306.0,0.75691652,0.64693446,512,474
1,geometric_skeleton,qa_rendered_geometric_centerline_record_v1.0,72,389.906,306.0,0.76302539,0.64693446,512,474
1,geometric_skeleton,qa_rendered_geometric_centerline_record_v1.0,73,393.028,306.0,0.76913427,0.64693446,512,474
1,geometric_skeleton,qa_rendered_geometric_centerline_record_v1.0,74,396.149,306.0,0.77524315,0.64693446,512,474
1,geometric_skeleton,qa_rendered_geometric_centerline_record_v1.0,75,399.271,306.0,0.78135203,0.64693446,512,474
1,geometric_skeleton,qa_rendered_geometric_centerline_record_v1.0,76,402.393,306.0,0.78746091,0.64693446,512,474
1,geometric_skeleton,qa_rendered_geometric_centerline_record_v1.0,77,405.514,306.0,0.79356979,0.64693446,512,474
1,geometric_skeleton,qa_rendered_geometric_centerline_record_v1.0,78,408.636,306.0,0.79967866,0.64693446,512,474
1,geometric_skeleton,qa_rendered_geometric_centerline_record_v1.0,79,411.757,306.0,0.80578754,0.64693446,512,474
1,geometric_skeleton,qa_rendered_geometric_centerline_record_v1.0,80,414.879,306.0,0.81189642,0.64693446,512,474
1,geometric_skeleton,qa_rendered_geometric_centerline_record_v1.0,81,418.001,306.0,0.8180053,0.64693446,512,474
1,geometric_skeleton,qa_rendered_geometric_centerline_record_v1.0,82,421.122,306.0,0.82411418,0.64693446,512,474
1,geometric_skeleton,qa_rendered_geometric_centerline_record_v1.0,83,424.244,306.0,0.83022306,0.64693446,512,474
1,geometric_skeleton,qa_rendered_geometric_centerline_record_v1.0,84,427.259,305.741,0.83612237,0.64638788,512,474
1,geometric_skeleton,qa_rendered_geometric_centerline_record_v1.0,85,430.073,305.0,0.84163022,0.6448203,512,474
1,geometric_skeleton,qa_rendered_geometric_centerline_record_v1.0,86,433.195,305.0,0.8477391,0.6448203,512,474
1,geometric_skeleton,qa_rendered_geometric_centerline_record_v1.0,87,436.224,304.776,0.85366667,0.64434742,512,474
1,geometric_skeleton,qa_rendered_geometric_centerline_record_v1.0,88,439.024,304.0,0.85914626,0.64270613,512,474
1,geometric_skeleton,qa_rendered_geometric_centerline_record_v1.0,89,442.145,304.0,0.86525514,0.64270613,512,474
1,geometric_skeleton,qa_rendered_geometric_centerline_record_v1.0,90,445.267,304.0,0.87136402,0.64270613,512,474
1,geometric_skeleton,qa_rendered_geometric_centerline_record_v1.0,91,448.275,303.725,0.87725013,0.64212512,512,474
1,geometric_skeleton,qa_rendered_geometric_centerline_record_v1.0,92,451.096,303.0,0.88277118,0.64059197,512,474
1,geometric_skeleton,qa_rendered_geometric_centerline_record_v1.0,93,454.218,303.0,0.88888006,0.64059197,512,474
1,geometric_skeleton,qa_rendered_geometric_centerline_record_v1.0,94,457.339,303.0,0.89498894,0.64059197,512,474
1,geometric_skeleton,qa_rendered_geometric_centerline_record_v1.0,95,460.326,302.674,0.90083359,0.63990282,512,474
1,geometric_skeleton,qa_rendered_geometric_centerline_record_v1.0,96,463.168,302.0,0.9063961,0.6384778,512,474
1,geometric_skeleton,qa_rendered_geometric_centerline_record_v1.0,97,466.29,302.0,0.91250498,0.6384778,512,474
1,geometric_skeleton,qa_rendered_geometric_centerline_record_v1.0,98,468.705,303.705,0.91723154,0.64208312,512,474
1,geometric_skeleton,qa_rendered_geometric_centerline_record_v1.0,99,470.913,305.913,0.92155117,0.64674978,512,474
1,geometric_skeleton,qa_rendered_geometric_centerline_record_v1.0,100,473.12,308.12,0.9258708,0.65141644,512,474
1,geometric_skeleton,qa_rendered_geometric_centerline_record_v1.0,101,474.62,310.62,0.92880666,0.65670233,512,474
1,geometric_skeleton,qa_rendered_geometric_centerline_record_v1.0,102,476.828,312.828,0.93312629,0.66136899,512,474
1,geometric_skeleton,qa_rendered_geometric_centerline_record_v1.0,103,479.035,315.035,0.93744591,0.66603565,512,474
1,geometric_skeleton,qa_rendered_geometric_centerline_record_v1.0,104,480.0,317.757,0.93933464,0.67179012,512,474
1,geometric_skeleton,qa_rendered_geometric_centerline_record_v1.0,105,480.0,320.878,0.93933464,0.67838977,512,474
1,geometric_skeleton,qa_rendered_geometric_centerline_record_v1.0,106,480.0,324.0,0.93933464,0.68498943,512,474
2,geometric_skeleton,qa_rendered_geometric_centerline_record_v1.0,0,180.0,322.0,0.35225049,0.6807611,512,474
2,geometric_skeleton,qa_rendered_geometric_centerline_record_v1.0,1,182.873,320.564,0.35787194,0.67772456,512,474
2,geometric_skeleton,qa_rendered_geometric_centerline_record_v1.0,2,185.745,319.127,0.3634934,0.67468803,512,474
2,geometric_skeleton,qa_rendered_geometric_centerline_record_v1.0,3,188.927,319.0,0.3697195,0.6744186,512,474
2,geometric_skeleton,qa_rendered_geometric_centerline_record_v1.0,4,192.138,319.0,0.37600448,0.6744186,512,474
2,geometric_skeleton,qa_rendered_geometric_centerline_record_v1.0,5,195.35,319.0,0.38228945,0.6744186,512,474
2,geometric_skeleton,qa_rendered_geometric_centerline_record_v1.0,6,198.562,319.0,0.38857443,0.6744186,512,474
2,geometric_skeleton,qa_rendered_geometric_centerline_record_v1.0,7,201.773,319.0,0.39485941,0.6744186,512,474
2,geometric_skeleton,qa_rendered_geometric_centerline_record_v1.0,8,204.985,319.0,0.40114438,0.6744186,512,474
2,geometric_skeleton,qa_rendered_geometric_centerline_record_v1.0,9,208.196,319.0,0.40742936,0.6744186,512,474
2,geometric_skeleton,qa_rendered_geometric_centerline_record_v1.0,10,210.996,318.004,0.41290729,0.67231369,512,474
2,geometric_skeleton,qa_rendered_geometric_centerline_record_v1.0,11,214.205,318.0,0.41918872,0.67230444,512,474
2,geometric_skeleton,qa_rendered_geometric_centerline_record_v1.0,12,217.003,317.0,0.4246631,0.67019027,512,474
2,geometric_skeleton,qa_rendered_geometric_centerline_record_v1.0,13,220.214,317.0,0.43094808,0.67019027,512,474
2,geometric_skeleton,qa_rendered_geometric_centerline_record_v1.0,14,223.426,317.0,0.43723305,0.67019027,512,474
2,geometric_skeleton,qa_rendered_geometric_centerline_record_v1.0,15,226.638,317.0,0.44351803,0.67019027,512,474
2,geometric_skeleton,qa_rendered_geometric_centerline_record_v1.0,16,229.849,317.0,0.449803,0.67019027,512,474
2,geometric_skeleton,qa_rendered_geometric_centerline_record_v1.0,17,232.647,316.0,0.45527739,0.66807611,512,474
2,geometric_skeleton,qa_rendered_geometric_centerline_record_v1.0,18,235.858,316.0,0.46156236,0.66807611,512,474
2,geometric_skeleton,qa_rendered_geometric_centerline_record_v1.0,19,239.07,316.0,0.46784734,0.66807611,512,474
2,geometric_skeleton,qa_rendered_geometric_centerline_record_v1.0,20,242.282,316.0,0.47413231,0.66807611,512,474
2,geometric_skeleton,qa_rendered_geometric_centerline_record_v1.0,21,245.493,316.0,0.48041729,0.66807611,512,474
2,geometric_skeleton,qa_rendered_geometric_centerline_record_v1.0,22,248.291,315.0,0.48589167,0.66596195,512,474
2,geometric_skeleton,qa_rendered_geometric_centerline_record_v1.0,23,251.502,315.0,0.49217665,0.66596195,512,474
2,geometric_skeleton,qa_rendered_geometric_centerline_record_v1.0,24,254.714,315.0,0.49846163,0.66596195,512,474
2,geometric_skeleton,qa_rendered_geometric_centerline_record_v1.0,25,257.511,314.0,0.50393601,0.66384778,512,474
2,geometric_skeleton,qa_rendered_geometric_centerline_record_v1.0,26,260.309,313.0,0.50941039,0.66173362,512,474
2,geometric_skeleton,qa_rendered_geometric_centerline_record_v1.0,27,263.106,312.0,0.51488477,0.65961945,512,474
2,geometric_skeleton,qa_rendered_geometric_centerline_record_v1.0,28,265.904,311.0,0.52035915,0.65750529,512,474
2,geometric_skeleton,qa_rendered_geometric_centerline_record_v1.0,29,268.701,310.0,0.52583354,0.65539112,512,474
2,geometric_skeleton,qa_rendered_geometric_centerline_record_v1.0,30,271.498,309.0,0.53130792,0.65327696,512,474
2,geometric_skeleton,qa_rendered_geometric_centerline_record_v1.0,31,274.71,309.0,0.5375929,0.65327696,512,474
2,geometric_skeleton,qa_rendered_geometric_centerline_record_v1.0,32,277.507,308.0,0.54306728,0.65116279,512,474
2,geometric_skeleton,qa_rendered_geometric_centerline_record_v1.0,33,280.305,307.0,0.54854166,0.64904863,512,474
2,geometric_skeleton,qa_rendered_geometric_centerline_record_v1.0,34,283.102,306.0,0.55401604,0.64693446,512,474
2,geometric_skeleton,qa_rendered_geometric_centerline_record_v1.0,35,286.314,306.0,0.56030102,0.64693446,512,474
2,geometric_skeleton,qa_rendered_geometric_centerline_record_v1.0,36,289.111,305.0,0.5657754,0.6448203,512,474
2,geometric_skeleton,qa_rendered_geometric_centerline_record_v1.0,37,291.935,304.065,0.57130215,0.64284271,512,474
2,geometric_skeleton,qa_rendered_geometric_centerline_record_v1.0,38,295.12,304.0,0.57753476,0.64270613,512,474
2,geometric_skeleton,qa_rendered_geometric_centerline_record_v1.0,39,297.942,303.058,0.58305633,0.64071504,512,474
2,geometric_skeleton,qa_rendered_geometric_centerline_record_v1.0,40,301.129,303.0,0.58929412,0.64059197,512,474
2,geometric_skeleton,qa_rendered_geometric_centerline_record_v1.0,41,303.948,302.052,0.59481051,0.63858738,512,474
2,geometric_skeleton,qa_rendered_geometric_centerline_record_v1.0,42,306.31,300.0,0.59943229,0.63424947,512,474
2,geometric_skeleton,qa_rendered_geometric_centerline_record_v1.0,43,309.522,300.0,0.60571726,0.63424947,512,474
2,geometric_skeleton,qa_rendered_geometric_centerline_record_v1.0,44,312.733,300.0,0.61200224,0.63424947,512,474
2,geometric_skeleton,qa_rendered_geometric_centerline_record_v1.0,45,315.945,300.0,0.61828722,0.63424947,512,474
2,geometric_skeleton,qa_rendered_geometric_centerline_record_v1.0,46,319.156,300.0,0.62457219,0.63424947,512,474
2,geometric_skeleton,qa_rendered_geometric_centerline_record_v1.0,47,322.368,300.0,0.63085717,0.63424947,512,474
2,geometric_skeleton,qa_rendered_geometric_centerline_record_v1.0,48,325.58,300.0,0.63714215,0.63424947,512,474
2,geometric_skeleton,qa_rendered_geometric_centerline_record_v1.0,49,328.791,300.0,0.64342712,0.63424947,512,474
2,geometric_skeleton,qa_rendered_geometric_centerline_record_v1.0,50,332.003,300.0,0.6497121,0.63424947,512,474
2,geometric_skeleton,qa_rendered_geometric_centerline_record_v1.0,51,335.215,300.0,0.65599707,0.63424947,512,474
2,geometric_skeleton,qa_rendered_geometric_centerline_record_v1.0,52,338.426,300.0,0.66228205,0.63424947,512,474
2,geometric_skeleton,qa_rendered_geometric_centerline_record_v1.0,53,341.638,300.0,0.66856703,0.63424947,512,474
2,geometric_skeleton,qa_rendered_geometric_centerline_record_v1.0,54,344.849,300.0,0.674852,0.63424947,512,474
2,geometric_skeleton,qa_rendered_geometric_centerline_record_v1.0,55,348.061,300.0,0.68113698,0.63424947,512,474
2,geometric_skeleton,qa_rendered_geometric_centerline_record_v1.0,56,351.273,300.0,0.68742196,0.63424947,512,474
2,geometric_skeleton,qa_rendered_geometric_centerline_record_v1.0,57,354.484,300.0,0.69370693,0.63424947,512,474
2,geometric_skeleton,qa_rendered_geometric_centerline_record_v1.0,58,357.696,300.0,0.69999191,0.63424947,512,474
2,geometric_skeleton,qa_rendered_geometric_centerline_record_v1.0,59,360.642,299.358,0.70575673,0.63289283,512,474
2,geometric_skeleton,qa_rendered_geometric_centerline_record_v1.0,60,363.498,298.502,0.71134724,0.63108153,512,474
2,geometric_skeleton,qa_rendered_geometric_centerline_record_v1.0,61,366.502,298.0,0.71722565,0.63002114,512,474
2,geometric_skeleton,qa_rendered_geometric_centerline_record_v1.0,62,369.505,297.495,0.72310142,0.62895386,512,474
2,geometric_skeleton,qa_rendered_geometric_centerline_record_v1.0,63,372.362,296.638,0.72869192,0.62714256,512,474
2,geometric_skeleton,qa_rendered_geometric_centerline_record_v1.0,64,375.218,295.782,0.73428242,0.62533125,512,474
2,geometric_skeleton,qa_rendered_geometric_centerline_record_v1.0,65,378.075,294.925,0.73987293,0.62351995,512,474
2,geometric_skeleton,qa_rendered_geometric_centerline_record_v1.0,66,380.904,294.0,0.74540815,0.62156448,512,474
2,geometric_skeleton,qa_rendered_geometric_centerline_record_v1.0,67,383.701,293.0,0.75088254,0.61945032,512,474
2,geometric_skeleton,qa_rendered_geometric_centerline_record_v1.0,68,386.498,292.0,0.75635692,0.61733615,512,474
2,geometric_skeleton,qa_rendered_geometric_centerline_record_v1.0,69,389.71,292.0,0.7626419,0.61733615,512,474
2,geometric_skeleton,qa_rendered_geometric_centerline_record_v1.0,70,392.507,291.0,0.76811628,0.61522199,512,474
2,geometric_skeleton,qa_rendered_geometric_centerline_record_v1.0,71,395.305,290.0,0.77359066,0.61310782,512,474
2,geometric_skeleton,qa_rendered_geometric_centerline_record_v1.0,72,398.516,290.0,0.77987564,0.61310782,512,474
2,geometric_skeleton,qa_rendered_geometric_centerline_record_v1.0,73,401.314,289.0,0.78535002,0.61099366,512,474
2,geometric_skeleton,qa_rendered_geometric_centerline_record_v1.0,74,404.525,289.0,0.79163499,0.61099366,512,474
2,geometric_skeleton,qa_rendered_geometric_centerline_record_v1.0,75,407.323,288.0,0.79710938,0.60887949,512,474
2,geometric_skeleton,qa_rendered_geometric_centerline_record_v1.0,76,410.12,287.0,0.80258376,0.60676533,512,474
2,geometric_skeleton,qa_rendered_geometric_centerline_record_v1.0,77,412.918,286.0,0.80805814,0.60465116,512,474
2,geometric_skeleton,qa_rendered_geometric_centerline_record_v1.0,78,416.129,286.0,0.81434312,0.60465116,512,474
2,geometric_skeleton,qa_rendered_geometric_centerline_record_v1.0,79,418.927,285.0,0.8198175,0.602537,512,474
2,geometric_skeleton,qa_rendered_geometric_centerline_record_v1.0,80,421.724,284.0,0.82529188,0.60042283,512,474
2,geometric_skeleton,qa_rendered_geometric_centerline_record_v1.0,81,424.522,283.0,0.83076626,0.59830867,512,474
2,geometric_skeleton,qa_rendered_geometric_centerline_record_v1.0,82,427.319,282.0,0.83624065,0.5961945,512,474
2,geometric_skeleton,qa_rendered_geometric_centerline_record_v1.0,83,430.116,281.0,0.84171503,0.59408034,512,474
2,geometric_skeleton,qa_rendered_geometric_centerline_record_v1.0,84,433.328,281.0,0.848,0.59408034,512,474
2,geometric_skeleton,qa_rendered_geometric_centerline_record_v1.0,85,436.125,280.0,0.85347439,0.59196617,512,474
2,geometric_skeleton,qa_rendered_geometric_centerline_record_v1.0,86,438.945,279.055,0.85899301,0.58996739,512,474
2,geometric_skeleton,qa_rendered_geometric_centerline_record_v1.0,87,442.134,279.0,0.86523375,0.58985201,512,474
2,geometric_skeleton,qa_rendered_geometric_centerline_record_v1.0,88,444.952,278.048,0.87074719,0.58783972,512,474
2,geometric_skeleton,qa_rendered_geometric_centerline_record_v1.0,89,448.143,278.0,0.8769931,0.58773784,512,474
2,geometric_skeleton,qa_rendered_geometric_centerline_record_v1.0,90,451.251,278.251,0.88307455,0.5882687,512,474
2,geometric_skeleton,qa_rendered_geometric_centerline_record_v1.0,91,453.522,280.522,0.8875187,0.59306988,512,474
2,geometric_skeleton,qa_rendered_geometric_centerline_record_v1.0,92,455.793,282.793,0.89196284,0.59787106,512,474
2,geometric_skeleton,qa_rendered_geometric_centerline_record_v1.0,93,458.064,285.064,0.89640699,0.60267225,512,474
2,geometric_skeleton,qa_rendered_geometric_centerline_record_v1.0,94,460.335,287.335,0.90085114,0.60747343,512,474
2,geometric_skeleton,qa_rendered_geometric_centerline_record_v1.0,95,462.235,289.824,0.90457025,0.61273551,512,474
2,geometric_skeleton,qa_rendered_geometric_centerline_record_v1.0,96,463.118,292.912,0.90629687,0.61926416,512,474
2,geometric_skeleton,qa_rendered_geometric_centerline_record_v1.0,97,464.0,296.0,0.90802348,0.62579281,512,474
4,geometric_skeleton,qa_rendered_geometric_centerline_record_v1.0,0,218.0,234.0,0.42661448,0.49471459,512,474
4,geometric_skeleton,qa_rendered_geometric_centerline_record_v1.0,1,220.778,235.588,0.4320515,0.49807106,512,474
4,geometric_skeleton,qa_rendered_geometric_centerline_record_v1.0,2,223.557,237.175,0.43748853,0.50142753,512,474
4,geometric_skeleton,qa_rendered_geometric_centerline_record_v1.0,3,226.38,238.38,0.44301389,0.50397483,512,474
4,geometric_skeleton,qa_rendered_geometric_centerline_record_v1.0,4,229.229,239.229,0.44858821,0.50576866,512,474
4,geometric_skeleton,qa_rendered_geometric_centerline_record_v1.0,5,232.077,240.077,0.45416253,0.50756248,512,474
4,geometric_skeleton,qa_rendered_geometric_centerline_record_v1.0,6,234.895,241.0,0.4596765,0.50951374,512,474
4,geometric_skeleton,qa_rendered_geometric_centerline_record_v1.0,7,237.68,242.0,0.465128,0.51162791,512,474
4,geometric_skeleton,qa_rendered_geometric_centerline_record_v1.0,8,240.88,242.0,0.4713901,0.51162791,512,474
4,geometric_skeleton,qa_rendered_geometric_centerline_record_v1.0,9,244.08,242.0,0.4776522,0.51162791,512,474
4,geometric_skeleton,qa_rendered_geometric_centerline_record_v1.0,10,247.198,242.198,0.48375369,0.51204679,512,474
4,geometric_skeleton,qa_rendered_geometric_centerline_record_v1.0,11,250.047,243.047,0.48932801,0.51384062,512,474
4,geometric_skeleton,qa_rendered_geometric_centerline_record_v1.0,12,252.852,244.0,0.4948173,0.51585624,512,474
4,geometric_skeleton,qa_rendered_geometric_centerline_record_v1.0,13,256.036,244.036,0.50104984,0.51593333,512,474
4,geometric_skeleton,qa_rendered_geometric_centerline_record_v1.0,14,258.837,245.0,0.5065309,0.5179704,512,474
4,geometric_skeleton,qa_rendered_geometric_centerline_record_v1.0,15,262.026,245.026,0.51277166,0.51802604,512,474
4,geometric_skeleton,qa_rendered_geometric_centerline_record_v1.0,16,264.823,246.0,0.5182445,0.52008457,512,474
4,geometric_skeleton,qa_rendered_geometric_centerline_record_v1.0,17,268.016,246.016,0.52449349,0.52011876,512,474
4,geometric_skeleton,qa_rendered_geometric_centerline_record_v1.0,18,270.809,247.0,0.5299581,0.52219873,512,474
4,geometric_skeleton,qa_rendered_geometric_centerline_record_v1.0,19,273.594,248.0,0.5354096,0.5243129,512,474
4,geometric_skeleton,qa_rendered_geometric_centerline_record_v1.0,20,276.794,248.0,0.5416717,0.5243129,512,474
4,geometric_skeleton,qa_rendered_geometric_centerline_record_v1.0,21,279.58,249.0,0.5471232,0.52642706,512,474
4,geometric_skeleton,qa_rendered_geometric_centerline_record_v1.0,22,282.78,249.0,0.5533853,0.52642706,512,474
4,geometric_skeleton,qa_rendered_geometric_centerline_record_v1.0,23,285.98,249.0,0.55964739,0.52642706,512,474
4,geometric_skeleton,qa_rendered_geometric_centerline_record_v1.0,24,288.766,250.0,0.5650989,0.52854123,512,474
4,geometric_skeleton,qa_rendered_geometric_centerline_record_v1.0,25,291.965,250.0,0.57136099,0.52854123,512,474
4,geometric_skeleton,qa_rendered_geometric_centerline_record_v1.0,26,295.165,250.0,0.57762309,0.52854123,512,474
4,geometric_skeleton,qa_rendered_geometric_centerline_record_v1.0,27,298.365,250.0,0.58388519,0.52854123,512,474
4,geometric_skeleton,qa_rendered_geometric_centerline_record_v1.0,28,301.565,250.0,0.59014728,0.52854123,512,474
4,geometric_skeleton,qa_rendered_geometric_centerline_record_v1.0,29,304.765,250.0,0.59640938,0.52854123,512,474
4,geometric_skeleton,qa_rendered_geometric_centerline_record_v1.0,30,307.965,250.0,0.60267148,0.52854123,512,474
4,geometric_skeleton,qa_rendered_geometric_centerline_record_v1.0,31,311.165,250.0,0.60893357,0.52854123,512,474
4,geometric_skeleton,qa_rendered_geometric_centerline_record_v1.0,32,314.365,250.0,0.61519567,0.52854123,512,474
4,geometric_skeleton,qa_rendered_geometric_centerline_record_v1.0,33,317.151,251.0,0.62064717,0.53065539,512,474
4,geometric_skeleton,qa_rendered_geometric_centerline_record_v1.0,34,320.351,251.0,0.62690927,0.53065539,512,474
4,geometric_skeleton,qa_rendered_geometric_centerline_record_v1.0,35,323.136,252.0,0.63236077,0.53276956,512,474
4,geometric_skeleton,qa_rendered_geometric_centerline_record_v1.0,36,326.336,252.0,0.63862287,0.53276956,512,474
4,geometric_skeleton,qa_rendered_geometric_centerline_record_v1.0,37,329.122,253.0,0.64407437,0.53488372,512,474
4,geometric_skeleton,qa_rendered_geometric_centerline_record_v1.0,38,332.322,253.0,0.65033647,0.53488372,512,474
4,geometric_skeleton,qa_rendered_geometric_centerline_record_v1.0,39,335.522,253.0,0.65659857,0.53488372,512,474
4,geometric_skeleton,qa_rendered_geometric_centerline_record_v1.0,40,338.308,254.0,0.66205007,0.53699789,512,474
4,geometric_skeleton,qa_rendered_geometric_centerline_record_v1.0,41,341.508,254.0,0.66831217,0.53699789,512,474
4,geometric_skeleton,qa_rendered_geometric_centerline_record_v1.0,42,344.293,255.0,0.67376367,0.53911205,512,474
4,geometric_skeleton,qa_rendered_geometric_centerline_record_v1.0,43,347.493,255.0,0.68002577,0.53911205,512,474
4,geometric_skeleton,qa_rendered_geometric_centerline_record_v1.0,44,350.279,256.0,0.68547727,0.54122622,512,474
4,geometric_skeleton,qa_rendered_geometric_centerline_record_v1.0,45,353.065,257.0,0.69092877,0.54334038,512,474
4,geometric_skeleton,qa_rendered_geometric_centerline_record_v1.0,46,356.265,257.0,0.69719087,0.54334038,512,474
4,geometric_skeleton,qa_rendered_geometric_centerline_record_v1.0,47,359.464,257.0,0.70345297,0.54334038,512,474
4,geometric_skeleton,qa_rendered_geometric_centerline_record_v1.0,48,362.664,257.0,0.70971506,0.54334038,512,474
4,geometric_skeleton,qa_rendered_geometric_centerline_record_v1.0,49,365.864,257.0,0.71597716,0.54334038,512,474
4,geometric_skeleton,qa_rendered_geometric_centerline_record_v1.0,50,369.064,257.0,0.72223926,0.54334038,512,474
4,geometric_skeleton,qa_rendered_geometric_centerline_record_v1.0,51,372.264,257.0,0.72850135,0.54334038,512,474
4,geometric_skeleton,qa_rendered_geometric_centerline_record_v1.0,52,375.464,257.0,0.73476345,0.54334038,512,474
4,geometric_skeleton,qa_rendered_geometric_centerline_record_v1.0,53,378.664,257.0,0.74102555,0.54334038,512,474
4,geometric_skeleton,qa_rendered_geometric_centerline_record_v1.0,54,381.864,257.0,0.74728765,0.54334038,512,474
4,geometric_skeleton,qa_rendered_geometric_centerline_record_v1.0,55,385.064,257.0,0.75354974,0.54334038,512,474
4,geometric_skeleton,qa_rendered_geometric_centerline_record_v1.0,56,388.264,257.0,0.75981184,0.54334038,512,474
4,geometric_skeleton,qa_rendered_geometric_centerline_record_v1.0,57,391.464,257.0,0.76607394,0.54334038,512,474
4,geometric_skeleton,qa_rendered_geometric_centerline_record_v1.0,58,394.469,256.531,0.77195561,0.54234817,512,474
4,geometric_skeleton,qa_rendered_geometric_centerline_record_v1.0,59,397.449,256.0,0.77778754,0.54122622,512,474
4,geometric_skeleton,qa_rendered_geometric_centerline_record_v1.0,60,400.459,255.541,0.78367743,0.54025546,512,474
4,geometric_skeleton,qa_rendered_geometric_centerline_record_v1.0,61,403.308,254.692,0.78925176,0.53846163,512,474
4,geometric_skeleton,qa_rendered_geometric_centerline_record_v1.0,62,406.221,254.0,0.79495264,0.53699789,512,474
4,geometric_skeleton,qa_rendered_geometric_centerline_record_v1.0,63,409.298,253.702,0.80097358,0.53636892,512,474
4,geometric_skeleton,qa_rendered_geometric_centerline_record_v1.0,64,412.206,253.0,0.80666624,0.53488372,512,474
4,geometric_skeleton,qa_rendered_geometric_centerline_record_v1.0,65,415.406,253.0,0.81292834,0.53488372,512,474
4,geometric_skeleton,qa_rendered_geometric_centerline_record_v1.0,66,418.606,253.0,0.81919043,0.53488372,512,474
4,geometric_skeleton,qa_rendered_geometric_centerline_record_v1.0,67,421.806,253.0,0.82545253,0.53488372,512,474
4,geometric_skeleton,qa_rendered_geometric_centerline_record_v1.0,68,425.006,253.0,0.83171463,0.53488372,512,474
4,geometric_skeleton,qa_rendered_geometric_centerline_record_v1.0,69,428.206,253.0,0.83797672,0.53488372,512,474
4,geometric_skeleton,qa_rendered_geometric_centerline_record_v1.0,70,431.406,253.0,0.84423882,0.53488372,512,474
4,geometric_skeleton,qa_rendered_geometric_centerline_record_v1.0,71,434.606,253.0,0.85050092,0.53488372,512,474
4,geometric_skeleton,qa_rendered_geometric_centerline_record_v1.0,72,437.806,253.0,0.85676301,0.53488372,512,474
4,geometric_skeleton,qa_rendered_geometric_centerline_record_v1.0,73,441.006,253.0,0.86302511,0.53488372,512,474
4,geometric_skeleton,qa_rendered_geometric_centerline_record_v1.0,74,443.792,254.0,0.86847661,0.53699789,512,474
4,geometric_skeleton,qa_rendered_geometric_centerline_record_v1.0,75,446.991,254.0,0.87473871,0.53699789,512,474
4,geometric_skeleton,qa_rendered_geometric_centerline_record_v1.0,76,449.777,255.0,0.88019021,0.53911205,512,474
4,geometric_skeleton,qa_rendered_geometric_centerline_record_v1.0,77,452.977,255.0,0.88645231,0.53911205,512,474
4,geometric_skeleton,qa_rendered_geometric_centerline_record_v1.0,78,456.177,255.0,0.89271441,0.53911205,512,474
4,geometric_skeleton,qa_rendered_geometric_centerline_record_v1.0,79,459.377,255.0,0.8989765,0.53911205,512,474
4,geometric_skeleton,qa_rendered_geometric_centerline_record_v1.0,80,462.577,255.0,0.9052386,0.53911205,512,474
4,geometric_skeleton,qa_rendered_geometric_centerline_record_v1.0,81,465.777,255.0,0.9115007,0.53911205,512,474
4,geometric_skeleton,qa_rendered_geometric_centerline_record_v1.0,82,468.977,255.0,0.91776279,0.53911205,512,474
4,geometric_skeleton,qa_rendered_geometric_centerline_record_v1.0,83,472.177,255.0,0.92402489,0.53911205,512,474
4,geometric_skeleton,qa_rendered_geometric_centerline_record_v1.0,84,475.377,255.0,0.93028699,0.53911205,512,474
4,geometric_skeleton,qa_rendered_geometric_centerline_record_v1.0,85,478.577,255.0,0.93654909,0.53911205,512,474
4,geometric_skeleton,qa_rendered_geometric_centerline_record_v1.0,86,481.549,254.451,0.9423661,0.53795121,512,474
4,geometric_skeleton,qa_rendered_geometric_centerline_record_v1.0,87,484.398,253.602,0.94794043,0.53615738,512,474
4,geometric_skeleton,qa_rendered_geometric_centerline_record_v1.0,88,486.953,252.047,0.95294157,0.53286862,512,474
4,geometric_skeleton,qa_rendered_geometric_centerline_record_v1.0,89,489.305,250.0,0.9575445,0.52854123,512,474
4,geometric_skeleton,qa_rendered_geometric_centerline_record_v1.0,90,491.771,248.229,0.96237069,0.52479614,512,474
4,geometric_skeleton,qa_rendered_geometric_centerline_record_v1.0,91,494.462,247.0,0.96763691,0.52219873,512,474
4,geometric_skeleton,qa_rendered_geometric_centerline_record_v1.0,92,496.825,245.557,0.97225984,0.51914722,512,474
4,geometric_skeleton,qa_rendered_geometric_centerline_record_v1.0,93,498.412,242.778,0.97536671,0.5132734,512,474
4,geometric_skeleton,qa_rendered_geometric_centerline_record_v1.0,94,500.0,240.0,0.97847358,0.50739958,512,474
5,geometric_skeleton,qa_rendered_geometric_centerline_record_v1.0,0,212.0,252.0,0.4148728,0.53276956,512,474
5,geometric_skeleton,qa_rendered_geometric_centerline_record_v1.0,1,215.145,251.551,0.42102727,0.53181971,512,474
5,geometric_skeleton,qa_rendered_geometric_centerline_record_v1.0,2,218.29,251.101,0.42718175,0.53086987,512,474
5,geometric_skeleton,qa_rendered_geometric_centerline_record_v1.0,3,220.739,252.739,0.43197485,0.53433224,512,474
5,geometric_skeleton,qa_rendered_geometric_centerline_record_v1.0,4,222.986,254.986,0.4363709,0.53908146,512,474
5,geometric_skeleton,qa_rendered_geometric_centerline_record_v1.0,5,226.156,255.0,0.44257613,0.53911205,512,474
5,geometric_skeleton,qa_rendered_geometric_centerline_record_v1.0,6,228.919,256.0,0.4479825,0.54122622,512,474
5,geometric_skeleton,qa_rendered_geometric_centerline_record_v1.0,7,231.682,257.0,0.45338886,0.54334038,512,474
5,geometric_skeleton,qa_rendered_geometric_centerline_record_v1.0,8,234.859,257.0,0.45960582,0.54334038,512,474
5,geometric_skeleton,qa_rendered_geometric_centerline_record_v1.0,9,238.035,257.0,0.46582278,0.54334038,512,474
5,geometric_skeleton,qa_rendered_geometric_centerline_record_v1.0,10,241.212,257.0,0.47203973,0.54334038,512,474
5,geometric_skeleton,qa_rendered_geometric_centerline_record_v1.0,11,243.975,258.0,0.4774461,0.54545455,512,474
5,geometric_skeleton,qa_rendered_geometric_centerline_record_v1.0,12,247.152,258.0,0.48366306,0.54545455,512,474
5,geometric_skeleton,qa_rendered_geometric_centerline_record_v1.0,13,250.329,258.0,0.48988001,0.54545455,512,474
5,geometric_skeleton,qa_rendered_geometric_centerline_record_v1.0,14,253.091,259.0,0.49528638,0.54756871,512,474
5,geometric_skeleton,qa_rendered_geometric_centerline_record_v1.0,15,256.268,259.0,0.50150333,0.54756871,512,474
5,geometric_skeleton,qa_rendered_geometric_centerline_record_v1.0,16,259.445,259.0,0.50772029,0.54756871,512,474
5,geometric_skeleton,qa_rendered_geometric_centerline_record_v1.0,17,262.208,260.0,0.51312666,0.54968288,512,474
5,geometric_skeleton,qa_rendered_geometric_centerline_record_v1.0,18,264.97,261.0,0.51853302,0.55179704,512,474
5,geometric_skeleton,qa_rendered_geometric_centerline_record_v1.0,19,268.147,261.0,0.52474998,0.55179704,512,474
5,geometric_skeleton,qa_rendered_geometric_centerline_record_v1.0,20,271.324,261.0,0.53096693,0.55179704,512,474
5,geometric_skeleton,qa_rendered_geometric_centerline_record_v1.0,21,274.501,261.0,0.53718389,0.55179704,512,474
5,geometric_skeleton,qa_rendered_geometric_centerline_record_v1.0,22,277.678,261.0,0.54340085,0.55179704,512,474
5,geometric_skeleton,qa_rendered_geometric_centerline_record_v1.0,23,280.855,261.0,0.54961781,0.55179704,512,474
5,geometric_skeleton,qa_rendered_geometric_centerline_record_v1.0,24,284.032,261.0,0.55583476,0.55179704,512,474
5,geometric_skeleton,qa_rendered_geometric_centerline_record_v1.0,25,287.208,261.0,0.56205172,0.55179704,512,474
5,geometric_skeleton,qa_rendered_geometric_centerline_record_v1.0,26,290.385,261.0,0.56826868,0.55179704,512,474
5,geometric_skeleton,qa_rendered_geometric_centerline_record_v1.0,27,293.562,261.0,0.57448564,0.55179704,512,474
5,geometric_skeleton,qa_rendered_geometric_centerline_record_v1.0,28,296.739,261.0,0.58070259,0.55179704,512,474
5,geometric_skeleton,qa_rendered_geometric_centerline_record_v1.0,29,299.916,261.0,0.58691955,0.55179704,512,474
5,geometric_skeleton,qa_rendered_geometric_centerline_record_v1.0,30,303.093,261.0,0.59313651,0.55179704,512,474
5,geometric_skeleton,qa_rendered_geometric_centerline_record_v1.0,31,306.27,261.0,0.59935347,0.55179704,512,474
5,geometric_skeleton,qa_rendered_geometric_centerline_record_v1.0,32,309.446,261.0,0.60557043,0.55179704,512,474
5,geometric_skeleton,qa_rendered_geometric_centerline_record_v1.0,33,312.209,262.0,0.61097679,0.55391121,512,474
5,geometric_skeleton,qa_rendered_geometric_centerline_record_v1.0,34,315.386,262.0,0.61719375,0.55391121,512,474
5,geometric_skeleton,qa_rendered_geometric_centerline_record_v1.0,35,318.149,263.0,0.62260011,0.55602537,512,474
5,geometric_skeleton,qa_rendered_geometric_centerline_record_v1.0,36,320.937,263.937,0.62805731,0.55800695,512,474
5,geometric_skeleton,qa_rendered_geometric_centerline_record_v1.0,37,323.769,264.769,0.63359972,0.55976629,512,474
5,geometric_skeleton,qa_rendered_geometric_centerline_record_v1.0,38,326.851,265.0,0.63962979,0.5602537,512,474
5,geometric_skeleton,qa_rendered_geometric_centerline_record_v1.0,39,329.727,265.727,0.6452577,0.56179004,512,474
5,geometric_skeleton,qa_rendered_geometric_centerline_record_v1.0,40,332.79,266.0,0.65125312,0.56236786,512,474
5,geometric_skeleton,qa_rendered_geometric_centerline_record_v1.0,41,335.684,266.684,0.65691569,0.56381378,512,474
5,geometric_skeleton,qa_rendered_geometric_centerline_record_v1.0,42,338.516,267.516,0.6624581,0.56557313,512,474
5,geometric_skeleton,qa_rendered_geometric_centerline_record_v1.0,43,341.493,268.0,0.6682828,0.56659619,512,474
5,geometric_skeleton,qa_rendered_geometric_centerline_record_v1.0,44,344.473,268.473,0.67411609,0.56759687,512,474
5,geometric_skeleton,qa_rendered_geometric_centerline_record_v1.0,45,347.305,269.305,0.67965849,0.56935622,512,474
5,geometric_skeleton,qa_rendered_geometric_centerline_record_v1.0,46,350.138,270.138,0.6852009,0.57111556,512,474
5,geometric_skeleton,qa_rendered_geometric_centerline_record_v1.0,47,352.957,271.0,0.69071885,0.57293869,512,474
5,geometric_skeleton,qa_rendered_geometric_centerline_record_v1.0,48,356.095,271.095,0.69685889,0.57313931,512,474
5,geometric_skeleton,qa_rendered_geometric_centerline_record_v1.0,49,358.897,272.0,0.70234217,0.57505285,512,474
5,geometric_skeleton,qa_rendered_geometric_centerline_record_v1.0,50,361.66,273.0,0.70774853,0.57716702,512,474
5,geometric_skeleton,qa_rendered_geometric_centerline_record_v1.0,51,364.422,274.0,0.7131549,0.57928118,512,474
5,geometric_skeleton,qa_rendered_geometric_centerline_record_v1.0,52,367.599,274.0,0.71937185,0.57928118,512,474
5,geometric_skeleton,qa_rendered_geometric_centerline_record_v1.0,53,370.362,275.0,0.72477822,0.58139535,512,474
5,geometric_skeleton,qa_rendered_geometric_centerline_record_v1.0,54,373.539,275.0,0.73099518,0.58139535,512,474
5,geometric_skeleton,qa_rendered_geometric_centerline_record_v1.0,55,376.715,275.0,0.73721213,0.58139535,512,474
5,geometric_skeleton,qa_rendered_geometric_centerline_record_v1.0,56,379.892,275.0,0.74342909,0.58139535,512,474
5,geometric_skeleton,qa_rendered_geometric_centerline_record_v1.0,57,382.756,275.756,0.74903325,0.58299364,512,474
5,geometric_skeleton,qa_rendered_geometric_centerline_record_v1.0,58,385.418,277.0,0.75424182,0.58562368,512,474
5,geometric_skeleton,qa_rendered_geometric_centerline_record_v1.0,59,388.18,278.0,0.75964818,0.58773784,512,474
5,geometric_skeleton,qa_rendered_geometric_centerline_record_v1.0,60,391.357,278.0,0.76586514,0.58773784,512,474
5,geometric_skeleton,qa_rendered_geometric_centerline_record_v1.0,61,394.534,278.0,0.7720821,0.58773784,512,474
5,geometric_skeleton,qa_rendered_geometric_centerline_record_v1.0,62,397.711,278.0,0.77829905,0.58773784,512,474
5,geometric_skeleton,qa_rendered_geometric_centerline_record_v1.0,63,400.888,278.0,0.78451601,0.58773784,512,474
5,geometric_skeleton,qa_rendered_geometric_centerline_record_v1.0,64,404.065,278.0,0.79073297,0.58773784,512,474
5,geometric_skeleton,qa_rendered_geometric_centerline_record_v1.0,65,407.171,278.171,0.79681155,0.58809874,512,474
5,geometric_skeleton,qa_rendered_geometric_centerline_record_v1.0,66,410.004,279.0,0.80235629,0.58985201,512,474
5,geometric_skeleton,qa_rendered_geometric_centerline_record_v1.0,67,413.181,279.0,0.80857325,0.58985201,512,474
5,geometric_skeleton,qa_rendered_geometric_centerline_record_v1.0,68,416.358,279.0,0.81479021,0.58985201,512,474
5,geometric_skeleton,qa_rendered_geometric_centerline_record_v1.0,69,419.535,279.0,0.82100716,0.58985201,512,474
5,geometric_skeleton,qa_rendered_geometric_centerline_record_v1.0,70,422.712,279.0,0.82722412,0.58985201,512,474
5,geometric_skeleton,qa_rendered_geometric_centerline_record_v1.0,71,425.888,279.0,0.83344108,0.58985201,512,474
5,geometric_skeleton,qa_rendered_geometric_centerline_record_v1.0,72,428.753,279.753,0.83904746,0.5914445,512,474
5,geometric_skeleton,qa_rendered_geometric_centerline_record_v1.0,73,431.585,280.585,0.84458986,0.59320385,512,474
5,geometric_skeleton,qa_rendered_geometric_centerline_record_v1.0,74,434.418,281.418,0.85013227,0.59496319,512,474
5,geometric_skeleton,qa_rendered_geometric_centerline_record_v1.0,75,437.353,282.0,0.85587713,0.5961945,512,474
5,geometric_skeleton,qa_rendered_geometric_centerline_record_v1.0,76,440.53,282.0,0.86209408,0.5961945,512,474
5,geometric_skeleton,qa_rendered_geometric_centerline_record_v1.0,77,443.5,282.5,0.86790584,0.59725134,512,474
5,geometric_skeleton,qa_rendered_geometric_centerline_record_v1.0,78,446.332,283.332,0.87344825,0.59901068,512,474
5,geometric_skeleton,qa_rendered_geometric_centerline_record_v1.0,79,449.164,284.164,0.87899065,0.60077003,512,474
5,geometric_skeleton,qa_rendered_geometric_centerline_record_v1.0,80,451.995,285.0,0.88453013,0.602537,512,474
5,geometric_skeleton,qa_rendered_geometric_centerline_record_v1.0,81,454.758,286.0,0.8899365,0.60465116,512,474
5,geometric_skeleton,qa_rendered_geometric_centerline_record_v1.0,82,457.52,287.0,0.89534286,0.60676533,512,474
5,geometric_skeleton,qa_rendered_geometric_centerline_record_v1.0,83,460.283,288.0,0.90074922,0.60887949,512,474
5,geometric_skeleton,qa_rendered_geometric_centerline_record_v1.0,84,463.046,289.0,0.90615559,0.61099366,512,474
5,geometric_skeleton,qa_rendered_geometric_centerline_record_v1.0,85,465.808,290.0,0.91156195,0.61310782,512,474
5,geometric_skeleton,qa_rendered_geometric_centerline_record_v1.0,86,468.985,290.0,0.91777891,0.61310782,512,474
5,geometric_skeleton,qa_rendered_geometric_centerline_record_v1.0,87,471.748,291.0,0.92318527,0.61522199,512,474
5,geometric_skeleton,qa_rendered_geometric_centerline_record_v1.0,88,474.51,292.0,0.92859163,0.61733615,512,474
5,geometric_skeleton,qa_rendered_geometric_centerline_record_v1.0,89,477.687,292.0,0.93480859,0.61733615,512,474
5,geometric_skeleton,qa_rendered_geometric_centerline_record_v1.0,90,480.45,293.0,0.94021496,0.61945032,512,474
5,geometric_skeleton,qa_rendered_geometric_centerline_record_v1.0,91,483.627,293.0,0.94643191,0.61945032,512,474
5,geometric_skeleton,qa_rendered_geometric_centerline_record_v1.0,92,485.982,294.982,0.95104193,0.62364149,512,474
5,geometric_skeleton,qa_rendered_geometric_centerline_record_v1.0,93,488.229,297.229,0.95543798,0.62839072,512,474
5,geometric_skeleton,qa_rendered_geometric_centerline_record_v1.0,94,490.475,299.475,0.95983403,0.63313994,512,474
5,geometric_skeleton,qa_rendered_geometric_centerline_record_v1.0,95,492.722,301.722,0.96423009,0.63788916,512,474
5,geometric_skeleton,qa_rendered_geometric_centerline_record_v1.0,96,494.968,303.968,0.96862614,0.64263839,512,474
5,geometric_skeleton,qa_rendered_geometric_centerline_record_v1.0,97,497.101,305.71,0.97280127,0.64632162,512,474
5,geometric_skeleton,qa_rendered_geometric_centerline_record_v1.0,98,497.551,308.855,0.97368048,0.65297054,512,474
5,geometric_skeleton,qa_rendered_geometric_centerline_record_v1.0,99,498.0,312.0,0.97455969,0.65961945,512,474
6,geometric_skeleton,qa_rendered_geometric_centerline_record_v1.0,0,188.0,272.0,0.36790607,0.57505285,512,474
6,geometric_skeleton,qa_rendered_geometric_centerline_record_v1.0,1,190.309,269.691,0.37242497,0.57017092,512,474
6,geometric_skeleton,qa_rendered_geometric_centerline_record_v1.0,2,192.618,267.382,0.37694386,0.56528898,512,474
6,geometric_skeleton,qa_rendered_geometric_centerline_record_v1.0,3,195.312,266.0,0.38221457,0.56236786,512,474
6,geometric_skeleton,qa_rendered_geometric_centerline_record_v1.0,4,198.577,266.0,0.38860525,0.56236786,512,474
6,geometric_skeleton,qa_rendered_geometric_centerline_record_v1.0,5,201.303,267.303,0.39393962,0.56512293,512,474
6,geometric_skeleton,qa_rendered_geometric_centerline_record_v1.0,6,204.28,268.0,0.39976544,0.56659619,512,474
6,geometric_skeleton,qa_rendered_geometric_centerline_record_v1.0,7,207.546,268.0,0.40615613,0.56659619,512,474
6,geometric_skeleton,qa_rendered_geometric_centerline_record_v1.0,8,210.397,269.0,0.41173622,0.56871036,512,474
6,geometric_skeleton,qa_rendered_geometric_centerline_record_v1.0,9,213.663,269.0,0.41812691,0.56871036,512,474
6,geometric_skeleton,qa_rendered_geometric_centerline_record_v1.0,10,216.657,269.657,0.42398541,0.5700984,512,474
6,geometric_skeleton,qa_rendered_geometric_centerline_record_v1.0,11,219.78,270.0,0.43009769,0.57082452,512,474
6,geometric_skeleton,qa_rendered_geometric_centerline_record_v1.0,12,223.046,270.0,0.43648838,0.57082452,512,474
6,geometric_skeleton,qa_rendered_geometric_centerline_record_v1.0,13,226.311,270.0,0.44287906,0.57082452,512,474
6,geometric_skeleton,qa_rendered_geometric_centerline_record_v1.0,14,229.577,270.0,0.44926975,0.57082452,512,474
6,geometric_skeleton,qa_rendered_geometric_centerline_record_v1.0,15,232.428,269.0,0.45484985,0.56871036,512,474
6,geometric_skeleton,qa_rendered_geometric_centerline_record_v1.0,16,235.694,269.0,0.46124053,0.56871036,512,474
6,geometric_skeleton,qa_rendered_geometric_centerline_record_v1.0,17,238.545,268.0,0.46682063,0.56659619,512,474
6,geometric_skeleton,qa_rendered_geometric_centerline_record_v1.0,18,241.811,268.0,0.47321131,0.56659619,512,474
6,geometric_skeleton,qa_rendered_geometric_centerline_record_v1.0,19,244.662,267.0,0.47879141,0.56448203,512,474
6,geometric_skeleton,qa_rendered_geometric_centerline_record_v1.0,20,247.514,266.0,0.4843715,0.56236786,512,474
6,geometric_skeleton,qa_rendered_geometric_centerline_record_v1.0,21,250.365,265.0,0.4899516,0.5602537,512,474
6,geometric_skeleton,qa_rendered_geometric_centerline_record_v1.0,22,253.631,265.0,0.49634228,0.5602537,512,474
6,geometric_skeleton,qa_rendered_geometric_centerline_record_v1.0,23,256.482,264.0,0.50192238,0.55813953,512,474
6,geometric_skeleton,qa_rendered_geometric_centerline_record_v1.0,24,259.334,263.0,0.50750247,0.55602537,512,474
6,geometric_skeleton,qa_rendered_geometric_centerline_record_v1.0,25,262.599,263.0,0.51389316,0.55602537,512,474
6,geometric_skeleton,qa_rendered_geometric_centerline_record_v1.0,26,265.451,262.0,0.51947325,0.55391121,512,474
6,geometric_skeleton,qa_rendered_geometric_centerline_record_v1.0,27,268.716,262.0,0.52586394,0.55391121,512,474
6,geometric_skeleton,qa_rendered_geometric_centerline_record_v1.0,28,271.982,262.0,0.53225463,0.55391121,512,474
6,geometric_skeleton,qa_rendered_geometric_centerline_record_v1.0,29,274.834,261.0,0.53783472,0.55179704,512,474
6,geometric_skeleton,qa_rendered_geometric_centerline_record_v1.0,30,278.099,261.0,0.54422541,0.55179704,512,474
6,geometric_skeleton,qa_rendered_geometric_centerline_record_v1.0,31,281.365,261.0,0.5506161,0.55179704,512,474
6,geometric_skeleton,qa_rendered_geometric_centerline_record_v1.0,32,284.216,260.0,0.55619619,0.54968288,512,474
6,geometric_skeleton,qa_rendered_geometric_centerline_record_v1.0,33,287.482,260.0,0.56258688,0.54968288,512,474
6,geometric_skeleton,qa_rendered_geometric_centerline_record_v1.0,34,290.333,259.0,0.56816697,0.54756871,512,474
6,geometric_skeleton,qa_rendered_geometric_centerline_record_v1.0,35,293.599,259.0,0.57455766,0.54756871,512,474
6,geometric_skeleton,qa_rendered_geometric_centerline_record_v1.0,36,296.865,259.0,0.58094835,0.54756871,512,474
6,geometric_skeleton,qa_rendered_geometric_centerline_record_v1.0,37,300.13,259.0,0.58733903,0.54756871,512,474
6,geometric_skeleton,qa_rendered_geometric_centerline_record_v1.0,38,303.396,259.0,0.59372972,0.54756871,512,474
6,geometric_skeleton,qa_rendered_geometric_centerline_record_v1.0,39,306.468,258.532,0.59974124,0.54657976,512,474
6,geometric_skeleton,qa_rendered_geometric_centerline_record_v1.0,40,309.513,258.0,0.6057005,0.54545455,512,474
6,geometric_skeleton,qa_rendered_geometric_centerline_record_v1.0,41,312.551,257.449,0.61164492,0.54429059,512,474
6,geometric_skeleton,qa_rendered_geometric_centerline_record_v1.0,42,314.86,255.14,0.61616381,0.53940865,512,474
6,geometric_skeleton,qa_rendered_geometric_centerline_record_v1.0,43,318.067,255.0,0.62244078,0.53911205,512,474
6,geometric_skeleton,qa_rendered_geometric_centerline_record_v1.0,44,321.235,254.765,0.62864067,0.53861441,512,474
6,geometric_skeleton,qa_rendered_geometric_centerline_record_v1.0,45,324.13,253.87,0.63430592,0.53672236,512,474
6,geometric_skeleton,qa_rendered_geometric_centerline_record_v1.0,46,327.025,252.975,0.63997117,0.5348303,512,474
6,geometric_skeleton,qa_rendered_geometric_centerline_record_v1.0,47,329.887,252.0,0.64557175,0.53276956,512,474
6,geometric_skeleton,qa_rendered_geometric_centerline_record_v1.0,48,333.108,251.892,0.65187485,0.53254112,512,474
6,geometric_skeleton,qa_rendered_geometric_centerline_record_v1.0,49,336.003,250.997,0.6575401,0.53064906,512,474
6,geometric_skeleton,qa_rendered_geometric_centerline_record_v1.0,50,338.856,250.0,0.66312263,0.52854123,512,474
6,geometric_skeleton,qa_rendered_geometric_centerline_record_v1.0,51,341.707,249.0,0.66870272,0.52642706,512,474
6,geometric_skeleton,qa_rendered_geometric_centerline_record_v1.0,52,344.973,249.0,0.67509341,0.52642706,512,474
6,geometric_skeleton,qa_rendered_geometric_centerline_record_v1.0,53,347.824,248.0,0.6806735,0.5243129,512,474
6,geometric_skeleton,qa_rendered_geometric_centerline_record_v1.0,54,351.09,248.0,0.68706419,0.5243129,512,474
6,geometric_skeleton,qa_rendered_geometric_centerline_record_v1.0,55,354.355,248.0,0.69345488,0.5243129,512,474
6,geometric_skeleton,qa_rendered_geometric_centerline_record_v1.0,56,357.621,248.0,0.69984556,0.5243129,512,474
6,geometric_skeleton,qa_rendered_geometric_centerline_record_v1.0,57,360.887,248.0,0.70623625,0.5243129,512,474
6,geometric_skeleton,qa_rendered_geometric_centerline_record_v1.0,58,364.152,248.0,0.71262694,0.5243129,512,474
6,geometric_skeleton,qa_rendered_geometric_centerline_record_v1.0,59,367.004,247.0,0.71820703,0.52219873,512,474
6,geometric_skeleton,qa_rendered_geometric_centerline_record_v1.0,60,370.269,247.0,0.72459772,0.52219873,512,474
6,geometric_skeleton,qa_rendered_geometric_centerline_record_v1.0,61,373.535,247.0,0.73098841,0.52219873,512,474
6,geometric_skeleton,qa_rendered_geometric_centerline_record_v1.0,62,376.387,246.0,0.7365685,0.52008457,512,474
6,geometric_skeleton,qa_rendered_geometric_centerline_record_v1.0,63,379.652,246.0,0.74295919,0.52008457,512,474
6,geometric_skeleton,qa_rendered_geometric_centerline_record_v1.0,64,382.918,246.0,0.74934988,0.52008457,512,474
6,geometric_skeleton,qa_rendered_geometric_centerline_record_v1.0,65,385.769,245.0,0.75492997,0.5179704,512,474
6,geometric_skeleton,qa_rendered_geometric_centerline_record_v1.0,66,389.035,245.0,0.76132066,0.5179704,512,474
6,geometric_skeleton,qa_rendered_geometric_centerline_record_v1.0,67,391.886,244.0,0.76690075,0.51585624,512,474
6,geometric_skeleton,qa_rendered_geometric_centerline_record_v1.0,68,394.738,243.0,0.77248084,0.51374207,512,474
6,geometric_skeleton,qa_rendered_geometric_centerline_record_v1.0,69,398.003,243.0,0.77887153,0.51374207,512,474
6,geometric_skeleton,qa_rendered_geometric_centerline_record_v1.0,70,400.855,242.0,0.78445162,0.51162791,512,474
6,geometric_skeleton,qa_rendered_geometric_centerline_record_v1.0,71,403.706,241.0,0.79003172,0.50951374,512,474
6,geometric_skeleton,qa_rendered_geometric_centerline_record_v1.0,72,406.558,240.0,0.79561181,0.50739958,512,474
6,geometric_skeleton,qa_rendered_geometric_centerline_record_v1.0,73,409.409,239.0,0.80119191,0.50528541,512,474
6,geometric_skeleton,qa_rendered_geometric_centerline_record_v1.0,74,412.675,239.0,0.80758259,0.50528541,512,474
6,geometric_skeleton,qa_rendered_geometric_centerline_record_v1.0,75,415.94,239.0,0.81397328,0.50528541,512,474
6,geometric_skeleton,qa_rendered_geometric_centerline_record_v1.0,76,419.206,239.0,0.82036397,0.50528541,512,474
6,geometric_skeleton,qa_rendered_geometric_centerline_record_v1.0,77,422.057,238.0,0.82594406,0.50317125,512,474
6,geometric_skeleton,qa_rendered_geometric_centerline_record_v1.0,78,425.323,238.0,0.83233475,0.50317125,512,474
6,geometric_skeleton,qa_rendered_geometric_centerline_record_v1.0,79,428.174,237.0,0.83791484,0.50105708,512,474
6,geometric_skeleton,qa_rendered_geometric_centerline_record_v1.0,80,431.44,237.0,0.84430553,0.50105708,512,474
6,geometric_skeleton,qa_rendered_geometric_centerline_record_v1.0,81,434.206,235.794,0.84971851,0.49850706,512,474
6,geometric_skeleton,qa_rendered_geometric_centerline_record_v1.0,82,437.143,235.0,0.85546572,0.49682875,512,474
6,geometric_skeleton,qa_rendered_geometric_centerline_record_v1.0,83,440.409,235.0,0.86185641,0.49682875,512,474
6,geometric_skeleton,qa_rendered_geometric_centerline_record_v1.0,84,443.674,235.0,0.86824709,0.49682875,512,474
6,geometric_skeleton,qa_rendered_geometric_centerline_record_v1.0,85,446.94,235.0,0.87463778,0.49682875,512,474
6,geometric_skeleton,qa_rendered_geometric_centerline_record_v1.0,86,450.206,235.0,0.88102847,0.49682875,512,474
6,geometric_skeleton,qa_rendered_geometric_centerline_record_v1.0,87,453.471,235.0,0.88741916,0.49682875,512,474
6,geometric_skeleton,qa_rendered_geometric_centerline_record_v1.0,88,456.737,235.0,0.89380984,0.49682875,512,474
6,geometric_skeleton,qa_rendered_geometric_centerline_record_v1.0,89,460.002,235.0,0.90020053,0.49682875,512,474
6,geometric_skeleton,qa_rendered_geometric_centerline_record_v1.0,90,462.897,234.103,0.90586437,0.494933,512,474
6,geometric_skeleton,qa_rendered_geometric_centerline_record_v1.0,91,466.12,234.0,0.91217131,0.49471459,512,474
6,geometric_skeleton,qa_rendered_geometric_centerline_record_v1.0,92,469.385,234.0,0.918562,0.49471459,512,474
6,geometric_skeleton,qa_rendered_geometric_centerline_record_v1.0,93,472.651,234.0,0.92495269,0.49471459,512,474
6,geometric_skeleton,qa_rendered_geometric_centerline_record_v1.0,94,475.502,233.0,0.93053278,0.49260042,512,474
6,geometric_skeleton,qa_rendered_geometric_centerline_record_v1.0,95,478.768,233.0,0.93692347,0.49260042,512,474
6,geometric_skeleton,qa_rendered_geometric_centerline_record_v1.0,96,481.619,232.0,0.94250356,0.49048626,512,474
6,geometric_skeleton,qa_rendered_geometric_centerline_record_v1.0,97,484.333,230.667,0.94781383,0.48766835,512,474
6,geometric_skeleton,qa_rendered_geometric_centerline_record_v1.0,98,486.935,229.065,0.95290591,0.48428135,512,474
6,geometric_skeleton,qa_rendered_geometric_centerline_record_v1.0,99,489.244,226.756,0.95742481,0.47939942,512,474
6,geometric_skeleton,qa_rendered_geometric_centerline_record_v1.0,100,491.553,224.447,0.96194371,0.47451748,512,474
6,geometric_skeleton,qa_rendered_geometric_centerline_record_v1.0,101,493.862,222.138,0.9664626,0.46963554,512,474
6,geometric_skeleton,qa_rendered_geometric_centerline_record_v1.0,102,496.172,219.828,0.9709815,0.4647536,512,474
6,geometric_skeleton,qa_rendered_geometric_centerline_record_v1.0,103,498.377,217.434,0.97529764,0.45969208,512,474
6,geometric_skeleton,qa_rendered_geometric_centerline_record_v1.0,104,500.189,214.717,0.97884256,0.45394752,512,474
6,geometric_skeleton,qa_rendered_geometric_centerline_record_v1.0,105,502.0,212.0,0.98238748,0.44820296,512,474
13,geometric_skeleton,qa_rendered_geometric_centerline_record_v1.0,0,226.0,340.0,0.44227006,0.71881607,512,474
13,geometric_skeleton,qa_rendered_geometric_centerline_record_v1.0,1,228.986,339.573,0.44811408,0.71791414,512,474
13,geometric_skeleton,qa_rendered_geometric_centerline_record_v1.0,2,231.973,339.147,0.45395811,0.7170122,512,474
13,geometric_skeleton,qa_rendered_geometric_centerline_record_v1.0,3,234.399,337.601,0.45870686,0.71374375,512,474
13,geometric_skeleton,qa_rendered_geometric_centerline_record_v1.0,4,237.167,337.0,0.46412322,0.71247357,512,474
13,geometric_skeleton,qa_rendered_geometric_centerline_record_v1.0,5,240.184,337.0,0.47002658,0.71247357,512,474
13,geometric_skeleton,qa_rendered_geometric_centerline_record_v1.0,6,243.2,337.0,0.47592993,0.71247357,512,474
13,geometric_skeleton,qa_rendered_geometric_centerline_record_v1.0,7,246.217,337.0,0.48183329,0.71247357,512,474
13,geometric_skeleton,qa_rendered_geometric_centerline_record_v1.0,8,249.233,337.0,0.48773665,0.71247357,512,474
13,geometric_skeleton,qa_rendered_geometric_centerline_record_v1.0,9,252.25,337.0,0.49364,0.71247357,512,474
13,geometric_skeleton,qa_rendered_geometric_centerline_record_v1.0,10,255.267,337.0,0.49954336,0.71247357,512,474
13,geometric_skeleton,qa_rendered_geometric_centerline_record_v1.0,11,258.283,337.0,0.50544672,0.71247357,512,474
13,geometric_skeleton,qa_rendered_geometric_centerline_record_v1.0,12,261.3,337.0,0.51135007,0.71247357,512,474
13,geometric_skeleton,qa_rendered_geometric_centerline_record_v1.0,13,264.317,337.0,0.51725343,0.71247357,512,474
13,geometric_skeleton,qa_rendered_geometric_centerline_record_v1.0,14,267.333,337.0,0.52315679,0.71247357,512,474
13,geometric_skeleton,qa_rendered_geometric_centerline_record_v1.0,15,270.35,337.0,0.52906014,0.71247357,512,474
13,geometric_skeleton,qa_rendered_geometric_centerline_record_v1.0,16,273.366,337.0,0.5349635,0.71247357,512,474
13,geometric_skeleton,qa_rendered_geometric_centerline_record_v1.0,17,276.383,337.0,0.54086686,0.71247357,512,474
13,geometric_skeleton,qa_rendered_geometric_centerline_record_v1.0,18,279.4,337.0,0.54677021,0.71247357,512,474
13,geometric_skeleton,qa_rendered_geometric_centerline_record_v1.0,19,282.416,337.0,0.55267357,0.71247357,512,474
13,geometric_skeleton,qa_rendered_geometric_centerline_record_v1.0,20,285.019,338.0,0.55776633,0.71458774,512,474
13,geometric_skeleton,qa_rendered_geometric_centerline_record_v1.0,21,288.035,338.0,0.56366969,0.71458774,512,474
13,geometric_skeleton,qa_rendered_geometric_centerline_record_v1.0,22,291.052,338.0,0.56957305,0.71458774,512,474
13,geometric_skeleton,qa_rendered_geometric_centerline_record_v1.0,23,294.068,338.0,0.5754764,0.71458774,512,474
13,geometric_skeleton,qa_rendered_geometric_centerline_record_v1.0,24,297.085,338.0,0.58137976,0.71458774,512,474
13,geometric_skeleton,qa_rendered_geometric_centerline_record_v1.0,25,300.102,338.0,0.58728312,0.71458774,512,474
13,geometric_skeleton,qa_rendered_geometric_centerline_record_v1.0,26,303.118,338.0,0.59318647,0.71458774,512,474
13,geometric_skeleton,qa_rendered_geometric_centerline_record_v1.0,27,306.135,338.0,0.59908983,0.71458774,512,474
13,geometric_skeleton,qa_rendered_geometric_centerline_record_v1.0,28,309.152,338.0,0.60499319,0.71458774,512,474
13,geometric_skeleton,qa_rendered_geometric_centerline_record_v1.0,29,311.826,337.174,0.610227,0.71284145,512,474
13,geometric_skeleton,qa_rendered_geometric_centerline_record_v1.0,30,314.771,337.0,0.61598931,0.71247357,512,474
13,geometric_skeleton,qa_rendered_geometric_centerline_record_v1.0,31,317.557,336.443,0.62144149,0.71129683,512,474
13,geometric_skeleton,qa_rendered_geometric_centerline_record_v1.0,32,320.39,336.0,0.62698543,0.71035941,512,474
13,geometric_skeleton,qa_rendered_geometric_centerline_record_v1.0,33,323.406,336.0,0.63288878,0.71035941,512,474
13,geometric_skeleton,qa_rendered_geometric_centerline_record_v1.0,34,326.423,336.0,0.63879214,0.71035941,512,474
13,geometric_skeleton,qa_rendered_geometric_centerline_record_v1.0,35,329.439,336.0,0.6446955,0.71035941,512,474
13,geometric_skeleton,qa_rendered_geometric_centerline_record_v1.0,36,332.456,336.0,0.65059885,0.71035941,512,474
13,geometric_skeleton,qa_rendered_geometric_centerline_record_v1.0,37,335.473,336.0,0.65650221,0.71035941,512,474
13,geometric_skeleton,qa_rendered_geometric_centerline_record_v1.0,38,338.489,336.0,0.66240557,0.71035941,512,474
13,geometric_skeleton,qa_rendered_geometric_centerline_record_v1.0,39,341.506,336.0,0.66830892,0.71035941,512,474
13,geometric_skeleton,qa_rendered_geometric_centerline_record_v1.0,40,344.522,336.0,0.67421228,0.71035941,512,474
13,geometric_skeleton,qa_rendered_geometric_centerline_record_v1.0,41,347.539,336.0,0.68011564,0.71035941,512,474
13,geometric_skeleton,qa_rendered_geometric_centerline_record_v1.0,42,350.393,336.393,0.68570048,0.71119015,512,474
13,geometric_skeleton,qa_rendered_geometric_centerline_record_v1.0,43,353.158,337.0,0.69111176,0.71247357,512,474
13,geometric_skeleton,qa_rendered_geometric_centerline_record_v1.0,44,356.175,337.0,0.69701511,0.71247357,512,474
13,geometric_skeleton,qa_rendered_geometric_centerline_record_v1.0,45,359.135,337.135,0.7028088,0.71275961,512,474
13,geometric_skeleton,qa_rendered_geometric_centerline_record_v1.0,46,361.794,338.0,0.70801123,0.71458774,512,474
13,geometric_skeleton,qa_rendered_geometric_centerline_record_v1.0,47,364.396,339.0,0.71310399,0.7167019,512,474
13,geometric_skeleton,qa_rendered_geometric_centerline_record_v1.0,48,367.413,339.0,0.71900735,0.7167019,512,474
13,geometric_skeleton,qa_rendered_geometric_centerline_record_v1.0,49,370.015,340.0,0.72410011,0.71881607,512,474
13,geometric_skeleton,qa_rendered_geometric_centerline_record_v1.0,50,373.032,340.0,0.73000347,0.71881607,512,474
13,geometric_skeleton,qa_rendered_geometric_centerline_record_v1.0,51,376.048,340.0,0.73590683,0.71881607,512,474
13,geometric_skeleton,qa_rendered_geometric_centerline_record_v1.0,52,379.065,340.0,0.74181018,0.71881607,512,474
13,geometric_skeleton,qa_rendered_geometric_centerline_record_v1.0,53,382.082,340.0,0.74771354,0.71881607,512,474
13,geometric_skeleton,qa_rendered_geometric_centerline_record_v1.0,54,385.098,340.0,0.7536169,0.71881607,512,474
13,geometric_skeleton,qa_rendered_geometric_centerline_record_v1.0,55,388.115,340.0,0.75952025,0.71881607,512,474
13,geometric_skeleton,qa_rendered_geometric_centerline_record_v1.0,56,391.131,340.0,0.76542361,0.71881607,512,474
13,geometric_skeleton,qa_rendered_geometric_centerline_record_v1.0,57,394.148,340.0,0.77132697,0.71881607,512,474
13,geometric_skeleton,qa_rendered_geometric_centerline_record_v1.0,58,397.165,340.0,0.77723032,0.71881607,512,474
13,geometric_skeleton,qa_rendered_geometric_centerline_record_v1.0,59,400.181,340.0,0.78313368,0.71881607,512,474
13,geometric_skeleton,qa_rendered_geometric_centerline_record_v1.0,60,403.198,340.0,0.78903704,0.71881607,512,474
13,geometric_skeleton,qa_rendered_geometric_centerline_record_v1.0,61,406.215,340.0,0.79494039,0.71881607,512,474
13,geometric_skeleton,qa_rendered_geometric_centerline_record_v1.0,62,409.231,340.0,0.80084375,0.71881607,512,474
13,geometric_skeleton,qa_rendered_geometric_centerline_record_v1.0,63,412.248,340.0,0.80674711,0.71881607,512,474
13,geometric_skeleton,qa_rendered_geometric_centerline_record_v1.0,64,415.264,340.0,0.81265046,0.71881607,512,474
13,geometric_skeleton,qa_rendered_geometric_centerline_record_v1.0,65,418.281,340.0,0.81855382,0.71881607,512,474
13,geometric_skeleton,qa_rendered_geometric_centerline_record_v1.0,66,421.298,340.0,0.82445718,0.71881607,512,474
13,geometric_skeleton,qa_rendered_geometric_centerline_record_v1.0,67,424.314,340.0,0.83036053,0.71881607,512,474
13,geometric_skeleton,qa_rendered_geometric_centerline_record_v1.0,68,427.331,340.0,0.83626389,0.71881607,512,474
13,geometric_skeleton,qa_rendered_geometric_centerline_record_v1.0,69,430.347,340.0,0.84216725,0.71881607,512,474
13,geometric_skeleton,qa_rendered_geometric_centerline_record_v1.0,70,433.364,340.0,0.8480706,0.71881607,512,474
13,geometric_skeleton,qa_rendered_geometric_centerline_record_v1.0,71,436.381,340.0,0.85397396,0.71881607,512,474
13,geometric_skeleton,qa_rendered_geometric_centerline_record_v1.0,72,439.397,340.0,0.85987732,0.71881607,512,474
13,geometric_skeleton,qa_rendered_geometric_centerline_record_v1.0,73,442.414,340.0,0.86578067,0.71881607,512,474
13,geometric_skeleton,qa_rendered_geometric_centerline_record_v1.0,74,445.016,341.0,0.87087344,0.72093023,512,474
13,geometric_skeleton,qa_rendered_geometric_centerline_record_v1.0,75,448.033,341.0,0.87677679,0.72093023,512,474
13,geometric_skeleton,qa_rendered_geometric_centerline_record_v1.0,76,451.05,341.0,0.88268015,0.72093023,512,474
13,geometric_skeleton,qa_rendered_geometric_centerline_record_v1.0,77,454.066,341.0,0.88858351,0.72093023,512,474
13,geometric_skeleton,qa_rendered_geometric_centerline_record_v1.0,78,457.083,341.0,0.89448686,0.72093023,512,474
13,geometric_skeleton,qa_rendered_geometric_centerline_record_v1.0,79,460.099,341.0,0.90039022,0.72093023,512,474
13,geometric_skeleton,qa_rendered_geometric_centerline_record_v1.0,80,463.116,341.0,0.90629358,0.72093023,512,474
13,geometric_skeleton,qa_rendered_geometric_centerline_record_v1.0,81,466.133,341.0,0.91219693,0.72093023,512,474
13,geometric_skeleton,qa_rendered_geometric_centerline_record_v1.0,82,469.149,341.0,0.91810029,0.72093023,512,474
13,geometric_skeleton,qa_rendered_geometric_centerline_record_v1.0,83,472.166,341.0,0.92400365,0.72093023,512,474
13,geometric_skeleton,qa_rendered_geometric_centerline_record_v1.0,84,475.182,341.0,0.929907,0.72093023,512,474
13,geometric_skeleton,qa_rendered_geometric_centerline_record_v1.0,85,477.785,342.0,0.93499977,0.7230444,512,474
13,geometric_skeleton,qa_rendered_geometric_centerline_record_v1.0,86,479.981,343.981,0.93929737,0.72723247,512,474
13,geometric_skeleton,qa_rendered_geometric_centerline_record_v1.0,87,482.0,346.161,0.94324853,0.73184198,512,474
13,geometric_skeleton,qa_rendered_geometric_centerline_record_v1.0,88,481.347,348.98,0.94196993,0.73780137,512,474
13,geometric_skeleton,qa_rendered_geometric_centerline_record_v1.0,89,479.673,351.49,0.93869534,0.74310787,512,474
13,geometric_skeleton,qa_rendered_geometric_centerline_record_v1.0,90,478.0,354.0,0.93542074,0.74841438,512,474
16,geometric_skeleton,qa_rendered_geometric_centerline_record_v1.0,0,252.0,246.0,0.49315068,0.52008457,512,474
16,geometric_skeleton,qa_rendered_geometric_centerline_record_v1.0,1,254.885,244.764,0.49879611,0.51747072,512,474
16,geometric_skeleton,qa_rendered_geometric_centerline_record_v1.0,2,257.77,243.527,0.50444154,0.51485688,512,474
16,geometric_skeleton,qa_rendered_geometric_centerline_record_v1.0,3,260.566,242.434,0.50991324,0.51254616,512,474
16,geometric_skeleton,qa_rendered_geometric_centerline_record_v1.0,4,263.371,241.629,0.51540268,0.51084404,512,474
16,geometric_skeleton,qa_rendered_geometric_centerline_record_v1.0,5,266.176,240.824,0.52089211,0.50914193,512,474
16,geometric_skeleton,qa_rendered_geometric_centerline_record_v1.0,6,268.973,240.0,0.52636611,0.50739958,512,474
16,geometric_skeleton,qa_rendered_geometric_centerline_record_v1.0,7,271.697,239.0,0.53169756,0.50528541,512,474
16,geometric_skeleton,qa_rendered_geometric_centerline_record_v1.0,8,274.836,239.0,0.5378396,0.50528541,512,474
16,geometric_skeleton,qa_rendered_geometric_centerline_record_v1.0,9,277.56,238.0,0.54317104,0.50317125,512,474
16,geometric_skeleton,qa_rendered_geometric_centerline_record_v1.0,10,280.699,238.0,0.54931309,0.50317125,512,474
16,geometric_skeleton,qa_rendered_geometric_centerline_record_v1.0,11,283.423,237.0,0.55464453,0.50105708,512,474
16,geometric_skeleton,qa_rendered_geometric_centerline_record_v1.0,12,286.562,237.0,0.56078657,0.50105708,512,474
16,geometric_skeleton,qa_rendered_geometric_centerline_record_v1.0,13,289.286,236.0,0.56611802,0.49894292,512,474
16,geometric_skeleton,qa_rendered_geometric_centerline_record_v1.0,14,292.011,235.0,0.57144947,0.49682875,512,474
16,geometric_skeleton,qa_rendered_geometric_centerline_record_v1.0,15,294.735,234.0,0.57678091,0.49471459,512,474
16,geometric_skeleton,qa_rendered_geometric_centerline_record_v1.0,16,297.874,234.0,0.58292295,0.49471459,512,474
16,geometric_skeleton,qa_rendered_geometric_centerline_record_v1.0,17,301.012,234.0,0.58906499,0.49471459,512,474
16,geometric_skeleton,qa_rendered_geometric_centerline_record_v1.0,18,304.151,234.0,0.59520703,0.49471459,512,474
16,geometric_skeleton,qa_rendered_geometric_centerline_record_v1.0,19,307.289,234.0,0.60134908,0.49471459,512,474
16,geometric_skeleton,qa_rendered_geometric_centerline_record_v1.0,20,310.428,234.0,0.60749112,0.49471459,512,474
16,geometric_skeleton,qa_rendered_geometric_centerline_record_v1.0,21,313.567,234.0,0.61363316,0.49471459,512,474
16,geometric_skeleton,qa_rendered_geometric_centerline_record_v1.0,22,316.705,234.0,0.6197752,0.49471459,512,474
16,geometric_skeleton,qa_rendered_geometric_centerline_record_v1.0,23,319.844,234.0,0.62591724,0.49471459,512,474
16,geometric_skeleton,qa_rendered_geometric_centerline_record_v1.0,24,322.982,234.0,0.63205928,0.49471459,512,474
16,geometric_skeleton,qa_rendered_geometric_centerline_record_v1.0,25,326.121,234.0,0.63820132,0.49471459,512,474
16,geometric_skeleton,qa_rendered_geometric_centerline_record_v1.0,26,329.259,234.0,0.64434336,0.49471459,512,474
16,geometric_skeleton,qa_rendered_geometric_centerline_record_v1.0,27,332.281,234.281,0.65025725,0.49530963,512,474
16,geometric_skeleton,qa_rendered_geometric_centerline_record_v1.0,28,335.087,235.087,0.65574669,0.49701175,512,474
16,geometric_skeleton,qa_rendered_geometric_centerline_record_v1.0,29,337.847,236.0,0.66114829,0.49894292,512,474
16,geometric_skeleton,qa_rendered_geometric_centerline_record_v1.0,30,340.985,236.0,0.66729033,0.49894292,512,474
16,geometric_skeleton,qa_rendered_geometric_centerline_record_v1.0,31,343.71,237.0,0.67262178,0.50105708,512,474
16,geometric_skeleton,qa_rendered_geometric_centerline_record_v1.0,32,346.848,237.0,0.67876382,0.50105708,512,474
16,geometric_skeleton,qa_rendered_geometric_centerline_record_v1.0,33,349.987,237.0,0.68490586,0.50105708,512,474
16,geometric_skeleton,qa_rendered_geometric_centerline_record_v1.0,34,353.125,237.0,0.6910479,0.50105708,512,474
16,geometric_skeleton,qa_rendered_geometric_centerline_record_v1.0,35,356.264,237.0,0.69718994,0.50105708,512,474
16,geometric_skeleton,qa_rendered_geometric_centerline_record_v1.0,36,359.403,237.0,0.70333198,0.50105708,512,474
16,geometric_skeleton,qa_rendered_geometric_centerline_record_v1.0,37,362.541,237.0,0.70947402,0.50105708,512,474
16,geometric_skeleton,qa_rendered_geometric_centerline_record_v1.0,38,365.68,237.0,0.71561607,0.50105708,512,474
16,geometric_skeleton,qa_rendered_geometric_centerline_record_v1.0,39,368.818,237.0,0.72175811,0.50105708,512,474
16,geometric_skeleton,qa_rendered_geometric_centerline_record_v1.0,40,371.677,237.677,0.72735163,0.5024877,512,474
16,geometric_skeleton,qa_rendered_geometric_centerline_record_v1.0,41,374.681,238.0,0.73323159,0.50317125,512,474
16,geometric_skeleton,qa_rendered_geometric_centerline_record_v1.0,42,377.82,238.0,0.73937363,0.50317125,512,474
16,geometric_skeleton,qa_rendered_geometric_centerline_record_v1.0,43,380.959,238.0,0.74551567,0.50317125,512,474
16,geometric_skeleton,qa_rendered_geometric_centerline_record_v1.0,44,384.097,238.0,0.75165771,0.50317125,512,474
16,geometric_skeleton,qa_rendered_geometric_centerline_record_v1.0,45,387.236,238.0,0.75779976,0.50317125,512,474
16,geometric_skeleton,qa_rendered_geometric_centerline_record_v1.0,46,390.374,238.0,0.7639418,0.50317125,512,474
16,geometric_skeleton,qa_rendered_geometric_centerline_record_v1.0,47,393.513,238.0,0.77008384,0.50317125,512,474
16,geometric_skeleton,qa_rendered_geometric_centerline_record_v1.0,48,396.651,238.0,0.77622588,0.50317125,512,474
16,geometric_skeleton,qa_rendered_geometric_centerline_record_v1.0,49,399.79,238.0,0.78236792,0.50317125,512,474
16,geometric_skeleton,qa_rendered_geometric_centerline_record_v1.0,50,402.929,238.0,0.78850996,0.50317125,512,474
16,geometric_skeleton,qa_rendered_geometric_centerline_record_v1.0,51,406.067,238.0,0.794652,0.50317125,512,474
16,geometric_skeleton,qa_rendered_geometric_centerline_record_v1.0,52,408.792,237.0,0.79998345,0.50105708,512,474
16,geometric_skeleton,qa_rendered_geometric_centerline_record_v1.0,53,411.516,236.0,0.80531489,0.49894292,512,474
16,geometric_skeleton,qa_rendered_geometric_centerline_record_v1.0,54,414.654,236.0,0.81145693,0.49894292,512,474
16,geometric_skeleton,qa_rendered_geometric_centerline_record_v1.0,55,417.793,236.0,0.81759897,0.49894292,512,474
16,geometric_skeleton,qa_rendered_geometric_centerline_record_v1.0,56,420.932,236.0,0.82374101,0.49894292,512,474
16,geometric_skeleton,qa_rendered_geometric_centerline_record_v1.0,57,424.07,236.0,0.82988306,0.49894292,512,474
16,geometric_skeleton,qa_rendered_geometric_centerline_record_v1.0,58,427.209,236.0,0.8360251,0.49894292,512,474
16,geometric_skeleton,qa_rendered_geometric_centerline_record_v1.0,59,430.347,236.0,0.84216714,0.49894292,512,474
16,geometric_skeleton,qa_rendered_geometric_centerline_record_v1.0,60,433.486,236.0,0.84830918,0.49894292,512,474
16,geometric_skeleton,qa_rendered_geometric_centerline_record_v1.0,61,436.21,237.0,0.85364062,0.50105708,512,474
16,geometric_skeleton,qa_rendered_geometric_centerline_record_v1.0,62,439.349,237.0,0.85978266,0.50105708,512,474
16,geometric_skeleton,qa_rendered_geometric_centerline_record_v1.0,63,442.488,237.0,0.8659247,0.50105708,512,474
16,geometric_skeleton,qa_rendered_geometric_centerline_record_v1.0,64,445.626,237.0,0.87206675,0.50105708,512,474
16,geometric_skeleton,qa_rendered_geometric_centerline_record_v1.0,65,448.35,238.0,0.87739819,0.50317125,512,474
16,geometric_skeleton,qa_rendered_geometric_centerline_record_v1.0,66,451.489,238.0,0.88354023,0.50317125,512,474
16,geometric_skeleton,qa_rendered_geometric_centerline_record_v1.0,67,454.213,239.0,0.88887168,0.50528541,512,474
16,geometric_skeleton,qa_rendered_geometric_centerline_record_v1.0,68,457.352,239.0,0.89501372,0.50528541,512,474
16,geometric_skeleton,qa_rendered_geometric_centerline_record_v1.0,69,460.491,239.0,0.90115576,0.50528541,512,474
16,geometric_skeleton,qa_rendered_geometric_centerline_record_v1.0,70,463.629,239.0,0.9072978,0.50528541,512,474
16,geometric_skeleton,qa_rendered_geometric_centerline_record_v1.0,71,466.768,239.0,0.91343984,0.50528541,512,474
16,geometric_skeleton,qa_rendered_geometric_centerline_record_v1.0,72,469.906,239.0,0.91958188,0.50528541,512,474
16,geometric_skeleton,qa_rendered_geometric_centerline_record_v1.0,73,473.045,239.0,0.92572392,0.50528541,512,474
16,geometric_skeleton,qa_rendered_geometric_centerline_record_v1.0,74,476.184,239.0,0.93186596,0.50528541,512,474
16,geometric_skeleton,qa_rendered_geometric_centerline_record_v1.0,75,479.322,239.0,0.938008,0.50528541,512,474
16,geometric_skeleton,qa_rendered_geometric_centerline_record_v1.0,76,482.461,239.0,0.94415005,0.50528541,512,474
16,geometric_skeleton,qa_rendered_geometric_centerline_record_v1.0,77,485.599,239.0,0.95029209,0.50528541,512,474
16,geometric_skeleton,qa_rendered_geometric_centerline_record_v1.0,78,488.522,238.478,0.95601121,0.50418239,512,474
16,geometric_skeleton,qa_rendered_geometric_centerline_record_v1.0,79,491.048,237.0,0.96095498,0.50105708,512,474
16,geometric_skeleton,qa_rendered_geometric_centerline_record_v1.0,80,494.187,237.0,0.96709702,0.50105708,512,474
16,geometric_skeleton,qa_rendered_geometric_centerline_record_v1.0,81,496.351,235.108,0.9713336,0.49705695,512,474
16,geometric_skeleton,qa_rendered_geometric_centerline_record_v1.0,82,498.176,232.554,0.97490359,0.49165744,512,474
16,geometric_skeleton,qa_rendered_geometric_centerline_record_v1.0,83,500.0,230.0,0.97847358,0.48625793,512,474
19,geometric_skeleton,qa_rendered_geometric_centerline_record_v1.0,0,288.0,284.0,0.56360078,0.60042283,512,474
19,geometric_skeleton,qa_rendered_geometric_centerline_record_v1.0,1,291.028,282.702,0.5695263,0.59767931,512,474
19,geometric_skeleton,qa_rendered_geometric_centerline_record_v1.0,2,294.056,281.405,0.57545182,0.59493578,512,474
19,geometric_skeleton,qa_rendered_geometric_centerline_record_v1.0,3,296.603,282.603,0.5804366,0.59746956,512,474
19,geometric_skeleton,qa_rendered_geometric_centerline_record_v1.0,4,299.733,283.0,0.58656165,0.59830867,512,474
19,geometric_skeleton,qa_rendered_geometric_centerline_record_v1.0,5,303.027,283.0,0.59300842,0.59830867,512,474
19,geometric_skeleton,qa_rendered_geometric_centerline_record_v1.0,6,305.935,283.935,0.59869768,0.60028439,512,474
19,geometric_skeleton,qa_rendered_geometric_centerline_record_v1.0,7,308.85,284.85,0.60440259,0.60221929,512,474
19,geometric_skeleton,qa_rendered_geometric_centerline_record_v1.0,8,311.765,285.765,0.6101075,0.60415419,512,474
19,geometric_skeleton,qa_rendered_geometric_centerline_record_v1.0,9,314.68,286.68,0.61581241,0.60608909,512,474
19,geometric_skeleton,qa_rendered_geometric_centerline_record_v1.0,10,317.595,287.595,0.62151732,0.60802399,512,474
19,geometric_skeleton,qa_rendered_geometric_centerline_record_v1.0,11,320.511,288.511,0.62722223,0.6099589,512,474
19,geometric_skeleton,qa_rendered_geometric_centerline_record_v1.0,12,323.426,289.426,0.63292714,0.6118938,512,474
19,geometric_skeleton,qa_rendered_geometric_centerline_record_v1.0,13,326.048,291.048,0.63805887,0.61532364,512,474
19,geometric_skeleton,qa_rendered_geometric_centerline_record_v1.0,14,328.948,292.0,0.64373402,0.61733615,512,474
19,geometric_skeleton,qa_rendered_geometric_centerline_record_v1.0,15,331.586,293.586,0.64889551,0.62068838,512,474
19,geometric_skeleton,qa_rendered_geometric_centerline_record_v1.0,16,334.294,295.0,0.65419578,0.62367865,512,474
19,geometric_skeleton,qa_rendered_geometric_centerline_record_v1.0,17,337.174,296.0,0.65983196,0.62579281,512,474
19,geometric_skeleton,qa_rendered_geometric_centerline_record_v1.0,18,340.054,297.0,0.66546814,0.62790698,512,474
19,geometric_skeleton,qa_rendered_geometric_centerline_record_v1.0,19,342.934,298.0,0.67110432,0.63002114,512,474
19,geometric_skeleton,qa_rendered_geometric_centerline_record_v1.0,20,345.4,300.0,0.6759299,0.63424947,512,474
19,geometric_skeleton,qa_rendered_geometric_centerline_record_v1.0,21,348.28,301.0,0.68156608,0.63636364,512,474
19,geometric_skeleton,qa_rendered_geometric_centerline_record_v1.0,22,351.16,302.0,0.68720226,0.6384778,512,474
19,geometric_skeleton,qa_rendered_geometric_centerline_record_v1.0,23,354.04,303.0,0.69283843,0.64059197,512,474
19,geometric_skeleton,qa_rendered_geometric_centerline_record_v1.0,24,356.944,303.944,0.69852016,0.64258732,512,474
19,geometric_skeleton,qa_rendered_geometric_centerline_record_v1.0,25,359.859,304.859,0.70422507,0.64452222,512,474
19,geometric_skeleton,qa_rendered_geometric_centerline_record_v1.0,26,362.681,306.0,0.70974697,0.64693446,512,474
19,geometric_skeleton,qa_rendered_geometric_centerline_record_v1.0,27,365.975,306.0,0.71619374,0.64693446,512,474
19,geometric_skeleton,qa_rendered_geometric_centerline_record_v1.0,28,369.19,306.19,0.72248615,0.64733705,512,474
19,geometric_skeleton,qa_rendered_geometric_centerline_record_v1.0,29,371.735,308.0,0.7274661,0.65116279,512,474
19,geometric_skeleton,qa_rendered_geometric_centerline_record_v1.0,30,375.029,308.0,0.73391287,0.65116279,512,474
19,geometric_skeleton,qa_rendered_geometric_centerline_record_v1.0,31,378.324,308.0,0.74035964,0.65116279,512,474
19,geometric_skeleton,qa_rendered_geometric_centerline_record_v1.0,32,381.204,307.0,0.74599582,0.64904863,512,474
19,geometric_skeleton,qa_rendered_geometric_centerline_record_v1.0,33,384.498,307.0,0.75244259,0.64904863,512,474
19,geometric_skeleton,qa_rendered_geometric_centerline_record_v1.0,34,387.792,307.0,0.75888936,0.64904863,512,474
19,geometric_skeleton,qa_rendered_geometric_centerline_record_v1.0,35,391.087,307.0,0.76533613,0.64904863,512,474
19,geometric_skeleton,qa_rendered_geometric_centerline_record_v1.0,36,394.381,307.0,0.7717829,0.64904863,512,474
19,geometric_skeleton,qa_rendered_geometric_centerline_record_v1.0,37,397.675,307.0,0.77822968,0.64904863,512,474
19,geometric_skeleton,qa_rendered_geometric_centerline_record_v1.0,38,400.97,307.0,0.78467645,0.64904863,512,474
19,geometric_skeleton,qa_rendered_geometric_centerline_record_v1.0,39,404.264,307.0,0.79112322,0.64904863,512,474
19,geometric_skeleton,qa_rendered_geometric_centerline_record_v1.0,40,407.558,307.0,0.79756999,0.64904863,512,474
19,geometric_skeleton,qa_rendered_geometric_centerline_record_v1.0,41,410.853,307.0,0.80401676,0.64904863,512,474
19,geometric_skeleton,qa_rendered_geometric_centerline_record_v1.0,42,414.147,307.0,0.81046354,0.64904863,512,474
19,geometric_skeleton,qa_rendered_geometric_centerline_record_v1.0,43,417.441,307.0,0.81691031,0.64904863,512,474
19,geometric_skeleton,qa_rendered_geometric_centerline_record_v1.0,44,420.735,307.0,0.82335708,0.64904863,512,474
19,geometric_skeleton,qa_rendered_geometric_centerline_record_v1.0,45,424.03,307.0,0.82980385,0.64904863,512,474
19,geometric_skeleton,qa_rendered_geometric_centerline_record_v1.0,46,427.324,307.0,0.83625062,0.64904863,512,474
19,geometric_skeleton,qa_rendered_geometric_centerline_record_v1.0,47,430.618,307.0,0.8426974,0.64904863,512,474
19,geometric_skeleton,qa_rendered_geometric_centerline_record_v1.0,48,433.913,307.0,0.84914417,0.64904863,512,474
19,geometric_skeleton,qa_rendered_geometric_centerline_record_v1.0,49,437.207,307.0,0.85559094,0.64904863,512,474
19,geometric_skeleton,qa_rendered_geometric_centerline_record_v1.0,50,440.501,307.0,0.86203771,0.64904863,512,474
19,geometric_skeleton,qa_rendered_geometric_centerline_record_v1.0,51,443.796,307.0,0.86848448,0.64904863,512,474
19,geometric_skeleton,qa_rendered_geometric_centerline_record_v1.0,52,447.09,307.0,0.87493126,0.64904863,512,474
19,geometric_skeleton,qa_rendered_geometric_centerline_record_v1.0,53,449.979,306.021,0.88058465,0.64697937,512,474
19,geometric_skeleton,qa_rendered_geometric_centerline_record_v1.0,54,452.894,305.106,0.88628956,0.64504447,512,474
19,geometric_skeleton,qa_rendered_geometric_centerline_record_v1.0,55,455.809,304.191,0.89199447,0.64310957,512,474
19,geometric_skeleton,qa_rendered_geometric_centerline_record_v1.0,56,458.724,303.276,0.89769938,0.64117466,512,474
19,geometric_skeleton,qa_rendered_geometric_centerline_record_v1.0,57,461.64,302.36,0.90340429,0.63923976,512,474
19,geometric_skeleton,qa_rendered_geometric_centerline_record_v1.0,58,464.555,301.445,0.9091092,0.63730486,512,474
19,geometric_skeleton,qa_rendered_geometric_centerline_record_v1.0,59,467.47,300.53,0.91481411,0.63536996,512,474
19,geometric_skeleton,qa_rendered_geometric_centerline_record_v1.0,60,470.545,300.0,0.92083127,0.63424947,512,474
19,geometric_skeleton,qa_rendered_geometric_centerline_record_v1.0,61,473.593,299.407,0.9267971,0.63299509,512,474
19,geometric_skeleton,qa_rendered_geometric_centerline_record_v1.0,62,476.509,298.491,0.93250201,0.63106019,512,474
19,geometric_skeleton,qa_rendered_geometric_centerline_record_v1.0,63,479.424,297.576,0.93820692,0.62912529,512,474
19,geometric_skeleton,qa_rendered_geometric_centerline_record_v1.0,64,482.479,297.0,0.94418658,0.62790698,512,474
19,geometric_skeleton,qa_rendered_geometric_centerline_record_v1.0,65,485.547,296.453,0.95018992,0.62675043,512,474
19,geometric_skeleton,qa_rendered_geometric_centerline_record_v1.0,66,487.876,294.124,0.95474847,0.62182564,512,474
19,geometric_skeleton,qa_rendered_geometric_centerline_record_v1.0,67,491.053,293.893,0.96096573,0.62133832,512,474
19,geometric_skeleton,qa_rendered_geometric_centerline_record_v1.0,68,492.527,290.947,0.96384881,0.6151089,512,474
19,geometric_skeleton,qa_rendered_geometric_centerline_record_v1.0,69,494.0,288.0,0.9667319,0.60887949,512,474
20,geometric_skeleton,qa_rendered_geometric_centerline_record_v1.0,0,134.0,220.0,0.26223092,0.46511628,512,474
20,geometric_skeleton,qa_rendered_geometric_centerline_record_v1.0,1,136.66,221.773,0.26743592,0.46886505,512,474
20,geometric_skeleton,qa_rendered_geometric_centerline_record_v1.0,2,139.32,223.546,0.27264091,0.47261382,512,474
20,geometric_skeleton,qa_rendered_geometric_centerline_record_v1.0,3,141.682,225.682,0.27726428,0.47712906,512,474
20,geometric_skeleton,qa_rendered_geometric_centerline_record_v1.0,4,143.942,227.942,0.28168767,0.48190782,512,474
20,geometric_skeleton,qa_rendered_geometric_centerline_record_v1.0,5,146.496,229.496,0.28668425,0.48519165,512,474
20,geometric_skeleton,qa_rendered_geometric_centerline_record_v1.0,6,149.069,231.0,0.29172045,0.48837209,512,474
20,geometric_skeleton,qa_rendered_geometric_centerline_record_v1.0,7,151.852,232.0,0.29716549,0.49048626,512,474
20,geometric_skeleton,qa_rendered_geometric_centerline_record_v1.0,8,154.22,234.0,0.30179992,0.49471459,512,474
20,geometric_skeleton,qa_rendered_geometric_centerline_record_v1.0,9,157.002,235.0,0.30724496,0.49682875,512,474
20,geometric_skeleton,qa_rendered_geometric_centerline_record_v1.0,10,160.199,235.0,0.31350058,0.49682875,512,474
20,geometric_skeleton,qa_rendered_geometric_centerline_record_v1.0,11,162.987,235.987,0.31895638,0.49891483,512,474
20,geometric_skeleton,qa_rendered_geometric_centerline_record_v1.0,12,166.178,236.0,0.32520124,0.49894292,512,474
20,geometric_skeleton,qa_rendered_geometric_centerline_record_v1.0,13,168.972,236.972,0.33066906,0.50099765,512,474
20,geometric_skeleton,qa_rendered_geometric_centerline_record_v1.0,14,172.157,237.0,0.3369019,0.50105708,512,474
20,geometric_skeleton,qa_rendered_geometric_centerline_record_v1.0,15,175.353,237.0,0.34315752,0.50105708,512,474
20,geometric_skeleton,qa_rendered_geometric_centerline_record_v1.0,16,178.55,237.0,0.34941315,0.50105708,512,474
20,geometric_skeleton,qa_rendered_geometric_centerline_record_v1.0,17,181.747,237.0,0.35566878,0.50105708,512,474
20,geometric_skeleton,qa_rendered_geometric_centerline_record_v1.0,18,184.943,237.0,0.3619244,0.50105708,512,474
20,geometric_skeleton,qa_rendered_geometric_centerline_record_v1.0,19,188.14,237.0,0.36818003,0.50105708,512,474
20,geometric_skeleton,qa_rendered_geometric_centerline_record_v1.0,20,191.337,237.0,0.37443565,0.50105708,512,474
20,geometric_skeleton,qa_rendered_geometric_centerline_record_v1.0,21,194.533,237.0,0.38069128,0.50105708,512,474
20,geometric_skeleton,qa_rendered_geometric_centerline_record_v1.0,22,197.316,238.0,0.38613631,0.50317125,512,474
20,geometric_skeleton,qa_rendered_geometric_centerline_record_v1.0,23,200.512,238.0,0.39239194,0.50317125,512,474
20,geometric_skeleton,qa_rendered_geometric_centerline_record_v1.0,24,203.295,239.0,0.39783697,0.50528541,512,474
20,geometric_skeleton,qa_rendered_geometric_centerline_record_v1.0,25,206.491,239.0,0.4040926,0.50528541,512,474
20,geometric_skeleton,qa_rendered_geometric_centerline_record_v1.0,26,209.274,240.0,0.40953763,0.50739958,512,474
20,geometric_skeleton,qa_rendered_geometric_centerline_record_v1.0,27,212.47,240.0,0.41579325,0.50739958,512,474
20,geometric_skeleton,qa_rendered_geometric_centerline_record_v1.0,28,215.667,240.0,0.42204888,0.50739958,512,474
20,geometric_skeleton,qa_rendered_geometric_centerline_record_v1.0,29,218.864,240.0,0.42830451,0.50739958,512,474
20,geometric_skeleton,qa_rendered_geometric_centerline_record_v1.0,30,222.06,240.0,0.43456013,0.50739958,512,474
20,geometric_skeleton,qa_rendered_geometric_centerline_record_v1.0,31,225.182,240.182,0.44066854,0.50778356,512,474
20,geometric_skeleton,qa_rendered_geometric_centerline_record_v1.0,32,228.039,241.0,0.44626079,0.50951374,512,474
20,geometric_skeleton,qa_rendered_geometric_centerline_record_v1.0,33,231.236,241.0,0.45251642,0.50951374,512,474
20,geometric_skeleton,qa_rendered_geometric_centerline_record_v1.0,34,234.306,241.306,0.45852414,0.51016032,512,474
20,geometric_skeleton,qa_rendered_geometric_centerline_record_v1.0,35,237.215,242.0,0.46421707,0.51162791,512,474
20,geometric_skeleton,qa_rendered_geometric_centerline_record_v1.0,36,240.291,242.291,0.47023681,0.51224315,512,474
20,geometric_skeleton,qa_rendered_geometric_centerline_record_v1.0,37,243.137,243.137,0.47580656,0.51403203,512,474
20,geometric_skeleton,qa_rendered_geometric_centerline_record_v1.0,38,245.976,244.0,0.48136276,0.51585624,512,474
20,geometric_skeleton,qa_rendered_geometric_centerline_record_v1.0,39,248.759,245.0,0.4868078,0.5179704,512,474
20,geometric_skeleton,qa_rendered_geometric_centerline_record_v1.0,40,251.383,246.383,0.49194263,0.52089362,512,474
20,geometric_skeleton,qa_rendered_geometric_centerline_record_v1.0,41,253.909,248.0,0.49688727,0.5243129,512,474
20,geometric_skeleton,qa_rendered_geometric_centerline_record_v1.0,42,256.692,249.0,0.5023323,0.52642706,512,474
20,geometric_skeleton,qa_rendered_geometric_centerline_record_v1.0,43,259.06,251.0,0.50696674,0.53065539,512,474
20,geometric_skeleton,qa_rendered_geometric_centerline_record_v1.0,44,261.889,251.889,0.51250209,0.53253397,512,474
20,geometric_skeleton,qa_rendered_geometric_centerline_record_v1.0,45,265.039,252.0,0.51866739,0.53276956,512,474
20,geometric_skeleton,qa_rendered_geometric_centerline_record_v1.0,46,268.236,252.0,0.52492302,0.53276956,512,474
20,geometric_skeleton,qa_rendered_geometric_centerline_record_v1.0,47,271.432,252.0,0.53117865,0.53276956,512,474
20,geometric_skeleton,qa_rendered_geometric_centerline_record_v1.0,48,274.629,252.0,0.53743427,0.53276956,512,474
20,geometric_skeleton,qa_rendered_geometric_centerline_record_v1.0,49,277.826,252.0,0.5436899,0.53276956,512,474
20,geometric_skeleton,qa_rendered_geometric_centerline_record_v1.0,50,281.022,252.0,0.54994552,0.53276956,512,474
20,geometric_skeleton,qa_rendered_geometric_centerline_record_v1.0,51,284.219,252.0,0.55620115,0.53276956,512,474
20,geometric_skeleton,qa_rendered_geometric_centerline_record_v1.0,52,287.001,253.0,0.56164618,0.53488372,512,474
20,geometric_skeleton,qa_rendered_geometric_centerline_record_v1.0,53,290.198,253.0,0.56790181,0.53488372,512,474
20,geometric_skeleton,qa_rendered_geometric_centerline_record_v1.0,54,293.394,253.0,0.57415743,0.53488372,512,474
20,geometric_skeleton,qa_rendered_geometric_centerline_record_v1.0,55,296.591,253.0,0.58041306,0.53488372,512,474
20,geometric_skeleton,qa_rendered_geometric_centerline_record_v1.0,56,299.788,253.0,0.58666869,0.53488372,512,474
20,geometric_skeleton,qa_rendered_geometric_centerline_record_v1.0,57,302.984,253.0,0.59292431,0.53488372,512,474
20,geometric_skeleton,qa_rendered_geometric_centerline_record_v1.0,58,306.181,253.0,0.59917994,0.53488372,512,474
20,geometric_skeleton,qa_rendered_geometric_centerline_record_v1.0,59,309.378,253.0,0.60543556,0.53488372,512,474
20,geometric_skeleton,qa_rendered_geometric_centerline_record_v1.0,60,312.406,253.406,0.61136207,0.53574211,512,474
20,geometric_skeleton,qa_rendered_geometric_centerline_record_v1.0,61,315.357,254.0,0.61713622,0.53699789,512,474
20,geometric_skeleton,qa_rendered_geometric_centerline_record_v1.0,62,318.391,254.391,0.62307475,0.53782494,512,474
20,geometric_skeleton,qa_rendered_geometric_centerline_record_v1.0,63,321.336,255.0,0.62883688,0.53911205,512,474
20,geometric_skeleton,qa_rendered_geometric_centerline_record_v1.0,64,324.376,255.376,0.63478742,0.53990776,512,474
20,geometric_skeleton,qa_rendered_geometric_centerline_record_v1.0,65,327.315,256.0,0.64053754,0.54122622,512,474
20,geometric_skeleton,qa_rendered_geometric_centerline_record_v1.0,66,330.069,257.069,0.64592692,0.54348553,512,474
20,geometric_skeleton,qa_rendered_geometric_centerline_record_v1.0,67,332.88,258.0,0.6514276,0.54545455,512,474
20,geometric_skeleton,qa_rendered_geometric_centerline_record_v1.0,68,335.662,259.0,0.65687263,0.54756871,512,474
20,geometric_skeleton,qa_rendered_geometric_centerline_record_v1.0,69,338.859,259.0,0.66312826,0.54756871,512,474
20,geometric_skeleton,qa_rendered_geometric_centerline_record_v1.0,70,341.641,260.0,0.66857329,0.54968288,512,474
20,geometric_skeleton,qa_rendered_geometric_centerline_record_v1.0,71,344.838,260.0,0.67482892,0.54968288,512,474
20,geometric_skeleton,qa_rendered_geometric_centerline_record_v1.0,72,348.024,260.024,0.68106494,0.54973401,512,474
20,geometric_skeleton,qa_rendered_geometric_centerline_record_v1.0,73,350.817,261.0,0.68652958,0.55179704,512,474
20,geometric_skeleton,qa_rendered_geometric_centerline_record_v1.0,74,354.013,261.0,0.6927852,0.55179704,512,474
20,geometric_skeleton,qa_rendered_geometric_centerline_record_v1.0,75,357.21,261.0,0.69904083,0.55179704,512,474
20,geometric_skeleton,qa_rendered_geometric_centerline_record_v1.0,76,360.287,261.287,0.70506346,0.55240472,512,474
20,geometric_skeleton,qa_rendered_geometric_centerline_record_v1.0,77,363.189,262.0,0.71074149,0.55391121,512,474
20,geometric_skeleton,qa_rendered_geometric_centerline_record_v1.0,78,366.386,262.0,0.71699711,0.55391121,512,474
20,geometric_skeleton,qa_rendered_geometric_centerline_record_v1.0,79,369.582,262.0,0.72325274,0.55391121,512,474
20,geometric_skeleton,qa_rendered_geometric_centerline_record_v1.0,80,372.551,262.551,0.72906199,0.55507543,512,474
20,geometric_skeleton,qa_rendered_geometric_centerline_record_v1.0,81,375.561,263.0,0.7349534,0.55602537,512,474
20,geometric_skeleton,qa_rendered_geometric_centerline_record_v1.0,82,378.536,263.536,0.74077466,0.55715825,512,474
20,geometric_skeleton,qa_rendered_geometric_centerline_record_v1.0,83,381.54,264.0,0.74665405,0.55813953,512,474
20,geometric_skeleton,qa_rendered_geometric_centerline_record_v1.0,84,384.737,264.0,0.75290968,0.55813953,512,474
20,geometric_skeleton,qa_rendered_geometric_centerline_record_v1.0,85,387.66,264.66,0.75863026,0.55953502,512,474
20,geometric_skeleton,qa_rendered_geometric_centerline_record_v1.0,86,390.716,265.0,0.76461034,0.5602537,512,474
20,geometric_skeleton,qa_rendered_geometric_centerline_record_v1.0,87,393.913,265.0,0.77086596,0.5602537,512,474
20,geometric_skeleton,qa_rendered_geometric_centerline_record_v1.0,88,396.784,265.784,0.77648586,0.56191179,512,474
20,geometric_skeleton,qa_rendered_geometric_centerline_record_v1.0,89,399.892,266.0,0.78256662,0.56236786,512,474
20,geometric_skeleton,qa_rendered_geometric_centerline_record_v1.0,90,402.769,266.769,0.78819854,0.56399461,512,474
20,geometric_skeleton,qa_rendered_geometric_centerline_record_v1.0,91,405.871,267.0,0.79426728,0.56448203,512,474
20,geometric_skeleton,qa_rendered_geometric_centerline_record_v1.0,92,408.755,267.755,0.79991121,0.56607744,512,474
20,geometric_skeleton,qa_rendered_geometric_centerline_record_v1.0,93,411.601,268.601,0.80548096,0.56786632,512,474
20,geometric_skeleton,qa_rendered_geometric_centerline_record_v1.0,94,414.632,269.0,0.81141297,0.56871036,512,474
20,geometric_skeleton,qa_rendered_geometric_centerline_record_v1.0,95,417.586,269.586,0.81719363,0.56994915,512,474
20,geometric_skeleton,qa_rendered_geometric_centerline_record_v1.0,96,420.432,270.432,0.82276338,0.57173803,512,474
20,geometric_skeleton,qa_rendered_geometric_centerline_record_v1.0,97,423.393,271.0,0.82855866,0.57293869,512,474
20,geometric_skeleton,qa_rendered_geometric_centerline_record_v1.0,98,426.417,271.417,0.83447605,0.57382085,512,474
20,geometric_skeleton,qa_rendered_geometric_centerline_record_v1.0,99,429.373,272.0,0.84025932,0.57505285,512,474
20,geometric_skeleton,qa_rendered_geometric_centerline_record_v1.0,100,432.11,273.11,0.84561555,0.57739862,512,474
20,geometric_skeleton,qa_rendered_geometric_centerline_record_v1.0,101,434.663,274.663,0.85061212,0.58068244,512,474
20,geometric_skeleton,qa_rendered_geometric_centerline_record_v1.0,102,435.0,277.72,0.85127202,0.58714534,512,474
20,geometric_skeleton,qa_rendered_geometric_centerline_record_v1.0,103,435.0,280.916,0.85127202,0.59390353,512,474
20,geometric_skeleton,qa_rendered_geometric_centerline_record_v1.0,104,434.0,283.699,0.84931507,0.59978601,512,474
20,geometric_skeleton,qa_rendered_geometric_centerline_record_v1.0,105,434.0,286.895,0.84931507,0.6065442,512,474
20,geometric_skeleton,qa_rendered_geometric_centerline_record_v1.0,106,432.521,289.479,0.84642018,0.61200695,512,474
20,geometric_skeleton,qa_rendered_geometric_centerline_record_v1.0,107,430.26,291.74,0.84199678,0.61678572,512,474
20,geometric_skeleton,qa_rendered_geometric_centerline_record_v1.0,108,428.0,294.0,0.83757339,0.62156448,512,474
21,geometric_skeleton,qa_rendered_geometric_centerline_record_v1.0,0,138.0,264.0,0.27005871,0.55813953,512,474
21,geometric_skeleton,qa_rendered_geometric_centerline_record_v1.0,1,140.998,263.143,0.27592565,0.5563286,512,474
21,geometric_skeleton,qa_rendered_geometric_centerline_record_v1.0,2,143.996,262.287,0.2817926,0.55451766,512,474
21,geometric_skeleton,qa_rendered_geometric_centerline_record_v1.0,3,146.466,263.466,0.28662703,0.55701144,512,474
21,geometric_skeleton,qa_rendered_geometric_centerline_record_v1.0,4,148.949,265.0,0.29148563,0.5602537,512,474
21,geometric_skeleton,qa_rendered_geometric_centerline_record_v1.0,5,152.047,265.047,0.29754886,0.56035406,512,474
21,geometric_skeleton,qa_rendered_geometric_centerline_record_v1.0,6,154.771,266.0,0.30287846,0.56236786,512,474
21,geometric_skeleton,qa_rendered_geometric_centerline_record_v1.0,7,157.889,266.0,0.30898018,0.56236786,512,474
21,geometric_skeleton,qa_rendered_geometric_centerline_record_v1.0,8,161.007,266.0,0.31508189,0.56236786,512,474
21,geometric_skeleton,qa_rendered_geometric_centerline_record_v1.0,9,164.125,266.0,0.32118361,0.56236786,512,474
21,geometric_skeleton,qa_rendered_geometric_centerline_record_v1.0,10,167.243,266.0,0.32728532,0.56236786,512,474
21,geometric_skeleton,qa_rendered_geometric_centerline_record_v1.0,11,170.361,266.0,0.33338704,0.56236786,512,474
21,geometric_skeleton,qa_rendered_geometric_centerline_record_v1.0,12,173.339,266.339,0.33921434,0.56308357,512,474
21,geometric_skeleton,qa_rendered_geometric_centerline_record_v1.0,13,176.183,267.0,0.34477988,0.56448203,512,474
21,geometric_skeleton,qa_rendered_geometric_centerline_record_v1.0,14,179.212,267.212,0.35070936,0.56493125,512,474
21,geometric_skeleton,qa_rendered_geometric_centerline_record_v1.0,15,182.003,268.003,0.35617027,0.56660256,512,474
21,geometric_skeleton,qa_rendered_geometric_centerline_record_v1.0,16,184.708,269.0,0.36146383,0.56871036,512,474
21,geometric_skeleton,qa_rendered_geometric_centerline_record_v1.0,17,187.826,269.0,0.36756555,0.56871036,512,474
21,geometric_skeleton,qa_rendered_geometric_centerline_record_v1.0,18,190.944,269.0,0.37366726,0.56871036,512,474
21,geometric_skeleton,qa_rendered_geometric_centerline_record_v1.0,19,194.062,269.0,0.37976898,0.56871036,512,474
21,geometric_skeleton,qa_rendered_geometric_centerline_record_v1.0,20,197.127,269.127,0.38576757,0.56897934,512,474
21,geometric_skeleton,qa_rendered_geometric_centerline_record_v1.0,21,199.884,270.0,0.39116182,0.57082452,512,474
21,geometric_skeleton,qa_rendered_geometric_centerline_record_v1.0,22,203.002,270.0,0.39726353,0.57082452,512,474
21,geometric_skeleton,qa_rendered_geometric_centerline_record_v1.0,23,206.12,270.0,0.40336525,0.57082452,512,474
21,geometric_skeleton,qa_rendered_geometric_centerline_record_v1.0,24,209.168,270.168,0.40933076,0.57117975,512,474
21,geometric_skeleton,qa_rendered_geometric_centerline_record_v1.0,25,211.941,271.0,0.41475808,0.57293869,512,474
21,geometric_skeleton,qa_rendered_geometric_centerline_record_v1.0,26,215.059,271.0,0.4208598,0.57293869,512,474
21,geometric_skeleton,qa_rendered_geometric_centerline_record_v1.0,27,218.177,271.0,0.42696151,0.57293869,512,474
21,geometric_skeleton,qa_rendered_geometric_centerline_record_v1.0,28,221.209,271.209,0.43289396,0.57338016,512,474
21,geometric_skeleton,qa_rendered_geometric_centerline_record_v1.0,29,223.999,272.0,0.43835435,0.57505285,512,474
21,geometric_skeleton,qa_rendered_geometric_centerline_record_v1.0,30,227.117,272.0,0.44445606,0.57505285,512,474
21,geometric_skeleton,qa_rendered_geometric_centerline_record_v1.0,31,230.235,272.0,0.45055778,0.57505285,512,474
21,geometric_skeleton,qa_rendered_geometric_centerline_record_v1.0,32,233.353,272.0,0.45665949,0.57505285,512,474
21,geometric_skeleton,qa_rendered_geometric_centerline_record_v1.0,33,236.471,272.0,0.46276121,0.57505285,512,474
21,geometric_skeleton,qa_rendered_geometric_centerline_record_v1.0,34,239.589,272.0,0.46886293,0.57505285,512,474
21,geometric_skeleton,qa_rendered_geometric_centerline_record_v1.0,35,242.5,272.5,0.47455944,0.57610967,512,474
21,geometric_skeleton,qa_rendered_geometric_centerline_record_v1.0,36,245.411,273.0,0.48025576,0.57716702,512,474
21,geometric_skeleton,qa_rendered_geometric_centerline_record_v1.0,37,248.529,273.0,0.48635748,0.57716702,512,474
21,geometric_skeleton,qa_rendered_geometric_centerline_record_v1.0,38,251.457,273.457,0.49208855,0.57813372,512,474
21,geometric_skeleton,qa_rendered_geometric_centerline_record_v1.0,39,254.35,274.0,0.49775031,0.57928118,512,474
21,geometric_skeleton,qa_rendered_geometric_centerline_record_v1.0,40,257.331,274.331,0.50358356,0.57998139,512,474
21,geometric_skeleton,qa_rendered_geometric_centerline_record_v1.0,41,260.122,275.122,0.50904448,0.5816527,512,474
21,geometric_skeleton,qa_rendered_geometric_centerline_record_v1.0,42,262.876,276.0,0.51443427,0.58350951,512,474
21,geometric_skeleton,qa_rendered_geometric_centerline_record_v1.0,43,265.58,277.0,0.51972539,0.58562368,512,474
21,geometric_skeleton,qa_rendered_geometric_centerline_record_v1.0,44,268.698,277.0,0.52582711,0.58562368,512,474
21,geometric_skeleton,qa_rendered_geometric_centerline_record_v1.0,45,271.401,278.0,0.53111823,0.58773784,512,474
21,geometric_skeleton,qa_rendered_geometric_centerline_record_v1.0,46,274.519,278.0,0.53721994,0.58773784,512,474
21,geometric_skeleton,qa_rendered_geometric_centerline_record_v1.0,47,277.637,278.0,0.54332166,0.58773784,512,474
21,geometric_skeleton,qa_rendered_geometric_centerline_record_v1.0,48,280.755,278.0,0.54942337,0.58773784,512,474
21,geometric_skeleton,qa_rendered_geometric_centerline_record_v1.0,49,283.459,279.0,0.5547145,0.58985201,512,474
21,geometric_skeleton,qa_rendered_geometric_centerline_record_v1.0,50,286.577,279.0,0.56081621,0.58985201,512,474
21,geometric_skeleton,qa_rendered_geometric_centerline_record_v1.0,51,289.281,280.0,0.56610733,0.59196617,512,474
21,geometric_skeleton,qa_rendered_geometric_centerline_record_v1.0,52,292.399,280.0,0.57220905,0.59196617,512,474
21,geometric_skeleton,qa_rendered_geometric_centerline_record_v1.0,53,295.517,280.0,0.57831076,0.59196617,512,474
21,geometric_skeleton,qa_rendered_geometric_centerline_record_v1.0,54,298.635,280.0,0.58441248,0.59196617,512,474
21,geometric_skeleton,qa_rendered_geometric_centerline_record_v1.0,55,301.753,280.0,0.59051419,0.59196617,512,474
21,geometric_skeleton,qa_rendered_geometric_centerline_record_v1.0,56,304.871,280.0,0.59661591,0.59196617,512,474
21,geometric_skeleton,qa_rendered_geometric_centerline_record_v1.0,57,307.989,280.0,0.60271762,0.59196617,512,474
21,geometric_skeleton,qa_rendered_geometric_centerline_record_v1.0,58,311.107,280.0,0.60881934,0.59196617,512,474
21,geometric_skeleton,qa_rendered_geometric_centerline_record_v1.0,59,314.225,280.0,0.61492105,0.59196617,512,474
21,geometric_skeleton,qa_rendered_geometric_centerline_record_v1.0,60,317.343,280.0,0.62102277,0.59196617,512,474
21,geometric_skeleton,qa_rendered_geometric_centerline_record_v1.0,61,320.461,280.0,0.62712448,0.59196617,512,474
21,geometric_skeleton,qa_rendered_geometric_centerline_record_v1.0,62,323.579,280.0,0.6332262,0.59196617,512,474
21,geometric_skeleton,qa_rendered_geometric_centerline_record_v1.0,63,326.2,281.2,0.63835548,0.59450244,512,474
21,geometric_skeleton,qa_rendered_geometric_centerline_record_v1.0,64,328.986,282.0,0.64380844,0.5961945,512,474
21,geometric_skeleton,qa_rendered_geometric_centerline_record_v1.0,65,332.104,282.0,0.64991016,0.5961945,512,474
21,geometric_skeleton,qa_rendered_geometric_centerline_record_v1.0,66,335.222,282.0,0.65601187,0.5961945,512,474
21,geometric_skeleton,qa_rendered_geometric_centerline_record_v1.0,67,338.34,282.0,0.66211359,0.5961945,512,474
21,geometric_skeleton,qa_rendered_geometric_centerline_record_v1.0,68,341.458,282.0,0.6682153,0.5961945,512,474
21,geometric_skeleton,qa_rendered_geometric_centerline_record_v1.0,69,344.576,282.0,0.67431702,0.5961945,512,474
21,geometric_skeleton,qa_rendered_geometric_centerline_record_v1.0,70,347.491,282.491,0.68002096,0.59723195,512,474
21,geometric_skeleton,qa_rendered_geometric_centerline_record_v1.0,71,350.398,283.0,0.68570985,0.59830867,512,474
21,geometric_skeleton,qa_rendered_geometric_centerline_record_v1.0,72,353.516,283.0,0.69181157,0.59830867,512,474
21,geometric_skeleton,qa_rendered_geometric_centerline_record_v1.0,73,356.448,283.448,0.69755007,0.59925599,512,474
21,geometric_skeleton,qa_rendered_geometric_centerline_record_v1.0,74,359.239,284.239,0.70301099,0.6009273,512,474
21,geometric_skeleton,qa_rendered_geometric_centerline_record_v1.0,75,362.041,285.0,0.70849553,0.602537,512,474
21,geometric_skeleton,qa_rendered_geometric_centerline_record_v1.0,76,365.113,285.113,0.714506,0.60277498,512,474
21,geometric_skeleton,qa_rendered_geometric_centerline_record_v1.0,77,367.863,286.0,0.71988836,0.60465116,512,474
21,geometric_skeleton,qa_rendered_geometric_centerline_record_v1.0,78,370.567,287.0,0.72517948,0.60676533,512,474
21,geometric_skeleton,qa_rendered_geometric_centerline_record_v1.0,79,373.27,288.0,0.73047061,0.60887949,512,474
21,geometric_skeleton,qa_rendered_geometric_centerline_record_v1.0,80,375.974,289.0,0.73576173,0.61099366,512,474
21,geometric_skeleton,qa_rendered_geometric_centerline_record_v1.0,81,379.092,289.0,0.74186344,0.61099366,512,474
21,geometric_skeleton,qa_rendered_geometric_centerline_record_v1.0,82,382.21,289.0,0.74796516,0.61099366,512,474
21,geometric_skeleton,qa_rendered_geometric_centerline_record_v1.0,83,385.232,289.232,0.75387877,0.61148425,512,474
21,geometric_skeleton,qa_rendered_geometric_centerline_record_v1.0,84,387.618,291.0,0.7585474,0.61522199,512,474
21,geometric_skeleton,qa_rendered_geometric_centerline_record_v1.0,85,390.736,291.0,0.76464911,0.61522199,512,474
21,geometric_skeleton,qa_rendered_geometric_centerline_record_v1.0,86,393.854,291.0,0.77075083,0.61522199,512,474
21,geometric_skeleton,qa_rendered_geometric_centerline_record_v1.0,87,396.557,292.0,0.77604195,0.61733615,512,474
21,geometric_skeleton,qa_rendered_geometric_centerline_record_v1.0,88,399.675,292.0,0.78214367,0.61733615,512,474
21,geometric_skeleton,qa_rendered_geometric_centerline_record_v1.0,89,402.379,293.0,0.78743479,0.61945032,512,474
21,geometric_skeleton,qa_rendered_geometric_centerline_record_v1.0,90,405.497,293.0,0.7935365,0.61945032,512,474
21,geometric_skeleton,qa_rendered_geometric_centerline_record_v1.0,91,408.615,293.0,0.79963822,0.61945032,512,474
21,geometric_skeleton,qa_rendered_geometric_centerline_record_v1.0,92,411.319,294.0,0.80492934,0.62156448,512,474
21,geometric_skeleton,qa_rendered_geometric_centerline_record_v1.0,93,414.437,294.0,0.81103105,0.62156448,512,474
21,geometric_skeleton,qa_rendered_geometric_centerline_record_v1.0,94,417.555,294.0,0.81713277,0.62156448,512,474
21,geometric_skeleton,qa_rendered_geometric_centerline_record_v1.0,95,420.259,295.0,0.82242389,0.62367865,512,474
21,geometric_skeleton,qa_rendered_geometric_centerline_record_v1.0,96,423.377,295.0,0.82852561,0.62367865,512,474
21,geometric_skeleton,qa_rendered_geometric_centerline_record_v1.0,97,426.08,296.0,0.83381673,0.62579281,512,474
21,geometric_skeleton,qa_rendered_geometric_centerline_record_v1.0,98,428.847,296.847,0.83923159,0.62758423,512,474
21,geometric_skeleton,qa_rendered_geometric_centerline_record_v1.0,99,431.0,299.074,0.84344423,0.63229104,512,474
21,geometric_skeleton,qa_rendered_geometric_centerline_record_v1.0,100,431.0,302.192,0.84344423,0.63888295,512,474
21,geometric_skeleton,qa_rendered_geometric_centerline_record_v1.0,101,430.074,304.926,0.84163202,0.64466392,512,474
21,geometric_skeleton,qa_rendered_geometric_centerline_record_v1.0,102,430.0,308.013,0.84148728,0.65119107,512,474
21,geometric_skeleton,qa_rendered_geometric_centerline_record_v1.0,103,430.0,311.131,0.84148728,0.65778299,512,474
21,geometric_skeleton,qa_rendered_geometric_centerline_record_v1.0,104,428.409,313.591,0.83837473,0.66298206,512,474
21,geometric_skeleton,qa_rendered_geometric_centerline_record_v1.0,105,426.205,315.795,0.83406016,0.66764325,512,474
21,geometric_skeleton,qa_rendered_geometric_centerline_record_v1.0,106,424.0,318.0,0.8297456,0.67230444,512,474
22,geometric_skeleton,qa_rendered_geometric_centerline_record_v1.0,0,100.0,220.0,0.19569472,0.46511628,512,474
22,geometric_skeleton,qa_rendered_geometric_centerline_record_v1.0,1,103.141,219.607,0.20184159,0.46428619,512,474
22,geometric_skeleton,qa_rendered_geometric_centerline_record_v1.0,2,106.282,219.215,0.20798846,0.4634561,512,474
22,geometric_skeleton,qa_rendered_geometric_centerline_record_v1.0,3,109.014,220.014,0.21333493,0.4651462,512,474
22,geometric_skeleton,qa_rendered_geometric_centerline_record_v1.0,4,111.252,222.252,0.21771525,0.46987842,512,474
22,geometric_skeleton,qa_rendered_geometric_centerline_record_v1.0,5,114.077,223.077,0.22324192,0.47162077,512,474
22,geometric_skeleton,qa_rendered_geometric_centerline_record_v1.0,6,116.86,224.0,0.22868815,0.47357294,512,474
22,geometric_skeleton,qa_rendered_geometric_centerline_record_v1.0,7,119.611,225.0,0.23407226,0.4756871,512,474
22,geometric_skeleton,qa_rendered_geometric_centerline_record_v1.0,8,122.776,225.0,0.24026697,0.4756871,512,474
22,geometric_skeleton,qa_rendered_geometric_centerline_record_v1.0,9,125.942,225.0,0.24646167,0.4756871,512,474
22,geometric_skeleton,qa_rendered_geometric_centerline_record_v1.0,10,129.107,225.0,0.25265638,0.4756871,512,474
22,geometric_skeleton,qa_rendered_geometric_centerline_record_v1.0,11,132.273,225.0,0.25885108,0.4756871,512,474
22,geometric_skeleton,qa_rendered_geometric_centerline_record_v1.0,12,135.438,225.0,0.26504579,0.4756871,512,474
22,geometric_skeleton,qa_rendered_geometric_centerline_record_v1.0,13,138.604,225.0,0.2712405,0.4756871,512,474
22,geometric_skeleton,qa_rendered_geometric_centerline_record_v1.0,14,141.769,225.0,0.2774352,0.4756871,512,474
22,geometric_skeleton,qa_rendered_geometric_centerline_record_v1.0,15,144.935,225.0,0.28362991,0.4756871,512,474
22,geometric_skeleton,qa_rendered_geometric_centerline_record_v1.0,16,147.778,225.778,0.2891939,0.4773321,512,474
22,geometric_skeleton,qa_rendered_geometric_centerline_record_v1.0,17,150.602,226.602,0.29472058,0.47907445,512,474
22,geometric_skeleton,qa_rendered_geometric_centerline_record_v1.0,18,153.603,227.0,0.30059284,0.47991543,512,474
22,geometric_skeleton,qa_rendered_geometric_centerline_record_v1.0,19,156.543,227.543,0.3063471,0.4810642,512,474
22,geometric_skeleton,qa_rendered_geometric_centerline_record_v1.0,20,159.367,228.367,0.31187377,0.48280654,512,474
22,geometric_skeleton,qa_rendered_geometric_centerline_record_v1.0,21,162.192,229.192,0.31740044,0.48454889,512,474
22,geometric_skeleton,qa_rendered_geometric_centerline_record_v1.0,22,165.016,230.016,0.32292711,0.48629123,512,474
22,geometric_skeleton,qa_rendered_geometric_centerline_record_v1.0,23,167.774,231.0,0.32832399,0.48837209,512,474
22,geometric_skeleton,qa_rendered_geometric_centerline_record_v1.0,24,170.939,231.0,0.3345187,0.48837209,512,474
22,geometric_skeleton,qa_rendered_geometric_centerline_record_v1.0,25,173.69,232.0,0.33990281,0.49048626,512,474
22,geometric_skeleton,qa_rendered_geometric_centerline_record_v1.0,26,176.442,233.0,0.34528692,0.49260042,512,474
22,geometric_skeleton,qa_rendered_geometric_centerline_record_v1.0,27,179.607,233.0,0.35148163,0.49260042,512,474
22,geometric_skeleton,qa_rendered_geometric_centerline_record_v1.0,28,182.773,233.0,0.35767634,0.49260042,512,474
22,geometric_skeleton,qa_rendered_geometric_centerline_record_v1.0,29,185.938,233.0,0.36387104,0.49260042,512,474
22,geometric_skeleton,qa_rendered_geometric_centerline_record_v1.0,30,188.689,234.0,0.36925515,0.49471459,512,474
22,geometric_skeleton,qa_rendered_geometric_centerline_record_v1.0,31,191.855,234.0,0.37544986,0.49471459,512,474
22,geometric_skeleton,qa_rendered_geometric_centerline_record_v1.0,32,194.606,235.0,0.38083397,0.49682875,512,474
22,geometric_skeleton,qa_rendered_geometric_centerline_record_v1.0,33,197.772,235.0,0.38702868,0.49682875,512,474
22,geometric_skeleton,qa_rendered_geometric_centerline_record_v1.0,34,200.523,236.0,0.39241279,0.49894292,512,474
22,geometric_skeleton,qa_rendered_geometric_centerline_record_v1.0,35,203.688,236.0,0.3986075,0.49894292,512,474
22,geometric_skeleton,qa_rendered_geometric_centerline_record_v1.0,36,206.854,236.0,0.4048022,0.49894292,512,474
22,geometric_skeleton,qa_rendered_geometric_centerline_record_v1.0,37,210.019,236.0,0.41099691,0.49894292,512,474
22,geometric_skeleton,qa_rendered_geometric_centerline_record_v1.0,38,213.185,236.0,0.41719161,0.49894292,512,474
22,geometric_skeleton,qa_rendered_geometric_centerline_record_v1.0,39,216.248,236.248,0.42318547,0.49946676,512,474
22,geometric_skeleton,qa_rendered_geometric_centerline_record_v1.0,40,219.102,237.0,0.42877043,0.50105708,512,474
22,geometric_skeleton,qa_rendered_geometric_centerline_record_v1.0,41,222.267,237.0,0.43496514,0.50105708,512,474
22,geometric_skeleton,qa_rendered_geometric_centerline_record_v1.0,42,225.433,237.0,0.44115984,0.50105708,512,474
22,geometric_skeleton,qa_rendered_geometric_centerline_record_v1.0,43,228.423,237.423,0.44701169,0.50195132,512,474
22,geometric_skeleton,qa_rendered_geometric_centerline_record_v1.0,44,231.349,238.0,0.45273866,0.50317125,512,474
22,geometric_skeleton,qa_rendered_geometric_centerline_record_v1.0,45,234.515,238.0,0.45893337,0.50317125,512,474
22,geometric_skeleton,qa_rendered_geometric_centerline_record_v1.0,46,237.68,238.0,0.46512808,0.50317125,512,474
22,geometric_skeleton,qa_rendered_geometric_centerline_record_v1.0,47,240.846,238.0,0.47132278,0.50317125,512,474
22,geometric_skeleton,qa_rendered_geometric_centerline_record_v1.0,48,244.011,238.0,0.47751749,0.50317125,512,474
22,geometric_skeleton,qa_rendered_geometric_centerline_record_v1.0,49,246.832,237.168,0.4830376,0.50141181,512,474
22,geometric_skeleton,qa_rendered_geometric_centerline_record_v1.0,50,249.928,237.0,0.48909631,0.50105708,512,474
22,geometric_skeleton,qa_rendered_geometric_centerline_record_v1.0,51,253.094,237.0,0.49529101,0.50105708,512,474
22,geometric_skeleton,qa_rendered_geometric_centerline_record_v1.0,52,256.259,237.0,0.50148572,0.50105708,512,474
22,geometric_skeleton,qa_rendered_geometric_centerline_record_v1.0,53,259.425,237.0,0.50768042,0.50105708,512,474
22,geometric_skeleton,qa_rendered_geometric_centerline_record_v1.0,54,262.59,237.0,0.51387513,0.50105708,512,474
22,geometric_skeleton,qa_rendered_geometric_centerline_record_v1.0,55,265.756,237.0,0.52006984,0.50105708,512,474
22,geometric_skeleton,qa_rendered_geometric_centerline_record_v1.0,56,268.921,237.0,0.52626454,0.50105708,512,474
22,geometric_skeleton,qa_rendered_geometric_centerline_record_v1.0,57,272.087,237.0,0.53245925,0.50105708,512,474
22,geometric_skeleton,qa_rendered_geometric_centerline_record_v1.0,58,275.252,237.0,0.53865395,0.50105708,512,474
22,geometric_skeleton,qa_rendered_geometric_centerline_record_v1.0,59,278.418,237.0,0.54484866,0.50105708,512,474
22,geometric_skeleton,qa_rendered_geometric_centerline_record_v1.0,60,281.583,237.0,0.55104337,0.50105708,512,474
22,geometric_skeleton,qa_rendered_geometric_centerline_record_v1.0,61,284.749,237.0,0.55723807,0.50105708,512,474
22,geometric_skeleton,qa_rendered_geometric_centerline_record_v1.0,62,287.5,238.0,0.56262218,0.50317125,512,474
22,geometric_skeleton,qa_rendered_geometric_centerline_record_v1.0,63,290.665,238.0,0.56881689,0.50317125,512,474
22,geometric_skeleton,qa_rendered_geometric_centerline_record_v1.0,64,293.417,239.0,0.574201,0.50528541,512,474
22,geometric_skeleton,qa_rendered_geometric_centerline_record_v1.0,65,296.582,239.0,0.58039571,0.50528541,512,474
22,geometric_skeleton,qa_rendered_geometric_centerline_record_v1.0,66,299.333,240.0,0.58577982,0.50739958,512,474
22,geometric_skeleton,qa_rendered_geometric_centerline_record_v1.0,67,302.085,241.0,0.59116393,0.50951374,512,474
22,geometric_skeleton,qa_rendered_geometric_centerline_record_v1.0,68,304.836,242.0,0.59654805,0.51162791,512,474
22,geometric_skeleton,qa_rendered_geometric_centerline_record_v1.0,69,308.002,242.0,0.60274275,0.51162791,512,474
22,geometric_skeleton,qa_rendered_geometric_centerline_record_v1.0,70,310.753,243.0,0.60812686,0.51374207,512,474
22,geometric_skeleton,qa_rendered_geometric_centerline_record_v1.0,71,313.918,243.0,0.61432157,0.51374207,512,474
22,geometric_skeleton,qa_rendered_geometric_centerline_record_v1.0,72,316.67,244.0,0.61970568,0.51585624,512,474
22,geometric_skeleton,qa_rendered_geometric_centerline_record_v1.0,73,319.835,244.0,0.62590039,0.51585624,512,474
22,geometric_skeleton,qa_rendered_geometric_centerline_record_v1.0,74,323.001,244.0,0.63209509,0.51585624,512,474
22,geometric_skeleton,qa_rendered_geometric_centerline_record_v1.0,75,326.166,244.0,0.6382898,0.51585624,512,474
22,geometric_skeleton,qa_rendered_geometric_centerline_record_v1.0,76,329.332,244.0,0.64448451,0.51585624,512,474
22,geometric_skeleton,qa_rendered_geometric_centerline_record_v1.0,77,332.497,244.0,0.65067921,0.51585624,512,474
22,geometric_skeleton,qa_rendered_geometric_centerline_record_v1.0,78,335.663,244.0,0.65687392,0.51585624,512,474
22,geometric_skeleton,qa_rendered_geometric_centerline_record_v1.0,79,338.828,244.0,0.66306862,0.51585624,512,474
22,geometric_skeleton,qa_rendered_geometric_centerline_record_v1.0,80,341.994,244.0,0.66926333,0.51585624,512,474
22,geometric_skeleton,qa_rendered_geometric_centerline_record_v1.0,81,344.745,243.0,0.67464744,0.51374207,512,474
22,geometric_skeleton,qa_rendered_geometric_centerline_record_v1.0,82,347.496,242.0,0.68003155,0.51162791,512,474
22,geometric_skeleton,qa_rendered_geometric_centerline_record_v1.0,83,350.247,241.0,0.68541567,0.50951374,512,474
22,geometric_skeleton,qa_rendered_geometric_centerline_record_v1.0,84,352.999,240.0,0.69079978,0.50739958,512,474
22,geometric_skeleton,qa_rendered_geometric_centerline_record_v1.0,85,355.75,239.0,0.69618389,0.50528541,512,474
22,geometric_skeleton,qa_rendered_geometric_centerline_record_v1.0,86,358.501,238.0,0.701568,0.50317125,512,474
22,geometric_skeleton,qa_rendered_geometric_centerline_record_v1.0,87,361.253,237.0,0.70695212,0.50105708,512,474
22,geometric_skeleton,qa_rendered_geometric_centerline_record_v1.0,88,364.004,236.0,0.71233623,0.49894292,512,474
22,geometric_skeleton,qa_rendered_geometric_centerline_record_v1.0,89,367.169,236.0,0.71853093,0.49894292,512,474
22,geometric_skeleton,qa_rendered_geometric_centerline_record_v1.0,90,370.335,236.0,0.72472564,0.49894292,512,474
22,geometric_skeleton,qa_rendered_geometric_centerline_record_v1.0,91,373.086,235.0,0.73010975,0.49682875,512,474
22,geometric_skeleton,qa_rendered_geometric_centerline_record_v1.0,92,376.252,235.0,0.73630446,0.49682875,512,474
22,geometric_skeleton,qa_rendered_geometric_centerline_record_v1.0,93,379.417,235.0,0.74249916,0.49682875,512,474
22,geometric_skeleton,qa_rendered_geometric_centerline_record_v1.0,94,382.168,234.0,0.74788328,0.49471459,512,474
22,geometric_skeleton,qa_rendered_geometric_centerline_record_v1.0,95,385.334,234.0,0.75407798,0.49471459,512,474
22,geometric_skeleton,qa_rendered_geometric_centerline_record_v1.0,96,388.499,234.0,0.76027269,0.49471459,512,474
22,geometric_skeleton,qa_rendered_geometric_centerline_record_v1.0,97,391.665,234.0,0.76646739,0.49471459,512,474
22,geometric_skeleton,qa_rendered_geometric_centerline_record_v1.0,98,394.83,234.0,0.7726621,0.49471459,512,474
22,geometric_skeleton,qa_rendered_geometric_centerline_record_v1.0,99,397.996,234.0,0.77885681,0.49471459,512,474
22,geometric_skeleton,qa_rendered_geometric_centerline_record_v1.0,100,401.161,234.0,0.78505151,0.49471459,512,474
22,geometric_skeleton,qa_rendered_geometric_centerline_record_v1.0,101,404.327,234.0,0.79124622,0.49471459,512,474
22,geometric_skeleton,qa_rendered_geometric_centerline_record_v1.0,102,407.492,234.0,0.79744092,0.49471459,512,474
22,geometric_skeleton,qa_rendered_geometric_centerline_record_v1.0,103,410.658,234.0,0.80363563,0.49471459,512,474
22,geometric_skeleton,qa_rendered_geometric_centerline_record_v1.0,104,413.823,234.0,0.80983034,0.49471459,512,474
22,geometric_skeleton,qa_rendered_geometric_centerline_record_v1.0,105,416.989,234.0,0.81602504,0.49471459,512,474
22,geometric_skeleton,qa_rendered_geometric_centerline_record_v1.0,106,419.523,232.477,0.82098496,0.49149405,512,474
22,geometric_skeleton,qa_rendered_geometric_centerline_record_v1.0,107,421.762,230.238,0.82536528,0.48676182,512,474
22,geometric_skeleton,qa_rendered_geometric_centerline_record_v1.0,108,424.0,228.0,0.8297456,0.4820296,512,474
23,geometric_skeleton,qa_rendered_geometric_centerline_record_v1.0,0,232.0,208.0,0.45401174,0.4397463,512,474
23,geometric_skeleton,qa_rendered_geometric_centerline_record_v1.0,1,235.085,208.0,0.46004908,0.4397463,512,474
23,geometric_skeleton,qa_rendered_geometric_centerline_record_v1.0,2,238.17,208.0,0.46608643,0.4397463,512,474
23,geometric_skeleton,qa_rendered_geometric_centerline_record_v1.0,3,241.255,208.0,0.47212377,0.4397463,512,474
23,geometric_skeleton,qa_rendered_geometric_centerline_record_v1.0,4,244.34,208.0,0.47816111,0.4397463,512,474
23,geometric_skeleton,qa_rendered_geometric_centerline_record_v1.0,5,247.425,208.0,0.48419846,0.4397463,512,474
23,geometric_skeleton,qa_rendered_geometric_centerline_record_v1.0,6,250.361,208.361,0.4899432,0.44050946,512,474
23,geometric_skeleton,qa_rendered_geometric_centerline_record_v1.0,7,253.181,209.0,0.49546255,0.44186047,512,474
23,geometric_skeleton,qa_rendered_geometric_centerline_record_v1.0,8,256.266,209.0,0.50149989,0.44186047,512,474
23,geometric_skeleton,qa_rendered_geometric_centerline_record_v1.0,9,259.352,209.0,0.50753723,0.44186047,512,474
23,geometric_skeleton,qa_rendered_geometric_centerline_record_v1.0,10,262.437,209.0,0.51357458,0.44186047,512,474
23,geometric_skeleton,qa_rendered_geometric_centerline_record_v1.0,11,265.522,209.0,0.51961192,0.44186047,512,474
23,geometric_skeleton,qa_rendered_geometric_centerline_record_v1.0,12,268.607,209.0,0.52564926,0.44186047,512,474
23,geometric_skeleton,qa_rendered_geometric_centerline_record_v1.0,13,271.692,209.0,0.53168661,0.44186047,512,474
23,geometric_skeleton,qa_rendered_geometric_centerline_record_v1.0,14,274.777,209.0,0.53772395,0.44186047,512,474
23,geometric_skeleton,qa_rendered_geometric_centerline_record_v1.0,15,277.862,209.0,0.54376129,0.44186047,512,474
23,geometric_skeleton,qa_rendered_geometric_centerline_record_v1.0,16,280.947,209.0,0.54979864,0.44186047,512,474
23,geometric_skeleton,qa_rendered_geometric_centerline_record_v1.0,17,284.032,209.0,0.55583598,0.44186047,512,474
23,geometric_skeleton,qa_rendered_geometric_centerline_record_v1.0,18,287.117,209.0,0.56187332,0.44186047,512,474
23,geometric_skeleton,qa_rendered_geometric_centerline_record_v1.0,19,289.85,208.15,0.56722151,0.44006302,512,474
23,geometric_skeleton,qa_rendered_geometric_centerline_record_v1.0,20,292.873,208.0,0.57313741,0.4397463,512,474
23,geometric_skeleton,qa_rendered_geometric_centerline_record_v1.0,21,295.958,208.0,0.57917476,0.4397463,512,474
23,geometric_skeleton,qa_rendered_geometric_centerline_record_v1.0,22,298.738,207.262,0.58461406,0.43818651,512,474
23,geometric_skeleton,qa_rendered_geometric_centerline_record_v1.0,23,301.505,206.495,0.59002946,0.43656437,512,474
23,geometric_skeleton,qa_rendered_geometric_centerline_record_v1.0,24,304.272,205.728,0.59544486,0.43494224,512,474
23,geometric_skeleton,qa_rendered_geometric_centerline_record_v1.0,25,307.056,205.0,0.60089235,0.43340381,512,474
23,geometric_skeleton,qa_rendered_geometric_centerline_record_v1.0,26,310.1,204.9,0.60684883,0.43319291,512,474
23,geometric_skeleton,qa_rendered_geometric_centerline_record_v1.0,27,312.812,204.0,0.61215644,0.43128964,512,474
23,geometric_skeleton,qa_rendered_geometric_centerline_record_v1.0,28,315.897,204.0,0.61819378,0.43128964,512,474
23,geometric_skeleton,qa_rendered_geometric_centerline_record_v1.0,29,318.982,204.0,0.62423112,0.43128964,512,474
23,geometric_skeleton,qa_rendered_geometric_centerline_record_v1.0,30,322.067,204.0,0.63026847,0.43128964,512,474
23,geometric_skeleton,qa_rendered_geometric_centerline_record_v1.0,31,325.152,204.0,0.63630581,0.43128964,512,474
23,geometric_skeleton,qa_rendered_geometric_centerline_record_v1.0,32,328.237,204.0,0.64234315,0.43128964,512,474
23,geometric_skeleton,qa_rendered_geometric_centerline_record_v1.0,33,331.322,204.0,0.6483805,0.43128964,512,474
23,geometric_skeleton,qa_rendered_geometric_centerline_record_v1.0,34,334.408,204.0,0.65441784,0.43128964,512,474
23,geometric_skeleton,qa_rendered_geometric_centerline_record_v1.0,35,337.493,204.0,0.66045518,0.43128964,512,474
23,geometric_skeleton,qa_rendered_geometric_centerline_record_v1.0,36,340.578,204.0,0.66649252,0.43128964,512,474
23,geometric_skeleton,qa_rendered_geometric_centerline_record_v1.0,37,343.663,204.0,0.67252987,0.43128964,512,474
23,geometric_skeleton,qa_rendered_geometric_centerline_record_v1.0,38,346.748,204.0,0.67856721,0.43128964,512,474
23,geometric_skeleton,qa_rendered_geometric_centerline_record_v1.0,39,349.833,204.0,0.68460455,0.43128964,512,474
23,geometric_skeleton,qa_rendered_geometric_centerline_record_v1.0,40,352.918,204.0,0.6906419,0.43128964,512,474
23,geometric_skeleton,qa_rendered_geometric_centerline_record_v1.0,41,356.003,204.0,0.69667924,0.43128964,512,474
23,geometric_skeleton,qa_rendered_geometric_centerline_record_v1.0,42,359.088,204.0,0.70271658,0.43128964,512,474
23,geometric_skeleton,qa_rendered_geometric_centerline_record_v1.0,43,362.173,204.0,0.70875393,0.43128964,512,474
23,geometric_skeleton,qa_rendered_geometric_centerline_record_v1.0,44,364.844,203.0,0.71398067,0.42917548,512,474
23,geometric_skeleton,qa_rendered_geometric_centerline_record_v1.0,45,367.929,203.0,0.72001802,0.42917548,512,474
23,geometric_skeleton,qa_rendered_geometric_centerline_record_v1.0,46,371.014,203.0,0.72605536,0.42917548,512,474
23,geometric_skeleton,qa_rendered_geometric_centerline_record_v1.0,47,374.099,203.0,0.7320927,0.42917548,512,474
23,geometric_skeleton,qa_rendered_geometric_centerline_record_v1.0,48,377.184,203.0,0.73813005,0.42917548,512,474
23,geometric_skeleton,qa_rendered_geometric_centerline_record_v1.0,49,380.27,203.0,0.74416739,0.42917548,512,474
23,geometric_skeleton,qa_rendered_geometric_centerline_record_v1.0,50,383.355,203.0,0.75020473,0.42917548,512,474
23,geometric_skeleton,qa_rendered_geometric_centerline_record_v1.0,51,386.44,203.0,0.75624208,0.42917548,512,474
23,geometric_skeleton,qa_rendered_geometric_centerline_record_v1.0,52,389.525,203.0,0.76227942,0.42917548,512,474
23,geometric_skeleton,qa_rendered_geometric_centerline_record_v1.0,53,392.61,203.0,0.76831676,0.42917548,512,474
23,geometric_skeleton,qa_rendered_geometric_centerline_record_v1.0,54,395.695,203.0,0.7743541,0.42917548,512,474
23,geometric_skeleton,qa_rendered_geometric_centerline_record_v1.0,55,398.78,203.0,0.78039145,0.42917548,512,474
23,geometric_skeleton,qa_rendered_geometric_centerline_record_v1.0,56,401.865,203.0,0.78642879,0.42917548,512,474
23,geometric_skeleton,qa_rendered_geometric_centerline_record_v1.0,57,404.95,203.0,0.79246613,0.42917548,512,474
23,geometric_skeleton,qa_rendered_geometric_centerline_record_v1.0,58,408.035,203.0,0.79850348,0.42917548,512,474
23,geometric_skeleton,qa_rendered_geometric_centerline_record_v1.0,59,411.12,203.0,0.80454082,0.42917548,512,474
23,geometric_skeleton,qa_rendered_geometric_centerline_record_v1.0,60,414.205,203.0,0.81057816,0.42917548,512,474
23,geometric_skeleton,qa_rendered_geometric_centerline_record_v1.0,61,417.291,203.0,0.81661551,0.42917548,512,474
23,geometric_skeleton,qa_rendered_geometric_centerline_record_v1.0,62,420.376,203.0,0.82265285,0.42917548,512,474
23,geometric_skeleton,qa_rendered_geometric_centerline_record_v1.0,63,423.461,203.0,0.82869019,0.42917548,512,474
23,geometric_skeleton,qa_rendered_geometric_centerline_record_v1.0,64,426.546,203.0,0.83472753,0.42917548,512,474
23,geometric_skeleton,qa_rendered_geometric_centerline_record_v1.0,65,429.631,203.0,0.84076488,0.42917548,512,474
23,geometric_skeleton,qa_rendered_geometric_centerline_record_v1.0,66,432.716,203.0,0.84680222,0.42917548,512,474
23,geometric_skeleton,qa_rendered_geometric_centerline_record_v1.0,67,435.801,203.0,0.85283956,0.42917548,512,474
23,geometric_skeleton,qa_rendered_geometric_centerline_record_v1.0,68,438.472,204.0,0.85806631,0.43128964,512,474
23,geometric_skeleton,qa_rendered_geometric_centerline_record_v1.0,69,441.557,204.0,0.86410365,0.43128964,512,474
23,geometric_skeleton,qa_rendered_geometric_centerline_record_v1.0,70,444.642,204.0,0.870141,0.43128964,512,474
23,geometric_skeleton,qa_rendered_geometric_centerline_record_v1.0,71,447.727,204.0,0.87617834,0.43128964,512,474
23,geometric_skeleton,qa_rendered_geometric_centerline_record_v1.0,72,450.812,204.0,0.88221568,0.43128964,512,474
23,geometric_skeleton,qa_rendered_geometric_centerline_record_v1.0,73,453.897,204.0,0.88825303,0.43128964,512,474
23,geometric_skeleton,qa_rendered_geometric_centerline_record_v1.0,74,456.982,204.0,0.89429037,0.43128964,512,474
23,geometric_skeleton,qa_rendered_geometric_centerline_record_v1.0,75,459.653,205.0,0.89951712,0.43340381,512,474
23,geometric_skeleton,qa_rendered_geometric_centerline_record_v1.0,76,462.738,205.0,0.90555446,0.43340381,512,474
23,geometric_skeleton,qa_rendered_geometric_centerline_record_v1.0,77,465.823,205.0,0.9115918,0.43340381,512,474
23,geometric_skeleton,qa_rendered_geometric_centerline_record_v1.0,78,468.908,205.0,0.91762915,0.43340381,512,474
23,geometric_skeleton,qa_rendered_geometric_centerline_record_v1.0,79,471.994,205.0,0.92366649,0.43340381,512,474
23,geometric_skeleton,qa_rendered_geometric_centerline_record_v1.0,80,475.079,205.0,0.92970383,0.43340381,512,474
23,geometric_skeleton,qa_rendered_geometric_centerline_record_v1.0,81,478.164,205.0,0.93574118,0.43340381,512,474
23,geometric_skeleton,qa_rendered_geometric_centerline_record_v1.0,82,481.249,205.0,0.94177852,0.43340381,512,474
23,geometric_skeleton,qa_rendered_geometric_centerline_record_v1.0,83,484.334,205.0,0.94781586,0.43340381,512,474
23,geometric_skeleton,qa_rendered_geometric_centerline_record_v1.0,84,487.003,203.997,0.95303987,0.4312825,512,474
23,geometric_skeleton,qa_rendered_geometric_centerline_record_v1.0,85,489.261,202.0,0.95745877,0.42706131,512,474
23,geometric_skeleton,qa_rendered_geometric_centerline_record_v1.0,86,491.659,200.341,0.96215114,0.42355342,512,474
23,geometric_skeleton,qa_rendered_geometric_centerline_record_v1.0,87,493.841,198.159,0.96642019,0.4189414,512,474
23,geometric_skeleton,qa_rendered_geometric_centerline_record_v1.0,88,495.569,195.671,0.96980324,0.41368134,512,474
23,geometric_skeleton,qa_rendered_geometric_centerline_record_v1.0,89,496.785,192.836,0.97218146,0.40768634,512,474
23,geometric_skeleton,qa_rendered_geometric_centerline_record_v1.0,90,498.0,190.0,0.97455969,0.40169133,512,474
24,geometric_skeleton,qa_rendered_geometric_centerline_record_v1.0,0,130.0,196.0,0.25440313,0.41437632,512,474
24,geometric_skeleton,qa_rendered_geometric_centerline_record_v1.0,1,133.069,195.616,0.26040873,0.41356531,512,474
24,geometric_skeleton,qa_rendered_geometric_centerline_record_v1.0,2,136.138,195.233,0.26641432,0.4127543,512,474
24,geometric_skeleton,qa_rendered_geometric_centerline_record_v1.0,3,138.86,195.86,0.27174133,0.41407996,512,474
24,geometric_skeleton,qa_rendered_geometric_centerline_record_v1.0,4,141.066,198.0,0.27605885,0.41860465,512,474
24,geometric_skeleton,qa_rendered_geometric_centerline_record_v1.0,5,144.159,198.0,0.28211118,0.41860465,512,474
24,geometric_skeleton,qa_rendered_geometric_centerline_record_v1.0,6,147.252,198.0,0.28816351,0.41860465,512,474
24,geometric_skeleton,qa_rendered_geometric_centerline_record_v1.0,7,150.344,198.0,0.29421584,0.41860465,512,474
24,geometric_skeleton,qa_rendered_geometric_centerline_record_v1.0,8,153.437,198.0,0.30026818,0.41860465,512,474
24,geometric_skeleton,qa_rendered_geometric_centerline_record_v1.0,9,156.53,198.0,0.30632051,0.41860465,512,474
24,geometric_skeleton,qa_rendered_geometric_centerline_record_v1.0,10,159.623,198.0,0.31237284,0.41860465,512,474
24,geometric_skeleton,qa_rendered_geometric_centerline_record_v1.0,11,162.715,198.0,0.31842517,0.41860465,512,474
24,geometric_skeleton,qa_rendered_geometric_centerline_record_v1.0,12,165.394,199.0,0.32366691,0.42071882,512,474
24,geometric_skeleton,qa_rendered_geometric_centerline_record_v1.0,13,168.487,199.0,0.32971925,0.42071882,512,474
24,geometric_skeleton,qa_rendered_geometric_centerline_record_v1.0,14,171.579,199.0,0.33577158,0.42071882,512,474
24,geometric_skeleton,qa_rendered_geometric_centerline_record_v1.0,15,174.258,200.0,0.34101332,0.42283298,512,474
24,geometric_skeleton,qa_rendered_geometric_centerline_record_v1.0,16,177.351,200.0,0.34706565,0.42283298,512,474
24,geometric_skeleton,qa_rendered_geometric_centerline_record_v1.0,17,180.443,200.0,0.35311798,0.42283298,512,474
24,geometric_skeleton,qa_rendered_geometric_centerline_record_v1.0,18,183.536,200.0,0.35917032,0.42283298,512,474
24,geometric_skeleton,qa_rendered_geometric_centerline_record_v1.0,19,186.629,200.0,0.36522265,0.42283298,512,474
24,geometric_skeleton,qa_rendered_geometric_centerline_record_v1.0,20,189.307,201.0,0.37046439,0.42494715,512,474
24,geometric_skeleton,qa_rendered_geometric_centerline_record_v1.0,21,192.4,201.0,0.37651672,0.42494715,512,474
24,geometric_skeleton,qa_rendered_geometric_centerline_record_v1.0,22,195.079,202.0,0.38175846,0.42706131,512,474
24,geometric_skeleton,qa_rendered_geometric_centerline_record_v1.0,23,198.171,202.0,0.38781079,0.42706131,512,474
24,geometric_skeleton,qa_rendered_geometric_centerline_record_v1.0,24,201.264,202.0,0.39386313,0.42706131,512,474
24,geometric_skeleton,qa_rendered_geometric_centerline_record_v1.0,25,204.357,202.0,0.39991546,0.42706131,512,474
24,geometric_skeleton,qa_rendered_geometric_centerline_record_v1.0,26,207.45,202.0,0.40596779,0.42706131,512,474
24,geometric_skeleton,qa_rendered_geometric_centerline_record_v1.0,27,210.542,202.0,0.41202012,0.42706131,512,474
24,geometric_skeleton,qa_rendered_geometric_centerline_record_v1.0,28,213.635,202.0,0.41807246,0.42706131,512,474
24,geometric_skeleton,qa_rendered_geometric_centerline_record_v1.0,29,216.728,202.0,0.42412479,0.42706131,512,474
24,geometric_skeleton,qa_rendered_geometric_centerline_record_v1.0,30,219.821,202.0,0.43017712,0.42706131,512,474
24,geometric_skeleton,qa_rendered_geometric_centerline_record_v1.0,31,222.913,202.0,0.43622946,0.42706131,512,474
24,geometric_skeleton,qa_rendered_geometric_centerline_record_v1.0,32,226.006,202.0,0.44228179,0.42706131,512,474
24,geometric_skeleton,qa_rendered_geometric_centerline_record_v1.0,33,229.099,202.0,0.44833412,0.42706131,512,474
24,geometric_skeleton,qa_rendered_geometric_centerline_record_v1.0,34,232.191,202.0,0.45438645,0.42706131,512,474
24,geometric_skeleton,qa_rendered_geometric_centerline_record_v1.0,35,235.284,202.0,0.46043879,0.42706131,512,474
24,geometric_skeleton,qa_rendered_geometric_centerline_record_v1.0,36,238.377,202.0,0.46649112,0.42706131,512,474
24,geometric_skeleton,qa_rendered_geometric_centerline_record_v1.0,37,241.47,202.0,0.47254345,0.42706131,512,474
24,geometric_skeleton,qa_rendered_geometric_centerline_record_v1.0,38,244.562,202.0,0.47859579,0.42706131,512,474
24,geometric_skeleton,qa_rendered_geometric_centerline_record_v1.0,39,247.655,202.0,0.48464812,0.42706131,512,474
24,geometric_skeleton,qa_rendered_geometric_centerline_record_v1.0,40,250.748,202.0,0.49070045,0.42706131,512,474
24,geometric_skeleton,qa_rendered_geometric_centerline_record_v1.0,41,253.841,202.0,0.49675278,0.42706131,512,474
24,geometric_skeleton,qa_rendered_geometric_centerline_record_v1.0,42,256.933,202.0,0.50280512,0.42706131,512,474
24,geometric_skeleton,qa_rendered_geometric_centerline_record_v1.0,43,259.612,203.0,0.50804686,0.42917548,512,474
24,geometric_skeleton,qa_rendered_geometric_centerline_record_v1.0,44,262.705,203.0,0.51409919,0.42917548,512,474
24,geometric_skeleton,qa_rendered_geometric_centerline_record_v1.0,45,265.797,203.0,0.52015152,0.42917548,512,474
24,geometric_skeleton,qa_rendered_geometric_centerline_record_v1.0,46,268.89,203.0,0.52620385,0.42917548,512,474
24,geometric_skeleton,qa_rendered_geometric_centerline_record_v1.0,47,271.983,203.0,0.53225619,0.42917548,512,474
24,geometric_skeleton,qa_rendered_geometric_centerline_record_v1.0,48,275.076,203.0,0.53830852,0.42917548,512,474
24,geometric_skeleton,qa_rendered_geometric_centerline_record_v1.0,49,278.168,203.0,0.54436085,0.42917548,512,474
24,geometric_skeleton,qa_rendered_geometric_centerline_record_v1.0,50,281.261,203.0,0.55041319,0.42917548,512,474
24,geometric_skeleton,qa_rendered_geometric_centerline_record_v1.0,51,284.354,203.0,0.55646552,0.42917548,512,474
24,geometric_skeleton,qa_rendered_geometric_centerline_record_v1.0,52,287.447,203.0,0.56251785,0.42917548,512,474
24,geometric_skeleton,qa_rendered_geometric_centerline_record_v1.0,53,290.539,203.0,0.56857018,0.42917548,512,474
24,geometric_skeleton,qa_rendered_geometric_centerline_record_v1.0,54,293.632,203.0,0.57462252,0.42917548,512,474
24,geometric_skeleton,qa_rendered_geometric_centerline_record_v1.0,55,296.725,203.0,0.58067485,0.42917548,512,474
24,geometric_skeleton,qa_rendered_geometric_centerline_record_v1.0,56,299.818,203.0,0.58672718,0.42917548,512,474
24,geometric_skeleton,qa_rendered_geometric_centerline_record_v1.0,57,302.91,203.0,0.59277951,0.42917548,512,474
24,geometric_skeleton,qa_rendered_geometric_centerline_record_v1.0,58,306.003,203.0,0.59883185,0.42917548,512,474
24,geometric_skeleton,qa_rendered_geometric_centerline_record_v1.0,59,309.096,203.0,0.60488418,0.42917548,512,474
24,geometric_skeleton,qa_rendered_geometric_centerline_record_v1.0,60,311.84,202.16,0.61025526,0.42739865,512,474
24,geometric_skeleton,qa_rendered_geometric_centerline_record_v1.0,61,314.867,202.0,0.61617825,0.42706131,512,474
24,geometric_skeleton,qa_rendered_geometric_centerline_record_v1.0,62,317.96,202.0,0.62223058,0.42706131,512,474
24,geometric_skeleton,qa_rendered_geometric_centerline_record_v1.0,63,321.053,202.0,0.62828292,0.42706131,512,474
24,geometric_skeleton,qa_rendered_geometric_centerline_record_v1.0,64,324.145,202.0,0.63433525,0.42706131,512,474
24,geometric_skeleton,qa_rendered_geometric_centerline_record_v1.0,65,327.238,202.0,0.64038758,0.42706131,512,474
24,geometric_skeleton,qa_rendered_geometric_centerline_record_v1.0,66,330.331,202.0,0.64643992,0.42706131,512,474
24,geometric_skeleton,qa_rendered_geometric_centerline_record_v1.0,67,333.424,202.0,0.65249225,0.42706131,512,474
24,geometric_skeleton,qa_rendered_geometric_centerline_record_v1.0,68,336.516,202.0,0.65854458,0.42706131,512,474
24,geometric_skeleton,qa_rendered_geometric_centerline_record_v1.0,69,339.609,202.0,0.66459691,0.42706131,512,474
24,geometric_skeleton,qa_rendered_geometric_centerline_record_v1.0,70,342.288,203.0,0.66983865,0.42917548,512,474
24,geometric_skeleton,qa_rendered_geometric_centerline_record_v1.0,71,345.38,203.0,0.67589099,0.42917548,512,474
24,geometric_skeleton,qa_rendered_geometric_centerline_record_v1.0,72,348.059,204.0,0.68113273,0.43128964,512,474
24,geometric_skeleton,qa_rendered_geometric_centerline_record_v1.0,73,351.152,204.0,0.68718506,0.43128964,512,474
24,geometric_skeleton,qa_rendered_geometric_centerline_record_v1.0,74,354.244,204.0,0.69323739,0.43128964,512,474
24,geometric_skeleton,qa_rendered_geometric_centerline_record_v1.0,75,356.945,204.945,0.69852336,0.43328845,512,474
24,geometric_skeleton,qa_rendered_geometric_centerline_record_v1.0,76,359.718,205.718,0.70394936,0.43492203,512,474
24,geometric_skeleton,qa_rendered_geometric_centerline_record_v1.0,77,362.694,206.0,0.7097732,0.43551797,512,474
24,geometric_skeleton,qa_rendered_geometric_centerline_record_v1.0,78,365.556,206.556,0.71537453,0.43669426,512,474
24,geometric_skeleton,qa_rendered_geometric_centerline_record_v1.0,79,368.329,207.329,0.72080053,0.43832785,512,474
24,geometric_skeleton,qa_rendered_geometric_centerline_record_v1.0,80,371.102,208.102,0.72622653,0.43996143,512,474
24,geometric_skeleton,qa_rendered_geometric_centerline_record_v1.0,81,373.822,209.0,0.73155075,0.44186047,512,474
24,geometric_skeleton,qa_rendered_geometric_centerline_record_v1.0,82,376.915,209.0,0.73760308,0.44186047,512,474
24,geometric_skeleton,qa_rendered_geometric_centerline_record_v1.0,83,379.594,210.0,0.74284482,0.44397463,512,474
24,geometric_skeleton,qa_rendered_geometric_centerline_record_v1.0,84,382.686,210.0,0.74889715,0.44397463,512,474
24,geometric_skeleton,qa_rendered_geometric_centerline_record_v1.0,85,385.779,210.0,0.75494949,0.44397463,512,474
24,geometric_skeleton,qa_rendered_geometric_centerline_record_v1.0,86,388.458,211.0,0.76019123,0.44608879,512,474
24,geometric_skeleton,qa_rendered_geometric_centerline_record_v1.0,87,391.55,211.0,0.76624356,0.44608879,512,474
24,geometric_skeleton,qa_rendered_geometric_centerline_record_v1.0,88,394.643,211.0,0.77229589,0.44608879,512,474
24,geometric_skeleton,qa_rendered_geometric_centerline_record_v1.0,89,397.736,211.0,0.77834822,0.44608879,512,474
24,geometric_skeleton,qa_rendered_geometric_centerline_record_v1.0,90,400.829,211.0,0.78440056,0.44608879,512,474
24,geometric_skeleton,qa_rendered_geometric_centerline_record_v1.0,91,403.507,212.0,0.7896423,0.44820296,512,474
24,geometric_skeleton,qa_rendered_geometric_centerline_record_v1.0,92,406.6,212.0,0.79569463,0.44820296,512,474
24,geometric_skeleton,qa_rendered_geometric_centerline_record_v1.0,93,409.278,213.0,0.80093637,0.45031712,512,474
24,geometric_skeleton,qa_rendered_geometric_centerline_record_v1.0,94,412.371,213.0,0.8069887,0.45031712,512,474
24,geometric_skeleton,qa_rendered_geometric_centerline_record_v1.0,95,415.464,213.0,0.81304103,0.45031712,512,474
24,geometric_skeleton,qa_rendered_geometric_centerline_record_v1.0,96,418.142,214.0,0.81828277,0.45243129,512,474
24,geometric_skeleton,qa_rendered_geometric_centerline_record_v1.0,97,421.235,214.0,0.82433511,0.45243129,512,474
24,geometric_skeleton,qa_rendered_geometric_centerline_record_v1.0,98,424.328,214.0,0.83038744,0.45243129,512,474
24,geometric_skeleton,qa_rendered_geometric_centerline_record_v1.0,99,427.421,214.0,0.83643977,0.45243129,512,474
24,geometric_skeleton,qa_rendered_geometric_centerline_record_v1.0,100,430.099,215.0,0.84168151,0.45454545,512,474
24,geometric_skeleton,qa_rendered_geometric_centerline_record_v1.0,101,433.192,215.0,0.84773384,0.45454545,512,474
24,geometric_skeleton,qa_rendered_geometric_centerline_record_v1.0,102,436.285,215.0,0.85378618,0.45454545,512,474
24,geometric_skeleton,qa_rendered_geometric_centerline_record_v1.0,103,438.963,216.0,0.85902791,0.45665962,512,474
24,geometric_skeleton,qa_rendered_geometric_centerline_record_v1.0,104,441.642,217.0,0.86426965,0.45877378,512,474
24,geometric_skeleton,qa_rendered_geometric_centerline_record_v1.0,105,444.32,218.0,0.86951139,0.46088795,512,474
24,geometric_skeleton,qa_rendered_geometric_centerline_record_v1.0,106,447.413,218.0,0.87556372,0.46088795,512,474
24,geometric_skeleton,qa_rendered_geometric_centerline_record_v1.0,107,450.506,218.0,0.88161606,0.46088795,512,474
24,geometric_skeleton,qa_rendered_geometric_centerline_record_v1.0,108,453.599,218.0,0.88766839,0.46088795,512,474
24,geometric_skeleton,qa_rendered_geometric_centerline_record_v1.0,109,456.691,218.0,0.89372072,0.46088795,512,474
24,geometric_skeleton,qa_rendered_geometric_centerline_record_v1.0,110,459.784,218.0,0.89977306,0.46088795,512,474
24,geometric_skeleton,qa_rendered_geometric_centerline_record_v1.0,111,462.629,217.069,0.90534148,0.45891936,512,474
24,geometric_skeleton,qa_rendered_geometric_centerline_record_v1.0,112,465.315,215.534,0.91059638,0.45567533,512,474
24,geometric_skeleton,qa_rendered_geometric_centerline_record_v1.0,113,468.0,214.0,0.91585127,0.45243129,512,474
25,geometric_skeleton,qa_rendered_geometric_centerline_record_v1.0,0,202.0,290.0,0.39530333,0.61310782,512,474
25,geometric_skeleton,qa_rendered_geometric_centerline_record_v1.0,1,204.501,287.916,0.40019831,0.60870096,512,474
25,geometric_skeleton,qa_rendered_geometric_centerline_record_v1.0,2,207.003,285.831,0.40509329,0.6042941,512,474
25,geometric_skeleton,qa_rendered_geometric_centerline_record_v1.0,3,209.958,285.0,0.41087627,0.602537,512,474
25,geometric_skeleton,qa_rendered_geometric_centerline_record_v1.0,4,212.565,283.435,0.41597922,0.59922753,512,474
25,geometric_skeleton,qa_rendered_geometric_centerline_record_v1.0,5,215.227,282.0,0.42118816,0.5961945,512,474
25,geometric_skeleton,qa_rendered_geometric_centerline_record_v1.0,6,218.342,281.658,0.42728306,0.59547221,512,474
25,geometric_skeleton,qa_rendered_geometric_centerline_record_v1.0,7,221.23,280.77,0.43293498,0.59359456,512,474
25,geometric_skeleton,qa_rendered_geometric_centerline_record_v1.0,8,224.118,279.882,0.4385869,0.5917169,512,474
25,geometric_skeleton,qa_rendered_geometric_centerline_record_v1.0,9,227.006,278.994,0.44423882,0.58983924,512,474
25,geometric_skeleton,qa_rendered_geometric_centerline_record_v1.0,10,229.85,278.0,0.44980496,0.58773784,512,474
25,geometric_skeleton,qa_rendered_geometric_centerline_record_v1.0,11,233.106,278.0,0.45617679,0.58773784,512,474
25,geometric_skeleton,qa_rendered_geometric_centerline_record_v1.0,12,236.362,278.0,0.46254863,0.58773784,512,474
25,geometric_skeleton,qa_rendered_geometric_centerline_record_v1.0,13,239.618,278.0,0.46892046,0.58773784,512,474
25,geometric_skeleton,qa_rendered_geometric_centerline_record_v1.0,14,242.874,278.0,0.4752923,0.58773784,512,474
25,geometric_skeleton,qa_rendered_geometric_centerline_record_v1.0,15,246.13,278.0,0.48166414,0.58773784,512,474
25,geometric_skeleton,qa_rendered_geometric_centerline_record_v1.0,16,249.386,278.0,0.48803597,0.58773784,512,474
25,geometric_skeleton,qa_rendered_geometric_centerline_record_v1.0,17,252.642,278.0,0.49440781,0.58773784,512,474
25,geometric_skeleton,qa_rendered_geometric_centerline_record_v1.0,18,255.898,278.0,0.50077964,0.58773784,512,474
25,geometric_skeleton,qa_rendered_geometric_centerline_record_v1.0,19,258.74,279.0,0.50634088,0.58985201,512,474
25,geometric_skeleton,qa_rendered_geometric_centerline_record_v1.0,20,261.996,279.0,0.51271272,0.58985201,512,474
25,geometric_skeleton,qa_rendered_geometric_centerline_record_v1.0,21,265.252,279.0,0.51908455,0.58985201,512,474
25,geometric_skeleton,qa_rendered_geometric_centerline_record_v1.0,22,268.094,280.0,0.52464579,0.59196617,512,474
25,geometric_skeleton,qa_rendered_geometric_centerline_record_v1.0,23,271.35,280.0,0.53101763,0.59196617,512,474
25,geometric_skeleton,qa_rendered_geometric_centerline_record_v1.0,24,274.606,280.0,0.53738946,0.59196617,512,474
25,geometric_skeleton,qa_rendered_geometric_centerline_record_v1.0,25,277.862,280.0,0.5437613,0.59196617,512,474
25,geometric_skeleton,qa_rendered_geometric_centerline_record_v1.0,26,281.118,280.0,0.55013314,0.59196617,512,474
25,geometric_skeleton,qa_rendered_geometric_centerline_record_v1.0,27,284.374,280.0,0.55650497,0.59196617,512,474
25,geometric_skeleton,qa_rendered_geometric_centerline_record_v1.0,28,287.63,280.0,0.56287681,0.59196617,512,474
25,geometric_skeleton,qa_rendered_geometric_centerline_record_v1.0,29,290.886,280.0,0.56924864,0.59196617,512,474
25,geometric_skeleton,qa_rendered_geometric_centerline_record_v1.0,30,294.142,280.0,0.57562048,0.59196617,512,474
25,geometric_skeleton,qa_rendered_geometric_centerline_record_v1.0,31,297.398,280.0,0.58199231,0.59196617,512,474
25,geometric_skeleton,qa_rendered_geometric_centerline_record_v1.0,32,300.654,280.0,0.58836415,0.59196617,512,474
25,geometric_skeleton,qa_rendered_geometric_centerline_record_v1.0,33,303.91,280.0,0.59473598,0.59196617,512,474
25,geometric_skeleton,qa_rendered_geometric_centerline_record_v1.0,34,306.752,279.0,0.60029722,0.58985201,512,474
25,geometric_skeleton,qa_rendered_geometric_centerline_record_v1.0,35,310.008,279.0,0.60666906,0.58985201,512,474
25,geometric_skeleton,qa_rendered_geometric_centerline_record_v1.0,36,312.85,278.0,0.6122303,0.58773784,512,474
25,geometric_skeleton,qa_rendered_geometric_centerline_record_v1.0,37,315.489,276.511,0.6173952,0.58458996,512,474
25,geometric_skeleton,qa_rendered_geometric_centerline_record_v1.0,38,318.119,275.0,0.62254219,0.58139535,512,474
25,geometric_skeleton,qa_rendered_geometric_centerline_record_v1.0,39,320.972,274.028,0.62812587,0.57933971,512,474
25,geometric_skeleton,qa_rendered_geometric_centerline_record_v1.0,40,323.86,273.14,0.63377779,0.57746205,512,474
25,geometric_skeleton,qa_rendered_geometric_centerline_record_v1.0,41,326.749,272.251,0.63942971,0.57558439,512,474
25,geometric_skeleton,qa_rendered_geometric_centerline_record_v1.0,42,329.072,270.0,0.64397656,0.57082452,512,474
25,geometric_skeleton,qa_rendered_geometric_centerline_record_v1.0,43,332.328,270.0,0.6503484,0.57082452,512,474
25,geometric_skeleton,qa_rendered_geometric_centerline_record_v1.0,44,335.584,270.0,0.65672023,0.57082452,512,474
25,geometric_skeleton,qa_rendered_geometric_centerline_record_v1.0,45,338.84,270.0,0.66309207,0.57082452,512,474
25,geometric_skeleton,qa_rendered_geometric_centerline_record_v1.0,46,341.775,269.225,0.66883567,0.56918599,512,474
25,geometric_skeleton,qa_rendered_geometric_centerline_record_v1.0,47,344.938,269.0,0.67502514,0.56871036,512,474
25,geometric_skeleton,qa_rendered_geometric_centerline_record_v1.0,48,347.844,268.156,0.68071269,0.56692562,512,474
25,geometric_skeleton,qa_rendered_geometric_centerline_record_v1.0,49,351.036,268.0,0.68695822,0.56659619,512,474
25,geometric_skeleton,qa_rendered_geometric_centerline_record_v1.0,50,354.292,268.0,0.69333005,0.56659619,512,474
25,geometric_skeleton,qa_rendered_geometric_centerline_record_v1.0,51,357.548,268.0,0.69970189,0.56659619,512,474
25,geometric_skeleton,qa_rendered_geometric_centerline_record_v1.0,52,360.804,268.0,0.70607373,0.56659619,512,474
25,geometric_skeleton,qa_rendered_geometric_centerline_record_v1.0,53,364.06,268.0,0.71244556,0.56659619,512,474
25,geometric_skeleton,qa_rendered_geometric_centerline_record_v1.0,54,367.316,268.0,0.7188174,0.56659619,512,474
25,geometric_skeleton,qa_rendered_geometric_centerline_record_v1.0,55,370.572,268.0,0.72518923,0.56659619,512,474
25,geometric_skeleton,qa_rendered_geometric_centerline_record_v1.0,56,373.413,267.0,0.73075047,0.56448203,512,474
25,geometric_skeleton,qa_rendered_geometric_centerline_record_v1.0,57,376.669,267.0,0.73712231,0.56448203,512,474
25,geometric_skeleton,qa_rendered_geometric_centerline_record_v1.0,58,379.926,267.0,0.74349414,0.56448203,512,474
25,geometric_skeleton,qa_rendered_geometric_centerline_record_v1.0,59,383.128,266.872,0.74976194,0.56421068,512,474
25,geometric_skeleton,qa_rendered_geometric_centerline_record_v1.0,60,386.016,265.984,0.75541386,0.56233302,512,474
25,geometric_skeleton,qa_rendered_geometric_centerline_record_v1.0,61,388.865,265.0,0.76098846,0.5602537,512,474
25,geometric_skeleton,qa_rendered_geometric_centerline_record_v1.0,62,392.086,264.914,0.76729088,0.56007265,512,474
25,geometric_skeleton,qa_rendered_geometric_centerline_record_v1.0,63,394.963,264.0,0.77292154,0.55813953,512,474
25,geometric_skeleton,qa_rendered_geometric_centerline_record_v1.0,64,398.155,263.845,0.7791679,0.55781227,512,474
25,geometric_skeleton,qa_rendered_geometric_centerline_record_v1.0,65,401.061,263.0,0.78485461,0.55602537,512,474
25,geometric_skeleton,qa_rendered_geometric_centerline_record_v1.0,66,404.224,262.776,0.79104492,0.5555519,512,474
25,geometric_skeleton,qa_rendered_geometric_centerline_record_v1.0,67,407.159,262.0,0.79678769,0.55391121,512,474
25,geometric_skeleton,qa_rendered_geometric_centerline_record_v1.0,68,410.293,261.707,0.80292193,0.55329153,512,474
25,geometric_skeleton,qa_rendered_geometric_centerline_record_v1.0,69,413.181,260.819,0.80857386,0.55141387,512,474
25,geometric_skeleton,qa_rendered_geometric_centerline_record_v1.0,70,416.069,259.931,0.81422578,0.54953621,512,474
25,geometric_skeleton,qa_rendered_geometric_centerline_record_v1.0,71,418.94,259.0,0.81984325,0.54756871,512,474
25,geometric_skeleton,qa_rendered_geometric_centerline_record_v1.0,72,421.782,258.0,0.82540449,0.54545455,512,474
25,geometric_skeleton,qa_rendered_geometric_centerline_record_v1.0,73,425.027,257.973,0.83175472,0.54539818,512,474
25,geometric_skeleton,qa_rendered_geometric_centerline_record_v1.0,74,427.879,257.0,0.83733757,0.54334038,512,474
25,geometric_skeleton,qa_rendered_geometric_centerline_record_v1.0,75,430.721,256.0,0.84289881,0.54122622,512,474
25,geometric_skeleton,qa_rendered_geometric_centerline_record_v1.0,76,433.563,255.0,0.84846005,0.53911205,512,474
25,geometric_skeleton,qa_rendered_geometric_centerline_record_v1.0,77,436.405,254.0,0.85402129,0.53699789,512,474
25,geometric_skeleton,qa_rendered_geometric_centerline_record_v1.0,78,439.247,253.0,0.85958253,0.53488372,512,474
25,geometric_skeleton,qa_rendered_geometric_centerline_record_v1.0,79,442.088,252.0,0.86514377,0.53276956,512,474
25,geometric_skeleton,qa_rendered_geometric_centerline_record_v1.0,80,444.93,251.0,0.87070502,0.53065539,512,474
25,geometric_skeleton,qa_rendered_geometric_centerline_record_v1.0,81,447.546,249.454,0.87582373,0.52738705,512,474
25,geometric_skeleton,qa_rendered_geometric_centerline_record_v1.0,82,450.614,249.0,0.8818275,0.52642706,512,474
25,geometric_skeleton,qa_rendered_geometric_centerline_record_v1.0,83,453.87,249.0,0.88819933,0.52642706,512,474
25,geometric_skeleton,qa_rendered_geometric_centerline_record_v1.0,84,456.712,248.0,0.89376057,0.5243129,512,474
25,geometric_skeleton,qa_rendered_geometric_centerline_record_v1.0,85,459.391,246.609,0.89900459,0.52137136,512,474
25,geometric_skeleton,qa_rendered_geometric_centerline_record_v1.0,86,461.987,245.013,0.90408334,0.51799876,512,474
25,geometric_skeleton,qa_rendered_geometric_centerline_record_v1.0,87,464.875,244.125,0.90973526,0.51612111,512,474
25,geometric_skeleton,qa_rendered_geometric_centerline_record_v1.0,88,467.47,242.53,0.914814,0.51274851,512,474
25,geometric_skeleton,qa_rendered_geometric_centerline_record_v1.0,89,469.772,240.228,0.91931957,0.50788097,512,474
25,geometric_skeleton,qa_rendered_geometric_centerline_record_v1.0,90,472.106,238.0,0.92388565,0.50317125,512,474
25,geometric_skeleton,qa_rendered_geometric_centerline_record_v1.0,91,474.67,236.33,0.92890388,0.49964084,512,474
25,geometric_skeleton,qa_rendered_geometric_centerline_record_v1.0,92,476.972,234.028,0.93340945,0.4947733,512,474
25,geometric_skeleton,qa_rendered_geometric_centerline_record_v1.0,93,479.275,231.725,0.93791502,0.48990576,512,474
25,geometric_skeleton,qa_rendered_geometric_centerline_record_v1.0,94,481.577,229.423,0.94242059,0.48503822,512,474
25,geometric_skeleton,qa_rendered_geometric_centerline_record_v1.0,95,482.0,226.342,0.94324853,0.47852499,512,474
25,geometric_skeleton,qa_rendered_geometric_centerline_record_v1.0,96,482.0,223.086,0.94324853,0.47164125,512,474
25,geometric_skeleton,qa_rendered_geometric_centerline_record_v1.0,97,482.0,219.83,0.94324853,0.46475751,512,474
25,geometric_skeleton,qa_rendered_geometric_centerline_record_v1.0,98,481.699,216.699,0.94265945,0.45813738,512,474
25,geometric_skeleton,qa_rendered_geometric_centerline_record_v1.0,99,480.104,214.104,0.93953766,0.45265062,512,474
25,geometric_skeleton,qa_rendered_geometric_centerline_record_v1.0,100,478.509,211.509,0.93641586,0.44716386,512,474
25,geometric_skeleton,qa_rendered_geometric_centerline_record_v1.0,101,476.206,209.206,0.93191029,0.44229632,512,474
25,geometric_skeleton,qa_rendered_geometric_centerline_record_v1.0,102,474.808,206.462,0.92917361,0.43649414,512,474
25,geometric_skeleton,qa_rendered_geometric_centerline_record_v1.0,103,474.404,203.231,0.92838328,0.42966356,512,474
25,geometric_skeleton,qa_rendered_geometric_centerline_record_v1.0,104,474.0,200.0,0.92759295,0.42283298,512,474
26,geometric_skeleton,qa_rendered_geometric_centerline_record_v1.0,0,148.0,304.0,0.28962818,0.64270613,512,474
26,geometric_skeleton,qa_rendered_geometric_centerline_record_v1.0,1,151.067,304.0,0.29562953,0.64270613,512,474
26,geometric_skeleton,qa_rendered_geometric_centerline_record_v1.0,2,154.133,304.0,0.30163087,0.64270613,512,474
26,geometric_skeleton,qa_rendered_geometric_centerline_record_v1.0,3,156.849,304.849,0.30694437,0.64450015,512,474
26,geometric_skeleton,qa_rendered_geometric_centerline_record_v1.0,4,159.024,307.0,0.31120178,0.64904863,512,474
26,geometric_skeleton,qa_rendered_geometric_centerline_record_v1.0,5,161.677,308.0,0.31639253,0.65116279,512,474
26,geometric_skeleton,qa_rendered_geometric_centerline_record_v1.0,6,164.329,309.0,0.32158328,0.65327696,512,474
26,geometric_skeleton,qa_rendered_geometric_centerline_record_v1.0,7,167.396,309.0,0.32758463,0.65327696,512,474
26,geometric_skeleton,qa_rendered_geometric_centerline_record_v1.0,8,170.462,309.0,0.33358597,0.65327696,512,474
26,geometric_skeleton,qa_rendered_geometric_centerline_record_v1.0,9,173.529,309.0,0.33958732,0.65327696,512,474
26,geometric_skeleton,qa_rendered_geometric_centerline_record_v1.0,10,176.596,309.0,0.34558866,0.65327696,512,474
26,geometric_skeleton,qa_rendered_geometric_centerline_record_v1.0,11,179.662,309.0,0.35159001,0.65327696,512,474
26,geometric_skeleton,qa_rendered_geometric_centerline_record_v1.0,12,182.729,309.0,0.35759135,0.65327696,512,474
26,geometric_skeleton,qa_rendered_geometric_centerline_record_v1.0,13,185.796,309.0,0.3635927,0.65327696,512,474
26,geometric_skeleton,qa_rendered_geometric_centerline_record_v1.0,14,188.863,309.0,0.36959404,0.65327696,512,474
26,geometric_skeleton,qa_rendered_geometric_centerline_record_v1.0,15,191.929,309.0,0.37559539,0.65327696,512,474
26,geometric_skeleton,qa_rendered_geometric_centerline_record_v1.0,16,194.996,309.0,0.38159673,0.65327696,512,474
26,geometric_skeleton,qa_rendered_geometric_centerline_record_v1.0,17,198.063,309.0,0.38759808,0.65327696,512,474
26,geometric_skeleton,qa_rendered_geometric_centerline_record_v1.0,18,200.715,310.0,0.39278883,0.65539112,512,474
26,geometric_skeleton,qa_rendered_geometric_centerline_record_v1.0,19,203.782,310.0,0.39879017,0.65539112,512,474
26,geometric_skeleton,qa_rendered_geometric_centerline_record_v1.0,20,206.848,310.0,0.40479152,0.65539112,512,474
26,geometric_skeleton,qa_rendered_geometric_centerline_record_v1.0,21,209.915,310.0,0.41079286,0.65539112,512,474
26,geometric_skeleton,qa_rendered_geometric_centerline_record_v1.0,22,212.982,310.0,0.41679421,0.65539112,512,474
26,geometric_skeleton,qa_rendered_geometric_centerline_record_v1.0,23,216.049,310.0,0.42279555,0.65539112,512,474
26,geometric_skeleton,qa_rendered_geometric_centerline_record_v1.0,24,219.115,310.0,0.4287969,0.65539112,512,474
26,geometric_skeleton,qa_rendered_geometric_centerline_record_v1.0,25,222.182,310.0,0.43479824,0.65539112,512,474
26,geometric_skeleton,qa_rendered_geometric_centerline_record_v1.0,26,225.249,310.0,0.44079959,0.65539112,512,474
26,geometric_skeleton,qa_rendered_geometric_centerline_record_v1.0,27,228.315,310.0,0.44680093,0.65539112,512,474
26,geometric_skeleton,qa_rendered_geometric_centerline_record_v1.0,28,231.382,310.0,0.45280228,0.65539112,512,474
26,geometric_skeleton,qa_rendered_geometric_centerline_record_v1.0,29,234.034,311.0,0.45799303,0.65750529,512,474
26,geometric_skeleton,qa_rendered_geometric_centerline_record_v1.0,30,237.101,311.0,0.46399438,0.65750529,512,474
26,geometric_skeleton,qa_rendered_geometric_centerline_record_v1.0,31,240.168,311.0,0.46999572,0.65750529,512,474
26,geometric_skeleton,qa_rendered_geometric_centerline_record_v1.0,32,242.82,312.0,0.47518647,0.65961945,512,474
26,geometric_skeleton,qa_rendered_geometric_centerline_record_v1.0,33,245.473,313.0,0.48037722,0.66173362,512,474
26,geometric_skeleton,qa_rendered_geometric_centerline_record_v1.0,34,248.125,314.0,0.48556797,0.66384778,512,474
26,geometric_skeleton,qa_rendered_geometric_centerline_record_v1.0,35,250.843,314.843,0.49088614,0.66562963,512,474
26,geometric_skeleton,qa_rendered_geometric_centerline_record_v1.0,36,253.597,315.597,0.49627608,0.66722427,512,474
26,geometric_skeleton,qa_rendered_geometric_centerline_record_v1.0,37,256.351,316.351,0.50166603,0.6688189,512,474
26,geometric_skeleton,qa_rendered_geometric_centerline_record_v1.0,38,259.149,317.0,0.50714157,0.67019027,512,474
26,geometric_skeleton,qa_rendered_geometric_centerline_record_v1.0,39,262.153,317.153,0.51301909,0.67051323,512,474
26,geometric_skeleton,qa_rendered_geometric_centerline_record_v1.0,40,264.869,318.0,0.51833367,0.67230444,512,474
26,geometric_skeleton,qa_rendered_geometric_centerline_record_v1.0,41,267.935,318.0,0.52433501,0.67230444,512,474
26,geometric_skeleton,qa_rendered_geometric_centerline_record_v1.0,42,270.588,319.0,0.52952577,0.6744186,512,474
26,geometric_skeleton,qa_rendered_geometric_centerline_record_v1.0,43,273.24,320.0,0.53471652,0.67653277,512,474
26,geometric_skeleton,qa_rendered_geometric_centerline_record_v1.0,44,275.893,321.0,0.53990727,0.67864693,512,474
26,geometric_skeleton,qa_rendered_geometric_centerline_record_v1.0,45,278.959,321.0,0.54590861,0.67864693,512,474
26,geometric_skeleton,qa_rendered_geometric_centerline_record_v1.0,46,281.612,322.0,0.55109936,0.6807611,512,474
26,geometric_skeleton,qa_rendered_geometric_centerline_record_v1.0,47,284.264,323.0,0.55629011,0.68287526,512,474
26,geometric_skeleton,qa_rendered_geometric_centerline_record_v1.0,48,287.331,323.0,0.56229146,0.68287526,512,474
26,geometric_skeleton,qa_rendered_geometric_centerline_record_v1.0,49,289.988,323.988,0.56749172,0.68496463,512,474
26,geometric_skeleton,qa_rendered_geometric_centerline_record_v1.0,50,293.05,324.0,0.57348356,0.68498943,512,474
26,geometric_skeleton,qa_rendered_geometric_centerline_record_v1.0,51,296.117,324.0,0.5794849,0.68498943,512,474
26,geometric_skeleton,qa_rendered_geometric_centerline_record_v1.0,52,299.183,324.0,0.58548625,0.68498943,512,474
26,geometric_skeleton,qa_rendered_geometric_centerline_record_v1.0,53,302.25,324.0,0.59148759,0.68498943,512,474
26,geometric_skeleton,qa_rendered_geometric_centerline_record_v1.0,54,305.317,324.0,0.59748894,0.68498943,512,474
26,geometric_skeleton,qa_rendered_geometric_centerline_record_v1.0,55,308.384,324.0,0.60349028,0.68498943,512,474
26,geometric_skeleton,qa_rendered_geometric_centerline_record_v1.0,56,311.45,324.0,0.60949163,0.68498943,512,474
26,geometric_skeleton,qa_rendered_geometric_centerline_record_v1.0,57,314.517,324.0,0.61549297,0.68498943,512,474
26,geometric_skeleton,qa_rendered_geometric_centerline_record_v1.0,58,317.584,324.0,0.62149432,0.68498943,512,474
26,geometric_skeleton,qa_rendered_geometric_centerline_record_v1.0,59,320.65,324.0,0.62749566,0.68498943,512,474
26,geometric_skeleton,qa_rendered_geometric_centerline_record_v1.0,60,323.717,324.0,0.63349701,0.68498943,512,474
26,geometric_skeleton,qa_rendered_geometric_centerline_record_v1.0,61,326.784,324.0,0.63949835,0.68498943,512,474
26,geometric_skeleton,qa_rendered_geometric_centerline_record_v1.0,62,329.85,324.0,0.6454997,0.68498943,512,474
26,geometric_skeleton,qa_rendered_geometric_centerline_record_v1.0,63,332.917,324.0,0.65150104,0.68498943,512,474
26,geometric_skeleton,qa_rendered_geometric_centerline_record_v1.0,64,335.984,324.0,0.65750239,0.68498943,512,474
26,geometric_skeleton,qa_rendered_geometric_centerline_record_v1.0,65,339.05,324.0,0.66350373,0.68498943,512,474
26,geometric_skeleton,qa_rendered_geometric_centerline_record_v1.0,66,342.117,324.0,0.66950508,0.68498943,512,474
26,geometric_skeleton,qa_rendered_geometric_centerline_record_v1.0,67,345.184,324.0,0.67550642,0.68498943,512,474
26,geometric_skeleton,qa_rendered_geometric_centerline_record_v1.0,68,348.25,324.0,0.68150777,0.68498943,512,474
26,geometric_skeleton,qa_rendered_geometric_centerline_record_v1.0,69,351.317,324.0,0.68750911,0.68498943,512,474
26,geometric_skeleton,qa_rendered_geometric_centerline_record_v1.0,70,354.384,324.0,0.69351046,0.68498943,512,474
26,geometric_skeleton,qa_rendered_geometric_centerline_record_v1.0,71,357.319,324.319,0.69925357,0.68566295,512,474
26,geometric_skeleton,qa_rendered_geometric_centerline_record_v1.0,72,359.689,326.0,0.70389196,0.68921776,512,474
26,geometric_skeleton,qa_rendered_geometric_centerline_record_v1.0,73,362.755,326.0,0.70989331,0.68921776,512,474
26,geometric_skeleton,qa_rendered_geometric_centerline_record_v1.0,74,365.408,327.0,0.71508406,0.69133192,512,474
26,geometric_skeleton,qa_rendered_geometric_centerline_record_v1.0,75,368.475,327.0,0.7210854,0.69133192,512,474
26,geometric_skeleton,qa_rendered_geometric_centerline_record_v1.0,76,371.541,327.0,0.72708675,0.69133192,512,474
26,geometric_skeleton,qa_rendered_geometric_centerline_record_v1.0,77,374.194,328.0,0.7322775,0.69344609,512,474
26,geometric_skeleton,qa_rendered_geometric_centerline_record_v1.0,78,377.26,328.0,0.73827884,0.69344609,512,474
26,geometric_skeleton,qa_rendered_geometric_centerline_record_v1.0,79,380.327,328.0,0.74428019,0.69344609,512,474
26,geometric_skeleton,qa_rendered_geometric_centerline_record_v1.0,80,383.394,328.0,0.75028153,0.69344609,512,474
26,geometric_skeleton,qa_rendered_geometric_centerline_record_v1.0,81,386.461,328.0,0.75628288,0.69344609,512,474
26,geometric_skeleton,qa_rendered_geometric_centerline_record_v1.0,82,389.527,328.0,0.76228422,0.69344609,512,474
26,geometric_skeleton,qa_rendered_geometric_centerline_record_v1.0,83,392.594,328.0,0.76828557,0.69344609,512,474
26,geometric_skeleton,qa_rendered_geometric_centerline_record_v1.0,84,395.661,328.0,0.77428692,0.69344609,512,474
26,geometric_skeleton,qa_rendered_geometric_centerline_record_v1.0,85,398.727,328.0,0.78028826,0.69344609,512,474
26,geometric_skeleton,qa_rendered_geometric_centerline_record_v1.0,86,401.794,328.0,0.78628961,0.69344609,512,474
26,geometric_skeleton,qa_rendered_geometric_centerline_record_v1.0,87,404.861,328.0,0.79229095,0.69344609,512,474
26,geometric_skeleton,qa_rendered_geometric_centerline_record_v1.0,88,407.927,328.0,0.7982923,0.69344609,512,474
26,geometric_skeleton,qa_rendered_geometric_centerline_record_v1.0,89,410.994,328.0,0.80429364,0.69344609,512,474
26,geometric_skeleton,qa_rendered_geometric_centerline_record_v1.0,90,414.061,328.0,0.81029499,0.69344609,512,474
26,geometric_skeleton,qa_rendered_geometric_centerline_record_v1.0,91,417.127,328.0,0.81629633,0.69344609,512,474
26,geometric_skeleton,qa_rendered_geometric_centerline_record_v1.0,92,420.194,328.0,0.82229768,0.69344609,512,474
26,geometric_skeleton,qa_rendered_geometric_centerline_record_v1.0,93,423.261,328.0,0.82829902,0.69344609,512,474
26,geometric_skeleton,qa_rendered_geometric_centerline_record_v1.0,94,426.327,328.0,0.83430037,0.69344609,512,474
26,geometric_skeleton,qa_rendered_geometric_centerline_record_v1.0,95,429.394,328.0,0.84030171,0.69344609,512,474
26,geometric_skeleton,qa_rendered_geometric_centerline_record_v1.0,96,432.461,328.0,0.84630306,0.69344609,512,474
26,geometric_skeleton,qa_rendered_geometric_centerline_record_v1.0,97,435.528,328.0,0.8523044,0.69344609,512,474
26,geometric_skeleton,qa_rendered_geometric_centerline_record_v1.0,98,438.594,328.0,0.85830575,0.69344609,512,474
26,geometric_skeleton,qa_rendered_geometric_centerline_record_v1.0,99,441.661,328.0,0.86430709,0.69344609,512,474
26,geometric_skeleton,qa_rendered_geometric_centerline_record_v1.0,100,444.728,328.0,0.87030844,0.69344609,512,474
26,geometric_skeleton,qa_rendered_geometric_centerline_record_v1.0,101,447.794,328.0,0.87630978,0.69344609,512,474
26,geometric_skeleton,qa_rendered_geometric_centerline_record_v1.0,102,450.861,328.0,0.88231113,0.69344609,512,474
26,geometric_skeleton,qa_rendered_geometric_centerline_record_v1.0,103,453.928,328.0,0.88831247,0.69344609,512,474
26,geometric_skeleton,qa_rendered_geometric_centerline_record_v1.0,104,456.41,329.41,0.8931707,0.69642754,512,474
26,geometric_skeleton,qa_rendered_geometric_centerline_record_v1.0,105,458.579,331.579,0.89741429,0.70101205,512,474
26,geometric_skeleton,qa_rendered_geometric_centerline_record_v1.0,106,460.747,333.747,0.90165788,0.70559657,512,474
26,geometric_skeleton,qa_rendered_geometric_centerline_record_v1.0,107,461.501,336.501,0.90313393,0.71141953,512,474
26,geometric_skeleton,qa_rendered_geometric_centerline_record_v1.0,108,462.0,339.362,0.90410959,0.71746642,512,474
26,geometric_skeleton,qa_rendered_geometric_centerline_record_v1.0,109,462.0,342.428,0.90410959,0.7239499,512,474
26,geometric_skeleton,qa_rendered_geometric_centerline_record_v1.0,110,463.0,345.081,0.90606654,0.72955767,512,474
26,geometric_skeleton,qa_rendered_geometric_centerline_record_v1.0,111,463.0,348.147,0.90606654,0.73604115,512,474
26,geometric_skeleton,qa_rendered_geometric_centerline_record_v1.0,112,464.0,350.8,0.90802348,0.74164892,512,474
26,geometric_skeleton,qa_rendered_geometric_centerline_record_v1.0,113,464.0,353.867,0.90802348,0.7481324,512,474
26,geometric_skeleton,qa_rendered_geometric_centerline_record_v1.0,114,464.0,356.933,0.90802348,0.75461588,512,474
26,geometric_skeleton,qa_rendered_geometric_centerline_record_v1.0,115,464.0,360.0,0.90802348,0.76109937,512,474
27,geometric_skeleton,qa_rendered_geometric_centerline_record_v1.0,0,52.0,280.0,0.10176125,0.59196617,512,474
27,geometric_skeleton,qa_rendered_geometric_centerline_record_v1.0,1,55.119,280.39,0.10786516,0.59279046,512,474
27,geometric_skeleton,qa_rendered_geometric_centerline_record_v1.0,2,58.238,280.78,0.11396906,0.59361474,512,474
27,geometric_skeleton,qa_rendered_geometric_centerline_record_v1.0,3,61.368,281.0,0.12009364,0.59408034,512,474
27,geometric_skeleton,qa_rendered_geometric_centerline_record_v1.0,4,64.097,280.0,0.12543446,0.59196617,512,474
27,geometric_skeleton,qa_rendered_geometric_centerline_record_v1.0,5,66.826,279.0,0.13077527,0.58985201,512,474
27,geometric_skeleton,qa_rendered_geometric_centerline_record_v1.0,6,69.97,279.0,0.13692668,0.58985201,512,474
27,geometric_skeleton,qa_rendered_geometric_centerline_record_v1.0,7,73.113,279.0,0.14307809,0.58985201,512,474
27,geometric_skeleton,qa_rendered_geometric_centerline_record_v1.0,8,75.842,278.0,0.1484189,0.58773784,512,474
27,geometric_skeleton,qa_rendered_geometric_centerline_record_v1.0,9,78.985,278.0,0.15457031,0.58773784,512,474
27,geometric_skeleton,qa_rendered_geometric_centerline_record_v1.0,10,82.129,278.0,0.16072172,0.58773784,512,474
27,geometric_skeleton,qa_rendered_geometric_centerline_record_v1.0,11,85.272,278.0,0.16687313,0.58773784,512,474
27,geometric_skeleton,qa_rendered_geometric_centerline_record_v1.0,12,88.416,278.0,0.17302453,0.58773784,512,474
27,geometric_skeleton,qa_rendered_geometric_centerline_record_v1.0,13,91.145,277.0,0.17836535,0.58562368,512,474
27,geometric_skeleton,qa_rendered_geometric_centerline_record_v1.0,14,94.288,277.0,0.18451676,0.58562368,512,474
27,geometric_skeleton,qa_rendered_geometric_centerline_record_v1.0,15,97.431,277.0,0.19066816,0.58562368,512,474
27,geometric_skeleton,qa_rendered_geometric_centerline_record_v1.0,16,100.575,277.0,0.19681957,0.58562368,512,474
27,geometric_skeleton,qa_rendered_geometric_centerline_record_v1.0,17,103.718,277.0,0.20297098,0.58562368,512,474
27,geometric_skeleton,qa_rendered_geometric_centerline_record_v1.0,18,106.862,277.0,0.20912239,0.58562368,512,474
27,geometric_skeleton,qa_rendered_geometric_centerline_record_v1.0,19,110.005,277.0,0.2152738,0.58562368,512,474
27,geometric_skeleton,qa_rendered_geometric_centerline_record_v1.0,20,113.105,276.895,0.22134021,0.58540201,512,474
27,geometric_skeleton,qa_rendered_geometric_centerline_record_v1.0,21,115.877,276.0,0.22676602,0.58350951,512,474
27,geometric_skeleton,qa_rendered_geometric_centerline_record_v1.0,22,118.607,275.0,0.23210683,0.58139535,512,474
27,geometric_skeleton,qa_rendered_geometric_centerline_record_v1.0,23,121.336,274.0,0.23744765,0.57928118,512,474
27,geometric_skeleton,qa_rendered_geometric_centerline_record_v1.0,24,124.065,273.0,0.24278846,0.57716702,512,474
27,geometric_skeleton,qa_rendered_geometric_centerline_record_v1.0,25,126.794,272.0,0.24812928,0.57505285,512,474
27,geometric_skeleton,qa_rendered_geometric_centerline_record_v1.0,26,129.937,272.0,0.25428068,0.57505285,512,474
27,geometric_skeleton,qa_rendered_geometric_centerline_record_v1.0,27,132.667,271.0,0.2596215,0.57293869,512,474
27,geometric_skeleton,qa_rendered_geometric_centerline_record_v1.0,28,135.396,270.0,0.26496231,0.57082452,512,474
27,geometric_skeleton,qa_rendered_geometric_centerline_record_v1.0,29,138.125,269.0,0.27030313,0.56871036,512,474
27,geometric_skeleton,qa_rendered_geometric_centerline_record_v1.0,30,141.268,269.0,0.27645453,0.56871036,512,474
27,geometric_skeleton,qa_rendered_geometric_centerline_record_v1.0,31,143.998,268.002,0.28179683,0.56660005,512,474
27,geometric_skeleton,qa_rendered_geometric_centerline_record_v1.0,32,146.807,267.193,0.28729288,0.56489078,512,474
27,geometric_skeleton,qa_rendered_geometric_centerline_record_v1.0,33,149.615,266.385,0.29278894,0.56318151,512,474
27,geometric_skeleton,qa_rendered_geometric_centerline_record_v1.0,34,152.599,266.0,0.29862838,0.56236786,512,474
27,geometric_skeleton,qa_rendered_geometric_centerline_record_v1.0,35,155.525,265.475,0.30435422,0.56125791,512,474
27,geometric_skeleton,qa_rendered_geometric_centerline_record_v1.0,36,158.472,265.0,0.31012061,0.5602537,512,474
27,geometric_skeleton,qa_rendered_geometric_centerline_record_v1.0,37,161.435,264.565,0.31591951,0.55933431,512,474
27,geometric_skeleton,qa_rendered_geometric_centerline_record_v1.0,38,164.243,263.757,0.32141557,0.55762504,512,474
27,geometric_skeleton,qa_rendered_geometric_centerline_record_v1.0,39,167.052,262.948,0.32691162,0.55591577,512,474
27,geometric_skeleton,qa_rendered_geometric_centerline_record_v1.0,40,169.802,262.0,0.33229446,0.55391121,512,474
27,geometric_skeleton,qa_rendered_geometric_centerline_record_v1.0,41,172.946,262.0,0.33844587,0.55391121,512,474
27,geometric_skeleton,qa_rendered_geometric_centerline_record_v1.0,42,175.184,259.816,0.34282661,0.54929303,512,474
27,geometric_skeleton,qa_rendered_geometric_centerline_record_v1.0,43,177.407,257.593,0.34717632,0.54459388,512,474
27,geometric_skeleton,qa_rendered_geometric_centerline_record_v1.0,44,180.305,257.0,0.35284712,0.54334038,512,474
27,geometric_skeleton,qa_rendered_geometric_centerline_record_v1.0,45,183.448,257.0,0.35899853,0.54334038,512,474
27,geometric_skeleton,qa_rendered_geometric_centerline_record_v1.0,46,186.592,257.0,0.36514994,0.54334038,512,474
27,geometric_skeleton,qa_rendered_geometric_centerline_record_v1.0,47,189.52,256.48,0.37088007,0.54224162,512,474
27,geometric_skeleton,qa_rendered_geometric_centerline_record_v1.0,48,192.05,255.0,0.37583156,0.53911205,512,474
27,geometric_skeleton,qa_rendered_geometric_centerline_record_v1.0,49,194.844,254.156,0.381299,0.53732814,512,474
27,geometric_skeleton,qa_rendered_geometric_centerline_record_v1.0,50,197.652,253.348,0.38679506,0.53561887,512,474
27,geometric_skeleton,qa_rendered_geometric_centerline_record_v1.0,51,200.168,251.832,0.39171794,0.53241466,512,474
27,geometric_skeleton,qa_rendered_geometric_centerline_record_v1.0,52,202.967,251.0,0.39719482,0.53065539,512,474
27,geometric_skeleton,qa_rendered_geometric_centerline_record_v1.0,53,205.696,250.0,0.40253563,0.52854123,512,474
27,geometric_skeleton,qa_rendered_geometric_centerline_record_v1.0,54,208.425,249.0,0.40787645,0.52642706,512,474
27,geometric_skeleton,qa_rendered_geometric_centerline_record_v1.0,55,211.154,248.0,0.41321726,0.5243129,512,474
27,geometric_skeleton,qa_rendered_geometric_centerline_record_v1.0,56,213.883,247.0,0.41855808,0.52219873,512,474
27,geometric_skeleton,qa_rendered_geometric_centerline_record_v1.0,57,217.027,247.0,0.42470949,0.52219873,512,474
27,geometric_skeleton,qa_rendered_geometric_centerline_record_v1.0,58,219.756,246.0,0.4300503,0.52008457,512,474
27,geometric_skeleton,qa_rendered_geometric_centerline_record_v1.0,59,222.899,246.0,0.43620171,0.52008457,512,474
27,geometric_skeleton,qa_rendered_geometric_centerline_record_v1.0,60,226.042,246.0,0.44235312,0.52008457,512,474
27,geometric_skeleton,qa_rendered_geometric_centerline_record_v1.0,61,229.186,246.0,0.44850452,0.52008457,512,474
27,geometric_skeleton,qa_rendered_geometric_centerline_record_v1.0,62,232.329,246.0,0.45465593,0.52008457,512,474
27,geometric_skeleton,qa_rendered_geometric_centerline_record_v1.0,63,235.473,246.0,0.46080734,0.52008457,512,474
27,geometric_skeleton,qa_rendered_geometric_centerline_record_v1.0,64,238.616,246.0,0.46695875,0.52008457,512,474
27,geometric_skeleton,qa_rendered_geometric_centerline_record_v1.0,65,241.759,246.0,0.47311016,0.52008457,512,474
27,geometric_skeleton,qa_rendered_geometric_centerline_record_v1.0,66,244.903,246.0,0.47926157,0.52008457,512,474
27,geometric_skeleton,qa_rendered_geometric_centerline_record_v1.0,67,247.632,245.0,0.48460238,0.5179704,512,474
27,geometric_skeleton,qa_rendered_geometric_centerline_record_v1.0,68,250.775,245.0,0.49075379,0.5179704,512,474
27,geometric_skeleton,qa_rendered_geometric_centerline_record_v1.0,69,253.504,244.0,0.4960946,0.51585624,512,474
27,geometric_skeleton,qa_rendered_geometric_centerline_record_v1.0,70,256.648,244.0,0.50224601,0.51585624,512,474
27,geometric_skeleton,qa_rendered_geometric_centerline_record_v1.0,71,259.377,243.0,0.50758682,0.51374207,512,474
27,geometric_skeleton,qa_rendered_geometric_centerline_record_v1.0,72,262.106,242.0,0.51292764,0.51162791,512,474
27,geometric_skeleton,qa_rendered_geometric_centerline_record_v1.0,73,265.249,242.0,0.51907905,0.51162791,512,474
27,geometric_skeleton,qa_rendered_geometric_centerline_record_v1.0,74,268.393,242.0,0.52523045,0.51162791,512,474
27,geometric_skeleton,qa_rendered_geometric_centerline_record_v1.0,75,271.122,241.0,0.53057127,0.50951374,512,474
27,geometric_skeleton,qa_rendered_geometric_centerline_record_v1.0,76,274.265,241.0,0.53672268,0.50951374,512,474
27,geometric_skeleton,qa_rendered_geometric_centerline_record_v1.0,77,277.409,241.0,0.54287408,0.50951374,512,474
27,geometric_skeleton,qa_rendered_geometric_centerline_record_v1.0,78,280.552,241.0,0.54902549,0.50951374,512,474
27,geometric_skeleton,qa_rendered_geometric_centerline_record_v1.0,79,283.695,241.0,0.5551769,0.50951374,512,474
27,geometric_skeleton,qa_rendered_geometric_centerline_record_v1.0,80,286.839,241.0,0.56132831,0.50951374,512,474
27,geometric_skeleton,qa_rendered_geometric_centerline_record_v1.0,81,289.982,241.0,0.56747972,0.50951374,512,474
27,geometric_skeleton,qa_rendered_geometric_centerline_record_v1.0,82,293.126,241.0,0.57363113,0.50951374,512,474
27,geometric_skeleton,qa_rendered_geometric_centerline_record_v1.0,83,296.269,241.0,0.57978253,0.50951374,512,474
27,geometric_skeleton,qa_rendered_geometric_centerline_record_v1.0,84,299.412,241.0,0.58593394,0.50951374,512,474
27,geometric_skeleton,qa_rendered_geometric_centerline_record_v1.0,85,302.556,241.0,0.59208535,0.50951374,512,474
27,geometric_skeleton,qa_rendered_geometric_centerline_record_v1.0,86,305.699,241.0,0.59823676,0.50951374,512,474
27,geometric_skeleton,qa_rendered_geometric_centerline_record_v1.0,87,308.842,241.0,0.60438817,0.50951374,512,474
27,geometric_skeleton,qa_rendered_geometric_centerline_record_v1.0,88,311.986,241.0,0.61053957,0.50951374,512,474
27,geometric_skeleton,qa_rendered_geometric_centerline_record_v1.0,89,315.129,241.0,0.61669098,0.50951374,512,474
27,geometric_skeleton,qa_rendered_geometric_centerline_record_v1.0,90,318.272,241.0,0.62284239,0.50951374,512,474
27,geometric_skeleton,qa_rendered_geometric_centerline_record_v1.0,91,321.416,241.0,0.6289938,0.50951374,512,474
27,geometric_skeleton,qa_rendered_geometric_centerline_record_v1.0,92,324.559,241.0,0.63514521,0.50951374,512,474
27,geometric_skeleton,qa_rendered_geometric_centerline_record_v1.0,93,327.703,241.0,0.64129662,0.50951374,512,474
27,geometric_skeleton,qa_rendered_geometric_centerline_record_v1.0,94,330.846,241.0,0.64744802,0.50951374,512,474
27,geometric_skeleton,qa_rendered_geometric_centerline_record_v1.0,95,333.989,241.0,0.65359943,0.50951374,512,474
27,geometric_skeleton,qa_rendered_geometric_centerline_record_v1.0,96,337.133,241.0,0.65975084,0.50951374,512,474
27,geometric_skeleton,qa_rendered_geometric_centerline_record_v1.0,97,340.276,241.0,0.66590225,0.50951374,512,474
27,geometric_skeleton,qa_rendered_geometric_centerline_record_v1.0,98,343.419,241.0,0.67205366,0.50951374,512,474
27,geometric_skeleton,qa_rendered_geometric_centerline_record_v1.0,99,346.398,241.398,0.67788249,0.51035508,512,474
27,geometric_skeleton,qa_rendered_geometric_centerline_record_v1.0,100,348.621,243.621,0.68223219,0.51505423,512,474
27,geometric_skeleton,qa_rendered_geometric_centerline_record_v1.0,101,350.843,245.843,0.68658189,0.51975338,512,474
27,geometric_skeleton,qa_rendered_geometric_centerline_record_v1.0,102,351.0,248.922,0.68688845,0.52626179,512,474
27,geometric_skeleton,qa_rendered_geometric_centerline_record_v1.0,103,351.0,252.065,0.68688845,0.5329074,512,474
27,geometric_skeleton,qa_rendered_geometric_centerline_record_v1.0,104,351.855,254.855,0.68856083,0.53880462,512,474
27,geometric_skeleton,qa_rendered_geometric_centerline_record_v1.0,105,352.025,257.17,0.68889368,0.54370062,512,474
27,geometric_skeleton,qa_rendered_geometric_centerline_record_v1.0,106,350.012,259.585,0.68495565,0.54880591,512,474
27,geometric_skeleton,qa_rendered_geometric_centerline_record_v1.0,107,348.0,262.0,0.68101761,0.55391121,512,474
28,geometric_skeleton,qa_rendered_geometric_centerline_record_v1.0,0,212.0,338.0,0.4148728,0.71458774,512,474
28,geometric_skeleton,qa_rendered_geometric_centerline_record_v1.0,1,214.686,339.791,0.42013006,0.71837415,512,474
28,geometric_skeleton,qa_rendered_geometric_centerline_record_v1.0,2,217.373,341.582,0.42538733,0.72216057,512,474
28,geometric_skeleton,qa_rendered_geometric_centerline_record_v1.0,3,220.475,342.0,0.43145807,0.7230444,512,474
28,geometric_skeleton,qa_rendered_geometric_centerline_record_v1.0,4,223.704,342.0,0.43777651,0.7230444,512,474
28,geometric_skeleton,qa_rendered_geometric_centerline_record_v1.0,5,226.933,342.0,0.44409496,0.7230444,512,474
28,geometric_skeleton,qa_rendered_geometric_centerline_record_v1.0,6,230.161,342.0,0.4504134,0.7230444,512,474
28,geometric_skeleton,qa_rendered_geometric_centerline_record_v1.0,7,233.276,341.724,0.45650832,0.72246141,512,474
28,geometric_skeleton,qa_rendered_geometric_centerline_record_v1.0,8,236.204,341.0,0.4622397,0.72093023,512,474
28,geometric_skeleton,qa_rendered_geometric_centerline_record_v1.0,9,239.433,341.0,0.46855814,0.72093023,512,474
28,geometric_skeleton,qa_rendered_geometric_centerline_record_v1.0,10,242.662,341.0,0.47487658,0.72093023,512,474
28,geometric_skeleton,qa_rendered_geometric_centerline_record_v1.0,11,245.63,340.37,0.48068452,0.71959875,512,474
28,geometric_skeleton,qa_rendered_geometric_centerline_record_v1.0,12,248.705,340.0,0.48670288,0.71881607,512,474
28,geometric_skeleton,qa_rendered_geometric_centerline_record_v1.0,13,251.934,340.0,0.49302132,0.71881607,512,474
28,geometric_skeleton,qa_rendered_geometric_centerline_record_v1.0,14,255.163,340.0,0.49933977,0.71881607,512,474
28,geometric_skeleton,qa_rendered_geometric_centerline_record_v1.0,15,258.391,340.0,0.50565821,0.71881607,512,474
28,geometric_skeleton,qa_rendered_geometric_centerline_record_v1.0,16,261.62,340.0,0.51197666,0.71881607,512,474
28,geometric_skeleton,qa_rendered_geometric_centerline_record_v1.0,17,264.849,340.0,0.5182951,0.71881607,512,474
28,geometric_skeleton,qa_rendered_geometric_centerline_record_v1.0,18,268.078,340.0,0.52461355,0.71881607,512,474
28,geometric_skeleton,qa_rendered_geometric_centerline_record_v1.0,19,271.306,340.0,0.53093199,0.71881607,512,474
28,geometric_skeleton,qa_rendered_geometric_centerline_record_v1.0,20,274.535,340.0,0.53725043,0.71881607,512,474
28,geometric_skeleton,qa_rendered_geometric_centerline_record_v1.0,21,277.764,340.0,0.54356888,0.71881607,512,474
28,geometric_skeleton,qa_rendered_geometric_centerline_record_v1.0,22,280.992,340.0,0.54988732,0.71881607,512,474
28,geometric_skeleton,qa_rendered_geometric_centerline_record_v1.0,23,284.221,340.0,0.55620577,0.71881607,512,474
28,geometric_skeleton,qa_rendered_geometric_centerline_record_v1.0,24,287.45,340.0,0.56252421,0.71881607,512,474
28,geometric_skeleton,qa_rendered_geometric_centerline_record_v1.0,25,290.679,340.0,0.56884266,0.71881607,512,474
28,geometric_skeleton,qa_rendered_geometric_centerline_record_v1.0,26,293.642,339.358,0.57464105,0.71745967,512,474
28,geometric_skeleton,qa_rendered_geometric_centerline_record_v1.0,27,296.722,339.0,0.58066895,0.7167019,512,474
28,geometric_skeleton,qa_rendered_geometric_centerline_record_v1.0,28,299.951,339.0,0.5869874,0.7167019,512,474
28,geometric_skeleton,qa_rendered_geometric_centerline_record_v1.0,29,303.179,339.0,0.59330584,0.7167019,512,474
28,geometric_skeleton,qa_rendered_geometric_centerline_record_v1.0,30,305.996,338.004,0.59881725,0.71459701,512,474
28,geometric_skeleton,qa_rendered_geometric_centerline_record_v1.0,31,309.223,338.0,0.60513214,0.71458774,512,474
28,geometric_skeleton,qa_rendered_geometric_centerline_record_v1.0,32,312.451,338.0,0.61145058,0.71458774,512,474
28,geometric_skeleton,qa_rendered_geometric_centerline_record_v1.0,33,315.266,337.0,0.61695843,0.71247357,512,474
28,geometric_skeleton,qa_rendered_geometric_centerline_record_v1.0,34,318.494,337.0,0.62327687,0.71247357,512,474
28,geometric_skeleton,qa_rendered_geometric_centerline_record_v1.0,35,321.309,336.0,0.62878472,0.71035941,512,474
28,geometric_skeleton,qa_rendered_geometric_centerline_record_v1.0,36,324.538,336.0,0.63510317,0.71035941,512,474
28,geometric_skeleton,qa_rendered_geometric_centerline_record_v1.0,37,327.352,335.0,0.64061102,0.70824524,512,474
28,geometric_skeleton,qa_rendered_geometric_centerline_record_v1.0,38,330.167,334.0,0.64611887,0.70613108,512,474
28,geometric_skeleton,qa_rendered_geometric_centerline_record_v1.0,39,333.395,334.0,0.65243731,0.70613108,512,474
28,geometric_skeleton,qa_rendered_geometric_centerline_record_v1.0,40,336.148,332.852,0.65782481,0.70370301,512,474
28,geometric_skeleton,qa_rendered_geometric_centerline_record_v1.0,41,338.432,330.568,0.66229262,0.69887626,512,474
28,geometric_skeleton,qa_rendered_geometric_centerline_record_v1.0,42,340.715,328.285,0.66676044,0.6940495,512,474
28,geometric_skeleton,qa_rendered_geometric_centerline_record_v1.0,43,343.825,328.0,0.67284753,0.69344609,512,474
28,geometric_skeleton,qa_rendered_geometric_centerline_record_v1.0,44,347.054,328.0,0.67916597,0.69344609,512,474
28,geometric_skeleton,qa_rendered_geometric_centerline_record_v1.0,45,349.868,327.0,0.68467382,0.69133192,512,474
28,geometric_skeleton,qa_rendered_geometric_centerline_record_v1.0,46,352.683,326.0,0.69018167,0.68921776,512,474
28,geometric_skeleton,qa_rendered_geometric_centerline_record_v1.0,47,355.912,326.0,0.69650012,0.68921776,512,474
28,geometric_skeleton,qa_rendered_geometric_centerline_record_v1.0,48,358.726,325.0,0.70200797,0.68710359,512,474
28,geometric_skeleton,qa_rendered_geometric_centerline_record_v1.0,49,361.541,324.0,0.70751582,0.68498943,512,474
28,geometric_skeleton,qa_rendered_geometric_centerline_record_v1.0,50,364.769,324.0,0.71383426,0.68498943,512,474
28,geometric_skeleton,qa_rendered_geometric_centerline_record_v1.0,51,367.584,323.0,0.71934211,0.68287526,512,474
28,geometric_skeleton,qa_rendered_geometric_centerline_record_v1.0,52,370.813,323.0,0.72566056,0.68287526,512,474
28,geometric_skeleton,qa_rendered_geometric_centerline_record_v1.0,53,374.029,322.971,0.73195535,0.68281357,512,474
28,geometric_skeleton,qa_rendered_geometric_centerline_record_v1.0,54,376.856,322.0,0.73748685,0.6807611,512,474
28,geometric_skeleton,qa_rendered_geometric_centerline_record_v1.0,55,380.085,322.0,0.7438053,0.6807611,512,474
28,geometric_skeleton,qa_rendered_geometric_centerline_record_v1.0,56,383.313,322.0,0.75012374,0.6807611,512,474
28,geometric_skeleton,qa_rendered_geometric_centerline_record_v1.0,57,386.542,322.0,0.75644218,0.6807611,512,474
28,geometric_skeleton,qa_rendered_geometric_centerline_record_v1.0,58,389.771,322.0,0.76276063,0.6807611,512,474
28,geometric_skeleton,qa_rendered_geometric_centerline_record_v1.0,59,392.999,322.0,0.76907907,0.6807611,512,474
28,geometric_skeleton,qa_rendered_geometric_centerline_record_v1.0,60,396.228,322.0,0.77539752,0.6807611,512,474
28,geometric_skeleton,qa_rendered_geometric_centerline_record_v1.0,61,399.457,322.0,0.78171596,0.6807611,512,474
28,geometric_skeleton,qa_rendered_geometric_centerline_record_v1.0,62,402.686,322.0,0.78803441,0.6807611,512,474
28,geometric_skeleton,qa_rendered_geometric_centerline_record_v1.0,63,405.914,322.0,0.79435285,0.6807611,512,474
28,geometric_skeleton,qa_rendered_geometric_centerline_record_v1.0,64,408.729,321.0,0.7998607,0.67864693,512,474
28,geometric_skeleton,qa_rendered_geometric_centerline_record_v1.0,65,411.543,320.0,0.80536855,0.67653277,512,474
28,geometric_skeleton,qa_rendered_geometric_centerline_record_v1.0,66,414.358,319.0,0.8108764,0.6744186,512,474
28,geometric_skeleton,qa_rendered_geometric_centerline_record_v1.0,67,417.587,319.0,0.81719485,0.6744186,512,474
28,geometric_skeleton,qa_rendered_geometric_centerline_record_v1.0,68,420.401,318.0,0.8227027,0.67230444,512,474
28,geometric_skeleton,qa_rendered_geometric_centerline_record_v1.0,69,423.216,317.0,0.82821055,0.67019027,512,474
28,geometric_skeleton,qa_rendered_geometric_centerline_record_v1.0,70,426.03,316.0,0.8337184,0.66807611,512,474
28,geometric_skeleton,qa_rendered_geometric_centerline_record_v1.0,71,428.89,315.11,0.83931531,0.66619424,512,474
28,geometric_skeleton,qa_rendered_geometric_centerline_record_v1.0,72,431.759,314.241,0.84492948,0.66435737,512,474
28,geometric_skeleton,qa_rendered_geometric_centerline_record_v1.0,73,434.888,314.0,0.85105254,0.66384778,512,474
28,geometric_skeleton,qa_rendered_geometric_centerline_record_v1.0,74,437.79,313.21,0.85673099,0.66217857,512,474
28,geometric_skeleton,qa_rendered_geometric_centerline_record_v1.0,75,440.658,312.342,0.86234516,0.6603417,512,474
28,geometric_skeleton,qa_rendered_geometric_centerline_record_v1.0,76,443.527,311.473,0.86795933,0.65850483,512,474
28,geometric_skeleton,qa_rendered_geometric_centerline_record_v1.0,77,446.396,310.604,0.8735735,0.65666796,512,474
28,geometric_skeleton,qa_rendered_geometric_centerline_record_v1.0,78,448.96,309.0,0.87859179,0.65327696,512,474
28,geometric_skeleton,qa_rendered_geometric_centerline_record_v1.0,79,451.775,308.0,0.88409964,0.65116279,512,474
28,geometric_skeleton,qa_rendered_geometric_centerline_record_v1.0,80,454.124,305.876,0.88869647,0.64667252,512,474
28,geometric_skeleton,qa_rendered_geometric_centerline_record_v1.0,81,456.407,303.593,0.89316429,0.64184577,512,474
28,geometric_skeleton,qa_rendered_geometric_centerline_record_v1.0,82,458.69,301.31,0.8976321,0.63701902,512,474
28,geometric_skeleton,qa_rendered_geometric_centerline_record_v1.0,83,460.973,299.027,0.90209992,0.63219227,512,474
28,geometric_skeleton,qa_rendered_geometric_centerline_record_v1.0,84,463.256,296.744,0.90656773,0.62736552,512,474
28,geometric_skeleton,qa_rendered_geometric_centerline_record_v1.0,85,464.832,294.168,0.90965177,0.62191954,512,474
28,geometric_skeleton,qa_rendered_geometric_centerline_record_v1.0,86,466.408,291.592,0.91273582,0.61647357,512,474
28,geometric_skeleton,qa_rendered_geometric_centerline_record_v1.0,87,468.0,289.023,0.91585127,0.61104164,512,474
28,geometric_skeleton,qa_rendered_geometric_centerline_record_v1.0,88,469.0,286.208,0.91780822,0.6050913,512,474
28,geometric_skeleton,qa_rendered_geometric_centerline_record_v1.0,89,470.0,283.394,0.91976517,0.59914096,512,474
28,geometric_skeleton,qa_rendered_geometric_centerline_record_v1.0,90,471.0,280.579,0.92172211,0.59319062,512,474
28,geometric_skeleton,qa_rendered_geometric_centerline_record_v1.0,91,472.874,278.126,0.9253885,0.58800524,512,474
28,geometric_skeleton,qa_rendered_geometric_centerline_record_v1.0,92,474.449,275.551,0.92847254,0.58255926,512,474
28,geometric_skeleton,qa_rendered_geometric_centerline_record_v1.0,93,476.0,272.964,0.93150685,0.57709103,512,474
28,geometric_skeleton,qa_rendered_geometric_centerline_record_v1.0,94,476.894,270.106,0.93325686,0.57104808,512,474
28,geometric_skeleton,qa_rendered_geometric_centerline_record_v1.0,95,479.112,267.776,0.93759714,0.56612203,512,474
28,geometric_skeleton,qa_rendered_geometric_centerline_record_v1.0,96,480.556,264.888,0.94042284,0.56001662,512,474
28,geometric_skeleton,qa_rendered_geometric_centerline_record_v1.0,97,482.0,262.0,0.94324853,0.55391121,512,474
39,geometric_skeleton,qa_rendered_geometric_centerline_record_v1.0,0,184.0,288.0,0.36007828,0.60887949,512,474
39,geometric_skeleton,qa_rendered_geometric_centerline_record_v1.0,1,187.138,288.0,0.36621903,0.60887949,512,474
39,geometric_skeleton,qa_rendered_geometric_centerline_record_v1.0,2,190.276,288.0,0.37235978,0.60887949,512,474
39,geometric_skeleton,qa_rendered_geometric_centerline_record_v1.0,3,193.414,288.0,0.37850053,0.60887949,512,474
39,geometric_skeleton,qa_rendered_geometric_centerline_record_v1.0,4,196.39,288.39,0.38432506,0.60970424,512,474
39,geometric_skeleton,qa_rendered_geometric_centerline_record_v1.0,5,198.902,289.902,0.3892404,0.61290031,512,474
39,geometric_skeleton,qa_rendered_geometric_centerline_record_v1.0,6,201.999,290.0,0.39530159,0.61310782,512,474
39,geometric_skeleton,qa_rendered_geometric_centerline_record_v1.0,7,205.137,290.0,0.40144234,0.61310782,512,474
39,geometric_skeleton,qa_rendered_geometric_centerline_record_v1.0,8,207.861,291.0,0.4067725,0.61522199,512,474
39,geometric_skeleton,qa_rendered_geometric_centerline_record_v1.0,9,210.999,291.0,0.41291325,0.61522199,512,474
39,geometric_skeleton,qa_rendered_geometric_centerline_record_v1.0,10,214.137,291.0,0.419054,0.61522199,512,474
39,geometric_skeleton,qa_rendered_geometric_centerline_record_v1.0,11,217.275,291.0,0.42519475,0.61522199,512,474
39,geometric_skeleton,qa_rendered_geometric_centerline_record_v1.0,12,220.412,291.0,0.4313355,0.61522199,512,474
39,geometric_skeleton,qa_rendered_geometric_centerline_record_v1.0,13,223.55,291.0,0.43747625,0.61522199,512,474
39,geometric_skeleton,qa_rendered_geometric_centerline_record_v1.0,14,226.688,291.0,0.443617,0.61522199,512,474
39,geometric_skeleton,qa_rendered_geometric_centerline_record_v1.0,15,229.826,291.0,0.44975775,0.61522199,512,474
39,geometric_skeleton,qa_rendered_geometric_centerline_record_v1.0,16,232.964,291.0,0.4558985,0.61522199,512,474
39,geometric_skeleton,qa_rendered_geometric_centerline_record_v1.0,17,236.102,291.0,0.46203925,0.61522199,512,474
39,geometric_skeleton,qa_rendered_geometric_centerline_record_v1.0,18,239.24,291.0,0.46818,0.61522199,512,474
39,geometric_skeleton,qa_rendered_geometric_centerline_record_v1.0,19,242.378,291.0,0.47432076,0.61522199,512,474
39,geometric_skeleton,qa_rendered_geometric_centerline_record_v1.0,20,245.516,291.0,0.48046151,0.61522199,512,474
39,geometric_skeleton,qa_rendered_geometric_centerline_record_v1.0,21,248.654,291.0,0.48660226,0.61522199,512,474
39,geometric_skeleton,qa_rendered_geometric_centerline_record_v1.0,22,251.792,291.0,0.49274301,0.61522199,512,474
39,geometric_skeleton,qa_rendered_geometric_centerline_record_v1.0,23,254.93,291.0,0.49888376,0.61522199,512,474
39,geometric_skeleton,qa_rendered_geometric_centerline_record_v1.0,24,258.068,291.0,0.50502451,0.61522199,512,474
39,geometric_skeleton,qa_rendered_geometric_centerline_record_v1.0,25,261.205,291.0,0.51116526,0.61522199,512,474
39,geometric_skeleton,qa_rendered_geometric_centerline_record_v1.0,26,264.343,291.0,0.51730601,0.61522199,512,474
39,geometric_skeleton,qa_rendered_geometric_centerline_record_v1.0,27,267.481,291.0,0.52344676,0.61522199,512,474
39,geometric_skeleton,qa_rendered_geometric_centerline_record_v1.0,28,270.619,291.0,0.52958751,0.61522199,512,474
39,geometric_skeleton,qa_rendered_geometric_centerline_record_v1.0,29,273.757,291.0,0.53572826,0.61522199,512,474
39,geometric_skeleton,qa_rendered_geometric_centerline_record_v1.0,30,276.895,291.0,0.54186901,0.61522199,512,474
39,geometric_skeleton,qa_rendered_geometric_centerline_record_v1.0,31,280.033,291.0,0.54800976,0.61522199,512,474
39,geometric_skeleton,qa_rendered_geometric_centerline_record_v1.0,32,283.171,291.0,0.55415051,0.61522199,512,474
39,geometric_skeleton,qa_rendered_geometric_centerline_record_v1.0,33,286.309,291.0,0.56029126,0.61522199,512,474
39,geometric_skeleton,qa_rendered_geometric_centerline_record_v1.0,34,289.447,291.0,0.56643201,0.61522199,512,474
39,geometric_skeleton,qa_rendered_geometric_centerline_record_v1.0,35,292.413,290.587,0.57223764,0.61434792,512,474
39,geometric_skeleton,qa_rendered_geometric_centerline_record_v1.0,36,295.218,289.782,0.57772616,0.61264679,512,474
39,geometric_skeleton,qa_rendered_geometric_centerline_record_v1.0,37,298.032,289.0,0.58323308,0.61099366,512,474
39,geometric_skeleton,qa_rendered_geometric_centerline_record_v1.0,38,301.12,288.88,0.58927637,0.61073948,512,474
39,geometric_skeleton,qa_rendered_geometric_centerline_record_v1.0,39,303.894,288.0,0.59470398,0.60887949,512,474
39,geometric_skeleton,qa_rendered_geometric_centerline_record_v1.0,40,307.022,287.978,0.60082659,0.60883216,512,474
39,geometric_skeleton,qa_rendered_geometric_centerline_record_v1.0,41,309.755,287.0,0.60617489,0.60676533,512,474
39,geometric_skeleton,qa_rendered_geometric_centerline_record_v1.0,42,312.339,285.661,0.61123045,0.60393497,512,474
39,geometric_skeleton,qa_rendered_geometric_centerline_record_v1.0,43,314.558,283.442,0.61557262,0.59924396,512,474
39,geometric_skeleton,qa_rendered_geometric_centerline_record_v1.0,44,317.512,283.0,0.62135477,0.59830867,512,474
39,geometric_skeleton,qa_rendered_geometric_centerline_record_v1.0,45,320.65,283.0,0.62749552,0.59830867,512,474
39,geometric_skeleton,qa_rendered_geometric_centerline_record_v1.0,46,323.788,283.0,0.63363627,0.59830867,512,474
39,geometric_skeleton,qa_rendered_geometric_centerline_record_v1.0,47,326.926,283.0,0.63977702,0.59830867,512,474
39,geometric_skeleton,qa_rendered_geometric_centerline_record_v1.0,48,329.65,282.0,0.64510717,0.5961945,512,474
39,geometric_skeleton,qa_rendered_geometric_centerline_record_v1.0,49,332.788,282.0,0.65124792,0.5961945,512,474
39,geometric_skeleton,qa_rendered_geometric_centerline_record_v1.0,50,335.511,281.0,0.65657808,0.59408034,512,474
39,geometric_skeleton,qa_rendered_geometric_centerline_record_v1.0,51,338.649,281.0,0.66271883,0.59408034,512,474
39,geometric_skeleton,qa_rendered_geometric_centerline_record_v1.0,52,341.373,280.0,0.66804899,0.59196617,512,474
39,geometric_skeleton,qa_rendered_geometric_centerline_record_v1.0,53,344.511,280.0,0.67418974,0.59196617,512,474
39,geometric_skeleton,qa_rendered_geometric_centerline_record_v1.0,54,347.235,279.0,0.67951989,0.58985201,512,474
39,geometric_skeleton,qa_rendered_geometric_centerline_record_v1.0,55,350.373,279.0,0.68566065,0.58985201,512,474
39,geometric_skeleton,qa_rendered_geometric_centerline_record_v1.0,56,353.511,279.0,0.6918014,0.58985201,512,474
39,geometric_skeleton,qa_rendered_geometric_centerline_record_v1.0,57,356.648,279.0,0.69794215,0.58985201,512,474
39,geometric_skeleton,qa_rendered_geometric_centerline_record_v1.0,58,359.786,279.0,0.7040829,0.58985201,512,474
39,geometric_skeleton,qa_rendered_geometric_centerline_record_v1.0,59,362.924,279.0,0.71022365,0.58985201,512,474
39,geometric_skeleton,qa_rendered_geometric_centerline_record_v1.0,60,366.062,279.0,0.7163644,0.58985201,512,474
39,geometric_skeleton,qa_rendered_geometric_centerline_record_v1.0,61,369.2,279.0,0.72250515,0.58985201,512,474
39,geometric_skeleton,qa_rendered_geometric_centerline_record_v1.0,62,372.338,279.0,0.7286459,0.58985201,512,474
39,geometric_skeleton,qa_rendered_geometric_centerline_record_v1.0,63,375.476,279.0,0.73478665,0.58985201,512,474
39,geometric_skeleton,qa_rendered_geometric_centerline_record_v1.0,64,378.614,279.0,0.7409274,0.58985201,512,474
39,geometric_skeleton,qa_rendered_geometric_centerline_record_v1.0,65,381.752,279.0,0.74706815,0.58985201,512,474
39,geometric_skeleton,qa_rendered_geometric_centerline_record_v1.0,66,384.476,280.0,0.75239831,0.59196617,512,474
39,geometric_skeleton,qa_rendered_geometric_centerline_record_v1.0,67,387.613,280.0,0.75853906,0.59196617,512,474
39,geometric_skeleton,qa_rendered_geometric_centerline_record_v1.0,68,390.337,281.0,0.76386921,0.59408034,512,474
39,geometric_skeleton,qa_rendered_geometric_centerline_record_v1.0,69,393.475,281.0,0.77000996,0.59408034,512,474
39,geometric_skeleton,qa_rendered_geometric_centerline_record_v1.0,70,396.199,282.0,0.77534012,0.5961945,512,474
39,geometric_skeleton,qa_rendered_geometric_centerline_record_v1.0,71,399.337,282.0,0.78148087,0.5961945,512,474
39,geometric_skeleton,qa_rendered_geometric_centerline_record_v1.0,72,402.475,282.0,0.78762162,0.5961945,512,474
39,geometric_skeleton,qa_rendered_geometric_centerline_record_v1.0,73,405.613,282.0,0.79376237,0.5961945,512,474
39,geometric_skeleton,qa_rendered_geometric_centerline_record_v1.0,74,408.75,282.0,0.79990312,0.5961945,512,474
39,geometric_skeleton,qa_rendered_geometric_centerline_record_v1.0,75,411.888,282.0,0.80604387,0.5961945,512,474
39,geometric_skeleton,qa_rendered_geometric_centerline_record_v1.0,76,415.026,282.0,0.81218462,0.5961945,512,474
39,geometric_skeleton,qa_rendered_geometric_centerline_record_v1.0,77,418.164,282.0,0.81832537,0.5961945,512,474
39,geometric_skeleton,qa_rendered_geometric_centerline_record_v1.0,78,421.214,281.786,0.82429292,0.59574275,512,474
39,geometric_skeleton,qa_rendered_geometric_centerline_record_v1.0,79,424.018,280.982,0.82978144,0.59404162,512,474
39,geometric_skeleton,qa_rendered_geometric_centerline_record_v1.0,80,426.75,280.0,0.83512644,0.59196617,512,474
39,geometric_skeleton,qa_rendered_geometric_centerline_record_v1.0,81,429.473,279.0,0.84045659,0.58985201,512,474
39,geometric_skeleton,qa_rendered_geometric_centerline_record_v1.0,82,432.611,279.0,0.84659734,0.58985201,512,474
39,geometric_skeleton,qa_rendered_geometric_centerline_record_v1.0,83,435.335,278.0,0.8519275,0.58773784,512,474
39,geometric_skeleton,qa_rendered_geometric_centerline_record_v1.0,84,437.749,276.251,0.85665086,0.58404104,512,474
39,geometric_skeleton,qa_rendered_geometric_centerline_record_v1.0,85,440.782,276.0,0.86258781,0.58350951,512,474
39,geometric_skeleton,qa_rendered_geometric_centerline_record_v1.0,86,443.92,276.0,0.86872856,0.58350951,512,474
39,geometric_skeleton,qa_rendered_geometric_centerline_record_v1.0,87,447.058,276.0,0.87486932,0.58350951,512,474
39,geometric_skeleton,qa_rendered_geometric_centerline_record_v1.0,88,450.196,276.0,0.88101007,0.58350951,512,474
39,geometric_skeleton,qa_rendered_geometric_centerline_record_v1.0,89,453.334,276.0,0.88715082,0.58350951,512,474
39,geometric_skeleton,qa_rendered_geometric_centerline_record_v1.0,90,456.472,276.0,0.89329157,0.58350951,512,474
39,geometric_skeleton,qa_rendered_geometric_centerline_record_v1.0,91,459.61,276.0,0.89943232,0.58350951,512,474
39,geometric_skeleton,qa_rendered_geometric_centerline_record_v1.0,92,462.748,276.0,0.90557307,0.58350951,512,474
39,geometric_skeleton,qa_rendered_geometric_centerline_record_v1.0,93,465.886,276.0,0.91171382,0.58350951,512,474
39,geometric_skeleton,qa_rendered_geometric_centerline_record_v1.0,94,469.024,276.0,0.91785457,0.58350951,512,474
39,geometric_skeleton,qa_rendered_geometric_centerline_record_v1.0,95,472.162,276.0,0.92399532,0.58350951,512,474
39,geometric_skeleton,qa_rendered_geometric_centerline_record_v1.0,96,475.3,276.0,0.93013607,0.58350951,512,474
39,geometric_skeleton,qa_rendered_geometric_centerline_record_v1.0,97,478.309,275.691,0.93602608,0.58285554,512,474
39,geometric_skeleton,qa_rendered_geometric_centerline_record_v1.0,98,481.114,274.886,0.9415146,0.58115442,512,474
39,geometric_skeleton,qa_rendered_geometric_centerline_record_v1.0,99,483.885,274.0,0.94693713,0.57928118,512,474
39,geometric_skeleton,qa_rendered_geometric_centerline_record_v1.0,100,486.194,272.0,0.9514567,0.57505285,512,474
39,geometric_skeleton,qa_rendered_geometric_centerline_record_v1.0,101,488.649,270.351,0.95626063,0.57156621,512,474
39,geometric_skeleton,qa_rendered_geometric_centerline_record_v1.0,102,490.868,268.132,0.9606028,0.5668752,512,474
39,geometric_skeleton,qa_rendered_geometric_centerline_record_v1.0,103,493.087,265.913,0.96494496,0.5621842,512,474
39,geometric_skeleton,qa_rendered_geometric_centerline_record_v1.0,104,495.193,263.613,0.96906723,0.55732196,512,474
39,geometric_skeleton,qa_rendered_geometric_centerline_record_v1.0,105,496.597,260.807,0.97181346,0.55138825,512,474
39,geometric_skeleton,qa_rendered_geometric_centerline_record_v1.0,106,498.0,258.0,0.97455969,0.54545455,512,474
50,geometric_skeleton,qa_rendered_geometric_centerline_record_v1.0,0,236.0,276.0,0.46183953,0.58350951,512,474
50,geometric_skeleton,qa_rendered_geometric_centerline_record_v1.0,1,239.279,275.59,0.46825639,0.58264297,512,474
50,geometric_skeleton,qa_rendered_geometric_centerline_record_v1.0,2,242.558,275.18,0.47467326,0.58177642,512,474
50,geometric_skeleton,qa_rendered_geometric_centerline_record_v1.0,3,245.851,275.0,0.4811181,0.58139535,512,474
50,geometric_skeleton,qa_rendered_geometric_centerline_record_v1.0,4,248.524,276.524,0.4863492,0.58461826,512,474
50,geometric_skeleton,qa_rendered_geometric_centerline_record_v1.0,5,251.218,278.0,0.49161992,0.58773784,512,474
50,geometric_skeleton,qa_rendered_geometric_centerline_record_v1.0,6,254.522,278.0,0.49808672,0.58773784,512,474
50,geometric_skeleton,qa_rendered_geometric_centerline_record_v1.0,7,257.827,278.0,0.50455352,0.58773784,512,474
50,geometric_skeleton,qa_rendered_geometric_centerline_record_v1.0,8,261.093,278.093,0.51094501,0.58793425,512,474
50,geometric_skeleton,qa_rendered_geometric_centerline_record_v1.0,9,264.015,279.015,0.51666408,0.58988445,512,474
50,geometric_skeleton,qa_rendered_geometric_centerline_record_v1.0,10,266.912,280.0,0.52233273,0.59196617,512,474
50,geometric_skeleton,qa_rendered_geometric_centerline_record_v1.0,11,270.217,280.0,0.52879953,0.59196617,512,474
50,geometric_skeleton,qa_rendered_geometric_centerline_record_v1.0,12,273.368,280.368,0.53496765,0.59274518,512,474
50,geometric_skeleton,qa_rendered_geometric_centerline_record_v1.0,13,276.411,281.0,0.54092254,0.59408034,512,474
50,geometric_skeleton,qa_rendered_geometric_centerline_record_v1.0,14,279.716,281.0,0.54738934,0.59408034,512,474
50,geometric_skeleton,qa_rendered_geometric_centerline_record_v1.0,15,282.722,281.722,0.55327122,0.59560591,512,474
50,geometric_skeleton,qa_rendered_geometric_centerline_record_v1.0,16,285.911,282.0,0.55951234,0.5961945,512,474
50,geometric_skeleton,qa_rendered_geometric_centerline_record_v1.0,17,289.215,282.0,0.56597915,0.5961945,512,474
50,geometric_skeleton,qa_rendered_geometric_centerline_record_v1.0,18,292.52,282.0,0.57244595,0.5961945,512,474
50,geometric_skeleton,qa_rendered_geometric_centerline_record_v1.0,19,295.824,282.0,0.57891275,0.5961945,512,474
50,geometric_skeleton,qa_rendered_geometric_centerline_record_v1.0,20,299.129,282.0,0.58537955,0.5961945,512,474
50,geometric_skeleton,qa_rendered_geometric_centerline_record_v1.0,21,302.433,282.0,0.59184635,0.5961945,512,474
50,geometric_skeleton,qa_rendered_geometric_centerline_record_v1.0,22,305.738,282.0,0.59831315,0.5961945,512,474
50,geometric_skeleton,qa_rendered_geometric_centerline_record_v1.0,23,308.628,281.0,0.60396935,0.59408034,512,474
50,geometric_skeleton,qa_rendered_geometric_centerline_record_v1.0,24,311.519,280.0,0.60962556,0.59196617,512,474
50,geometric_skeleton,qa_rendered_geometric_centerline_record_v1.0,25,313.996,278.004,0.61447417,0.58774566,512,474
50,geometric_skeleton,qa_rendered_geometric_centerline_record_v1.0,26,316.626,276.374,0.61962007,0.58430052,512,474
50,geometric_skeleton,qa_rendered_geometric_centerline_record_v1.0,27,319.361,275.0,0.62497299,0.58139535,512,474
50,geometric_skeleton,qa_rendered_geometric_centerline_record_v1.0,28,322.178,273.822,0.63048503,0.57890518,512,474
50,geometric_skeleton,qa_rendered_geometric_centerline_record_v1.0,29,324.807,272.193,0.63563093,0.57546003,512,474
50,geometric_skeleton,qa_rendered_geometric_centerline_record_v1.0,30,327.73,271.27,0.64135,0.57350983,512,474
50,geometric_skeleton,qa_rendered_geometric_centerline_record_v1.0,31,330.359,269.641,0.64649589,0.57006469,512,474
50,geometric_skeleton,qa_rendered_geometric_centerline_record_v1.0,32,333.282,268.718,0.65221497,0.56811449,512,474
50,geometric_skeleton,qa_rendered_geometric_centerline_record_v1.0,33,336.204,267.796,0.65793404,0.56616428,512,474
50,geometric_skeleton,qa_rendered_geometric_centerline_record_v1.0,34,339.127,266.873,0.66365311,0.56421408,512,474
50,geometric_skeleton,qa_rendered_geometric_centerline_record_v1.0,35,342.049,265.951,0.66937218,0.56226388,512,474
50,geometric_skeleton,qa_rendered_geometric_centerline_record_v1.0,36,344.96,265.0,0.67506826,0.5602537,512,474
50,geometric_skeleton,qa_rendered_geometric_centerline_record_v1.0,37,347.85,264.0,0.68072446,0.55813953,512,474
50,geometric_skeleton,qa_rendered_geometric_centerline_record_v1.0,38,350.741,263.0,0.68638067,0.55602537,512,474
50,geometric_skeleton,qa_rendered_geometric_centerline_record_v1.0,39,354.032,262.968,0.69282164,0.55595801,512,474
50,geometric_skeleton,qa_rendered_geometric_centerline_record_v1.0,40,356.935,262.0,0.69850368,0.55391121,512,474
50,geometric_skeleton,qa_rendered_geometric_centerline_record_v1.0,41,359.877,261.123,0.70425979,0.55205761,512,474
50,geometric_skeleton,qa_rendered_geometric_centerline_record_v1.0,42,363.13,261.0,0.71062668,0.55179704,512,474
50,geometric_skeleton,qa_rendered_geometric_centerline_record_v1.0,43,366.435,261.0,0.71709348,0.55179704,512,474
50,geometric_skeleton,qa_rendered_geometric_centerline_record_v1.0,44,369.739,261.0,0.72356028,0.55179704,512,474
50,geometric_skeleton,qa_rendered_geometric_centerline_record_v1.0,45,372.738,260.262,0.72942878,0.55023656,512,474
50,geometric_skeleton,qa_rendered_geometric_centerline_record_v1.0,46,375.934,260.0,0.73568329,0.54968288,512,474
50,geometric_skeleton,qa_rendered_geometric_centerline_record_v1.0,47,379.239,260.0,0.74215009,0.54968288,512,474
50,geometric_skeleton,qa_rendered_geometric_centerline_record_v1.0,48,382.129,259.0,0.7478063,0.54756871,512,474
50,geometric_skeleton,qa_rendered_geometric_centerline_record_v1.0,49,385.434,259.0,0.7542731,0.54756871,512,474
50,geometric_skeleton,qa_rendered_geometric_centerline_record_v1.0,50,388.738,259.0,0.7607399,0.54756871,512,474
50,geometric_skeleton,qa_rendered_geometric_centerline_record_v1.0,51,391.628,258.0,0.76639611,0.54545455,512,474
50,geometric_skeleton,qa_rendered_geometric_centerline_record_v1.0,52,394.519,257.0,0.77205231,0.54334038,512,474
50,geometric_skeleton,qa_rendered_geometric_centerline_record_v1.0,53,397.823,257.0,0.77851911,0.54334038,512,474
50,geometric_skeleton,qa_rendered_geometric_centerline_record_v1.0,54,401.128,257.0,0.78498591,0.54334038,512,474
50,geometric_skeleton,qa_rendered_geometric_centerline_record_v1.0,55,404.432,257.0,0.79145271,0.54334038,512,474
50,geometric_skeleton,qa_rendered_geometric_centerline_record_v1.0,56,407.323,256.0,0.79710892,0.54122622,512,474
50,geometric_skeleton,qa_rendered_geometric_centerline_record_v1.0,57,410.213,255.0,0.80276513,0.53911205,512,474
50,geometric_skeleton,qa_rendered_geometric_centerline_record_v1.0,58,413.103,254.0,0.80842133,0.53699789,512,474
50,geometric_skeleton,qa_rendered_geometric_centerline_record_v1.0,59,415.994,253.0,0.81407754,0.53488372,512,474
50,geometric_skeleton,qa_rendered_geometric_centerline_record_v1.0,60,418.884,252.0,0.81973375,0.53276956,512,474
50,geometric_skeleton,qa_rendered_geometric_centerline_record_v1.0,61,421.774,251.0,0.82538995,0.53065539,512,474
50,geometric_skeleton,qa_rendered_geometric_centerline_record_v1.0,62,424.665,250.0,0.83104616,0.52854123,512,474
50,geometric_skeleton,qa_rendered_geometric_centerline_record_v1.0,63,427.555,249.0,0.83670236,0.52642706,512,474
50,geometric_skeleton,qa_rendered_geometric_centerline_record_v1.0,64,430.445,248.0,0.84235857,0.5243129,512,474
50,geometric_skeleton,qa_rendered_geometric_centerline_record_v1.0,65,433.336,247.0,0.84801478,0.52219873,512,474
50,geometric_skeleton,qa_rendered_geometric_centerline_record_v1.0,66,436.16,245.84,0.85354152,0.5197469,512,474
50,geometric_skeleton,qa_rendered_geometric_centerline_record_v1.0,67,438.789,244.211,0.85868741,0.51630176,512,474
50,geometric_skeleton,qa_rendered_geometric_centerline_record_v1.0,68,441.712,243.288,0.86440649,0.51435156,512,474
50,geometric_skeleton,qa_rendered_geometric_centerline_record_v1.0,69,444.634,242.366,0.87012556,0.51240135,512,474
50,geometric_skeleton,qa_rendered_geometric_centerline_record_v1.0,70,447.557,241.443,0.87584463,0.51045115,512,474
50,geometric_skeleton,qa_rendered_geometric_centerline_record_v1.0,71,450.479,240.521,0.8815637,0.50850095,512,474
50,geometric_skeleton,qa_rendered_geometric_centerline_record_v1.0,72,453.401,239.599,0.88728277,0.50655075,512,474
50,geometric_skeleton,qa_rendered_geometric_centerline_record_v1.0,73,456.324,238.676,0.89300184,0.50460055,512,474
50,geometric_skeleton,qa_rendered_geometric_centerline_record_v1.0,74,458.661,236.339,0.89757456,0.49966046,512,474
50,geometric_skeleton,qa_rendered_geometric_centerline_record_v1.0,75,460.997,234.003,0.90214728,0.49472038,512,474
50,geometric_skeleton,qa_rendered_geometric_centerline_record_v1.0,76,463.334,231.666,0.90672,0.4897803,512,474
50,geometric_skeleton,qa_rendered_geometric_centerline_record_v1.0,77,465.671,229.329,0.91129272,0.48484021,512,474
50,geometric_skeleton,qa_rendered_geometric_centerline_record_v1.0,78,468.007,226.993,0.91586544,0.47990013,512,474
50,geometric_skeleton,qa_rendered_geometric_centerline_record_v1.0,79,470.344,224.656,0.92043815,0.47496005,512,474
50,geometric_skeleton,qa_rendered_geometric_centerline_record_v1.0,80,472.681,222.319,0.92501087,0.47001997,512,474
50,geometric_skeleton,qa_rendered_geometric_centerline_record_v1.0,81,475.017,219.983,0.92958359,0.46507988,512,474
50,geometric_skeleton,qa_rendered_geometric_centerline_record_v1.0,82,477.354,217.646,0.93415631,0.4601398,512,474
50,geometric_skeleton,qa_rendered_geometric_centerline_record_v1.0,83,479.691,215.309,0.93872903,0.45519972,512,474
50,geometric_skeleton,qa_rendered_geometric_centerline_record_v1.0,84,480.613,212.387,0.94053421,0.44902119,512,474
50,geometric_skeleton,qa_rendered_geometric_centerline_record_v1.0,85,481.0,209.243,0.94129159,0.44237377,512,474
50,geometric_skeleton,qa_rendered_geometric_centerline_record_v1.0,86,481.0,205.938,0.94129159,0.43538744,512,474
50,geometric_skeleton,qa_rendered_geometric_centerline_record_v1.0,87,481.0,202.634,0.94129159,0.42840111,512,474
50,geometric_skeleton,qa_rendered_geometric_centerline_record_v1.0,88,480.0,199.743,0.93933464,0.42229049,512,474
50,geometric_skeleton,qa_rendered_geometric_centerline_record_v1.0,89,478.189,197.189,0.93579062,0.41689008,512,474
50,geometric_skeleton,qa_rendered_geometric_centerline_record_v1.0,90,476.559,194.559,0.93260167,0.41133077,512,474
50,geometric_skeleton,qa_rendered_geometric_centerline_record_v1.0,91,474.956,191.911,0.92946314,0.4057322,512,474
50,geometric_skeleton,qa_rendered_geometric_centerline_record_v1.0,92,473.478,188.956,0.9265711,0.39948344,512,474
50,geometric_skeleton,qa_rendered_geometric_centerline_record_v1.0,93,472.0,186.0,0.92367906,0.39323467,512,474
51,geometric_skeleton,qa_rendered_geometric_centerline_record_v1.0,0,180.0,256.0,0.35225049,0.54122622,512,474
51,geometric_skeleton,qa_rendered_geometric_centerline_record_v1.0,1,183.151,256.0,0.35841626,0.54122622,512,474
51,geometric_skeleton,qa_rendered_geometric_centerline_record_v1.0,2,186.301,256.0,0.36458204,0.54122622,512,474
51,geometric_skeleton,qa_rendered_geometric_centerline_record_v1.0,3,189.027,257.027,0.36991548,0.54339707,512,474
51,geometric_skeleton,qa_rendered_geometric_centerline_record_v1.0,4,191.255,259.255,0.37427534,0.54810719,512,474
51,geometric_skeleton,qa_rendered_geometric_centerline_record_v1.0,5,193.682,261.0,0.37902639,0.55179704,512,474
51,geometric_skeleton,qa_rendered_geometric_centerline_record_v1.0,6,196.005,263.0,0.38357098,0.55602537,512,474
51,geometric_skeleton,qa_rendered_geometric_centerline_record_v1.0,7,198.524,264.524,0.38850128,0.55924768,512,474
51,geometric_skeleton,qa_rendered_geometric_centerline_record_v1.0,8,201.478,265.0,0.39428134,0.5602537,512,474
51,geometric_skeleton,qa_rendered_geometric_centerline_record_v1.0,9,204.628,265.0,0.40044711,0.5602537,512,474
51,geometric_skeleton,qa_rendered_geometric_centerline_record_v1.0,10,207.779,265.0,0.40661288,0.5602537,512,474
51,geometric_skeleton,qa_rendered_geometric_centerline_record_v1.0,11,210.93,265.0,0.41277866,0.5602537,512,474
51,geometric_skeleton,qa_rendered_geometric_centerline_record_v1.0,12,214.081,265.0,0.41894443,0.5602537,512,474
51,geometric_skeleton,qa_rendered_geometric_centerline_record_v1.0,13,216.871,264.129,0.42440445,0.55841296,512,474
51,geometric_skeleton,qa_rendered_geometric_centerline_record_v1.0,14,219.968,264.0,0.43046539,0.55813953,512,474
51,geometric_skeleton,qa_rendered_geometric_centerline_record_v1.0,15,223.119,264.0,0.43663116,0.55813953,512,474
51,geometric_skeleton,qa_rendered_geometric_centerline_record_v1.0,16,226.269,264.0,0.44279694,0.55813953,512,474
51,geometric_skeleton,qa_rendered_geometric_centerline_record_v1.0,17,229.42,264.0,0.44896271,0.55813953,512,474
51,geometric_skeleton,qa_rendered_geometric_centerline_record_v1.0,18,232.571,264.0,0.45512848,0.55813953,512,474
51,geometric_skeleton,qa_rendered_geometric_centerline_record_v1.0,19,235.307,263.0,0.46048366,0.55602537,512,474
51,geometric_skeleton,qa_rendered_geometric_centerline_record_v1.0,20,238.458,263.0,0.46664944,0.55602537,512,474
51,geometric_skeleton,qa_rendered_geometric_centerline_record_v1.0,21,241.194,262.0,0.47200462,0.55391121,512,474
51,geometric_skeleton,qa_rendered_geometric_centerline_record_v1.0,22,244.345,262.0,0.47817039,0.55391121,512,474
51,geometric_skeleton,qa_rendered_geometric_centerline_record_v1.0,23,247.496,262.0,0.48433617,0.55391121,512,474
51,geometric_skeleton,qa_rendered_geometric_centerline_record_v1.0,24,250.646,262.0,0.49050194,0.55391121,512,474
51,geometric_skeleton,qa_rendered_geometric_centerline_record_v1.0,25,253.797,262.0,0.49666772,0.55391121,512,474
51,geometric_skeleton,qa_rendered_geometric_centerline_record_v1.0,26,256.948,262.0,0.50283349,0.55391121,512,474
51,geometric_skeleton,qa_rendered_geometric_centerline_record_v1.0,27,260.099,262.0,0.50899926,0.55391121,512,474
51,geometric_skeleton,qa_rendered_geometric_centerline_record_v1.0,28,263.249,262.0,0.51516504,0.55391121,512,474
51,geometric_skeleton,qa_rendered_geometric_centerline_record_v1.0,29,266.4,262.0,0.52133081,0.55391121,512,474
51,geometric_skeleton,qa_rendered_geometric_centerline_record_v1.0,30,269.551,262.0,0.52749659,0.55391121,512,474
51,geometric_skeleton,qa_rendered_geometric_centerline_record_v1.0,31,272.701,262.0,0.53366236,0.55391121,512,474
51,geometric_skeleton,qa_rendered_geometric_centerline_record_v1.0,32,275.852,262.0,0.53982813,0.55391121,512,474
51,geometric_skeleton,qa_rendered_geometric_centerline_record_v1.0,33,279.003,262.0,0.54599391,0.55391121,512,474
51,geometric_skeleton,qa_rendered_geometric_centerline_record_v1.0,34,282.154,262.0,0.55215968,0.55391121,512,474
51,geometric_skeleton,qa_rendered_geometric_centerline_record_v1.0,35,285.304,262.0,0.55832546,0.55391121,512,474
51,geometric_skeleton,qa_rendered_geometric_centerline_record_v1.0,36,288.455,262.0,0.56449123,0.55391121,512,474
51,geometric_skeleton,qa_rendered_geometric_centerline_record_v1.0,37,291.428,262.428,0.57030982,0.55481674,512,474
51,geometric_skeleton,qa_rendered_geometric_centerline_record_v1.0,38,294.242,263.242,0.57581603,0.55653698,512,474
51,geometric_skeleton,qa_rendered_geometric_centerline_record_v1.0,39,297.056,264.056,0.58132224,0.55825722,512,474
51,geometric_skeleton,qa_rendered_geometric_centerline_record_v1.0,40,299.815,265.0,0.58672255,0.5602537,512,474
51,geometric_skeleton,qa_rendered_geometric_centerline_record_v1.0,41,302.552,266.0,0.59207773,0.56236786,512,474
51,geometric_skeleton,qa_rendered_geometric_centerline_record_v1.0,42,305.288,267.0,0.59743291,0.56448203,512,474
51,geometric_skeleton,qa_rendered_geometric_centerline_record_v1.0,43,308.025,268.0,0.60278809,0.56659619,512,474
51,geometric_skeleton,qa_rendered_geometric_centerline_record_v1.0,44,310.761,269.0,0.60814327,0.56871036,512,474
51,geometric_skeleton,qa_rendered_geometric_centerline_record_v1.0,45,313.912,269.0,0.61430904,0.56871036,512,474
51,geometric_skeleton,qa_rendered_geometric_centerline_record_v1.0,46,317.063,269.0,0.62047482,0.56871036,512,474
51,geometric_skeleton,qa_rendered_geometric_centerline_record_v1.0,47,320.213,269.0,0.62664059,0.56871036,512,474
51,geometric_skeleton,qa_rendered_geometric_centerline_record_v1.0,48,323.364,269.0,0.63280636,0.56871036,512,474
51,geometric_skeleton,qa_rendered_geometric_centerline_record_v1.0,49,326.515,269.0,0.63897214,0.56871036,512,474
51,geometric_skeleton,qa_rendered_geometric_centerline_record_v1.0,50,329.665,269.0,0.64513791,0.56871036,512,474
51,geometric_skeleton,qa_rendered_geometric_centerline_record_v1.0,51,332.816,269.0,0.65130369,0.56871036,512,474
51,geometric_skeleton,qa_rendered_geometric_centerline_record_v1.0,52,335.967,269.0,0.65746946,0.56871036,512,474
51,geometric_skeleton,qa_rendered_geometric_centerline_record_v1.0,53,339.118,269.0,0.66363523,0.56871036,512,474
51,geometric_skeleton,qa_rendered_geometric_centerline_record_v1.0,54,342.268,269.0,0.66980101,0.56871036,512,474
51,geometric_skeleton,qa_rendered_geometric_centerline_record_v1.0,55,345.419,269.0,0.67596678,0.56871036,512,474
51,geometric_skeleton,qa_rendered_geometric_centerline_record_v1.0,56,348.57,269.0,0.68213256,0.56871036,512,474
51,geometric_skeleton,qa_rendered_geometric_centerline_record_v1.0,57,351.72,269.0,0.68829833,0.56871036,512,474
51,geometric_skeleton,qa_rendered_geometric_centerline_record_v1.0,58,354.871,269.0,0.69446411,0.56871036,512,474
51,geometric_skeleton,qa_rendered_geometric_centerline_record_v1.0,59,358.022,269.0,0.70062988,0.56871036,512,474
51,geometric_skeleton,qa_rendered_geometric_centerline_record_v1.0,60,361.173,269.0,0.70679565,0.56871036,512,474
51,geometric_skeleton,qa_rendered_geometric_centerline_record_v1.0,61,364.323,269.0,0.71296143,0.56871036,512,474
51,geometric_skeleton,qa_rendered_geometric_centerline_record_v1.0,62,367.474,269.0,0.7191272,0.56871036,512,474
51,geometric_skeleton,qa_rendered_geometric_centerline_record_v1.0,63,370.625,269.0,0.72529298,0.56871036,512,474
51,geometric_skeleton,qa_rendered_geometric_centerline_record_v1.0,64,373.775,269.0,0.73145875,0.56871036,512,474
51,geometric_skeleton,qa_rendered_geometric_centerline_record_v1.0,65,376.926,269.0,0.73762453,0.56871036,512,474
51,geometric_skeleton,qa_rendered_geometric_centerline_record_v1.0,66,379.469,270.469,0.7425999,0.57181512,512,474
51,geometric_skeleton,qa_rendered_geometric_centerline_record_v1.0,67,381.985,272.0,0.74752429,0.57505285,512,474
51,geometric_skeleton,qa_rendered_geometric_centerline_record_v1.0,68,384.803,272.803,0.75303915,0.57675054,512,474
51,geometric_skeleton,qa_rendered_geometric_centerline_record_v1.0,69,387.872,273.0,0.75904525,0.57716702,512,474
51,geometric_skeleton,qa_rendered_geometric_centerline_record_v1.0,70,391.023,273.0,0.76521102,0.57716702,512,474
51,geometric_skeleton,qa_rendered_geometric_centerline_record_v1.0,71,393.83,273.83,0.77070415,0.57892139,512,474
51,geometric_skeleton,qa_rendered_geometric_centerline_record_v1.0,72,396.91,274.0,0.77673197,0.57928118,512,474
51,geometric_skeleton,qa_rendered_geometric_centerline_record_v1.0,73,399.75,274.75,0.78228975,0.58086694,512,474
51,geometric_skeleton,qa_rendered_geometric_centerline_record_v1.0,74,402.797,275.0,0.78825293,0.58139535,512,474
51,geometric_skeleton,qa_rendered_geometric_centerline_record_v1.0,75,405.948,275.0,0.7944187,0.58139535,512,474
51,geometric_skeleton,qa_rendered_geometric_centerline_record_v1.0,76,409.099,275.0,0.80058448,0.58139535,512,474
51,geometric_skeleton,qa_rendered_geometric_centerline_record_v1.0,77,412.249,275.0,0.80675025,0.58139535,512,474
51,geometric_skeleton,qa_rendered_geometric_centerline_record_v1.0,78,415.4,275.0,0.81291603,0.58139535,512,474
51,geometric_skeleton,qa_rendered_geometric_centerline_record_v1.0,79,418.551,275.0,0.8190818,0.58139535,512,474
51,geometric_skeleton,qa_rendered_geometric_centerline_record_v1.0,80,421.702,275.0,0.82524757,0.58139535,512,474
51,geometric_skeleton,qa_rendered_geometric_centerline_record_v1.0,81,424.438,276.0,0.83060275,0.58350951,512,474
51,geometric_skeleton,qa_rendered_geometric_centerline_record_v1.0,82,427.589,276.0,0.83676853,0.58350951,512,474
51,geometric_skeleton,qa_rendered_geometric_centerline_record_v1.0,83,430.325,277.0,0.84212371,0.58562368,512,474
51,geometric_skeleton,qa_rendered_geometric_centerline_record_v1.0,84,433.062,278.0,0.84747889,0.58773784,512,474
51,geometric_skeleton,qa_rendered_geometric_centerline_record_v1.0,85,436.212,278.0,0.85364466,0.58773784,512,474
51,geometric_skeleton,qa_rendered_geometric_centerline_record_v1.0,86,439.363,278.0,0.85981044,0.58773784,512,474
51,geometric_skeleton,qa_rendered_geometric_centerline_record_v1.0,87,442.1,279.0,0.86516562,0.58985201,512,474
51,geometric_skeleton,qa_rendered_geometric_centerline_record_v1.0,88,445.25,279.0,0.87133139,0.58985201,512,474
51,geometric_skeleton,qa_rendered_geometric_centerline_record_v1.0,89,447.991,279.991,0.87669412,0.5919465,512,474
51,geometric_skeleton,qa_rendered_geometric_centerline_record_v1.0,90,451.138,280.0,0.88285235,0.59196617,512,474
51,geometric_skeleton,qa_rendered_geometric_centerline_record_v1.0,91,454.288,280.0,0.88901812,0.59196617,512,474
51,geometric_skeleton,qa_rendered_geometric_centerline_record_v1.0,92,457.025,281.0,0.8943733,0.59408034,512,474
51,geometric_skeleton,qa_rendered_geometric_centerline_record_v1.0,93,460.175,281.0,0.90053907,0.59408034,512,474
51,geometric_skeleton,qa_rendered_geometric_centerline_record_v1.0,94,462.938,281.938,0.90594471,0.59606289,512,474
51,geometric_skeleton,qa_rendered_geometric_centerline_record_v1.0,95,466.063,282.0,0.91206003,0.5961945,512,474
51,geometric_skeleton,qa_rendered_geometric_centerline_record_v1.0,96,469.213,282.0,0.9182258,0.5961945,512,474
51,geometric_skeleton,qa_rendered_geometric_centerline_record_v1.0,97,472.364,282.0,0.92439158,0.5961945,512,474
51,geometric_skeleton,qa_rendered_geometric_centerline_record_v1.0,98,475.515,282.0,0.93055735,0.5961945,512,474
51,geometric_skeleton,qa_rendered_geometric_centerline_record_v1.0,99,478.666,282.0,0.93672313,0.5961945,512,474
51,geometric_skeleton,qa_rendered_geometric_centerline_record_v1.0,100,481.816,282.0,0.9428889,0.5961945,512,474
51,geometric_skeleton,qa_rendered_geometric_centerline_record_v1.0,101,484.553,281.0,0.94824408,0.59408034,512,474
51,geometric_skeleton,qa_rendered_geometric_centerline_record_v1.0,102,487.289,280.0,0.95359926,0.59196617,512,474
51,geometric_skeleton,qa_rendered_geometric_centerline_record_v1.0,103,489.725,278.275,0.95836652,0.58831862,512,474
51,geometric_skeleton,qa_rendered_geometric_centerline_record_v1.0,104,491.953,276.047,0.96272638,0.5836085,512,474
51,geometric_skeleton,qa_rendered_geometric_centerline_record_v1.0,105,494.256,274.0,0.96723302,0.57928118,512,474
51,geometric_skeleton,qa_rendered_geometric_centerline_record_v1.0,106,497.182,273.636,0.97295875,0.57851197,512,474
51,geometric_skeleton,qa_rendered_geometric_centerline_record_v1.0,107,498.591,270.818,0.97571616,0.57255408,512,474
51,geometric_skeleton,qa_rendered_geometric_centerline_record_v1.0,108,500.0,268.0,0.97847358,0.56659619,512,474
76,geometric_skeleton,qa_rendered_geometric_centerline_record_v1.0,0,236.0,270.0,0.46183953,0.57082452,512,474
76,geometric_skeleton,qa_rendered_geometric_centerline_record_v1.0,1,238.885,268.764,0.46748536,0.56821049,512,474
76,geometric_skeleton,qa_rendered_geometric_centerline_record_v1.0,2,241.77,267.527,0.47313119,0.56559646,512,474
76,geometric_skeleton,qa_rendered_geometric_centerline_record_v1.0,3,244.386,268.0,0.47825134,0.56659619,512,474
76,geometric_skeleton,qa_rendered_geometric_centerline_record_v1.0,4,247.525,268.0,0.48439382,0.56659619,512,474
76,geometric_skeleton,qa_rendered_geometric_centerline_record_v1.0,5,250.664,268.0,0.49053629,0.56659619,512,474
76,geometric_skeleton,qa_rendered_geometric_centerline_record_v1.0,6,253.803,268.0,0.49667877,0.56659619,512,474
76,geometric_skeleton,qa_rendered_geometric_centerline_record_v1.0,7,256.942,268.0,0.50282125,0.56659619,512,474
76,geometric_skeleton,qa_rendered_geometric_centerline_record_v1.0,8,260.08,268.0,0.50896373,0.56659619,512,474
76,geometric_skeleton,qa_rendered_geometric_centerline_record_v1.0,9,263.219,268.0,0.51510621,0.56659619,512,474
76,geometric_skeleton,qa_rendered_geometric_centerline_record_v1.0,10,266.358,268.0,0.52124869,0.56659619,512,474
76,geometric_skeleton,qa_rendered_geometric_centerline_record_v1.0,11,269.497,268.0,0.52739117,0.56659619,512,474
76,geometric_skeleton,qa_rendered_geometric_centerline_record_v1.0,12,272.636,268.0,0.53353364,0.56659619,512,474
76,geometric_skeleton,qa_rendered_geometric_centerline_record_v1.0,13,275.774,268.0,0.53967612,0.56659619,512,474
76,geometric_skeleton,qa_rendered_geometric_centerline_record_v1.0,14,278.913,268.0,0.5458186,0.56659619,512,474
76,geometric_skeleton,qa_rendered_geometric_centerline_record_v1.0,15,282.052,268.0,0.55196108,0.56659619,512,474
76,geometric_skeleton,qa_rendered_geometric_centerline_record_v1.0,16,285.191,268.0,0.55810356,0.56659619,512,474
76,geometric_skeleton,qa_rendered_geometric_centerline_record_v1.0,17,288.33,268.0,0.56424604,0.56659619,512,474
76,geometric_skeleton,qa_rendered_geometric_centerline_record_v1.0,18,291.469,268.0,0.57038852,0.56659619,512,474
76,geometric_skeleton,qa_rendered_geometric_centerline_record_v1.0,19,294.607,268.0,0.576531,0.56659619,512,474
76,geometric_skeleton,qa_rendered_geometric_centerline_record_v1.0,20,297.746,268.0,0.58267347,0.56659619,512,474
76,geometric_skeleton,qa_rendered_geometric_centerline_record_v1.0,21,300.471,269.0,0.58800536,0.56871036,512,474
76,geometric_skeleton,qa_rendered_geometric_centerline_record_v1.0,22,303.61,269.0,0.59414784,0.56871036,512,474
76,geometric_skeleton,qa_rendered_geometric_centerline_record_v1.0,23,306.748,269.0,0.60029032,0.56871036,512,474
76,geometric_skeleton,qa_rendered_geometric_centerline_record_v1.0,24,309.887,269.0,0.60643279,0.56871036,512,474
76,geometric_skeleton,qa_rendered_geometric_centerline_record_v1.0,25,313.026,269.0,0.61257527,0.56871036,512,474
76,geometric_skeleton,qa_rendered_geometric_centerline_record_v1.0,26,316.165,269.0,0.61871775,0.56871036,512,474
76,geometric_skeleton,qa_rendered_geometric_centerline_record_v1.0,27,319.304,269.0,0.62486023,0.56871036,512,474
76,geometric_skeleton,qa_rendered_geometric_centerline_record_v1.0,28,322.442,269.0,0.63100271,0.56871036,512,474
76,geometric_skeleton,qa_rendered_geometric_centerline_record_v1.0,29,325.581,269.0,0.63714519,0.56871036,512,474
76,geometric_skeleton,qa_rendered_geometric_centerline_record_v1.0,30,328.72,269.0,0.64328767,0.56871036,512,474
76,geometric_skeleton,qa_rendered_geometric_centerline_record_v1.0,31,331.859,269.0,0.64943015,0.56871036,512,474
76,geometric_skeleton,qa_rendered_geometric_centerline_record_v1.0,32,334.705,268.295,0.65500082,0.56721899,512,474
76,geometric_skeleton,qa_rendered_geometric_centerline_record_v1.0,33,337.722,268.0,0.66090451,0.56659619,512,474
76,geometric_skeleton,qa_rendered_geometric_centerline_record_v1.0,34,340.609,267.391,0.66655348,0.56530903,512,474
76,geometric_skeleton,qa_rendered_geometric_centerline_record_v1.0,35,343.414,266.586,0.67204322,0.56360659,512,474
76,geometric_skeleton,qa_rendered_geometric_centerline_record_v1.0,36,346.31,266.0,0.67771076,0.56236786,512,474
76,geometric_skeleton,qa_rendered_geometric_centerline_record_v1.0,37,349.317,265.683,0.68359588,0.56169663,512,474
76,geometric_skeleton,qa_rendered_geometric_centerline_record_v1.0,38,352.174,265.0,0.68918512,0.5602537,512,474
76,geometric_skeleton,qa_rendered_geometric_centerline_record_v1.0,39,355.312,265.0,0.6953276,0.5602537,512,474
76,geometric_skeleton,qa_rendered_geometric_centerline_record_v1.0,40,358.451,265.0,0.70147008,0.5602537,512,474
76,geometric_skeleton,qa_rendered_geometric_centerline_record_v1.0,41,361.59,265.0,0.70761256,0.5602537,512,474
76,geometric_skeleton,qa_rendered_geometric_centerline_record_v1.0,42,364.729,265.0,0.71375503,0.5602537,512,474
76,geometric_skeleton,qa_rendered_geometric_centerline_record_v1.0,43,367.868,265.0,0.71989751,0.5602537,512,474
76,geometric_skeleton,qa_rendered_geometric_centerline_record_v1.0,44,371.006,265.0,0.72603999,0.5602537,512,474
76,geometric_skeleton,qa_rendered_geometric_centerline_record_v1.0,45,374.145,265.0,0.73218247,0.5602537,512,474
76,geometric_skeleton,qa_rendered_geometric_centerline_record_v1.0,46,377.284,265.0,0.73832495,0.5602537,512,474
76,geometric_skeleton,qa_rendered_geometric_centerline_record_v1.0,47,380.009,266.0,0.74365683,0.56236786,512,474
76,geometric_skeleton,qa_rendered_geometric_centerline_record_v1.0,48,383.147,266.0,0.74979931,0.56236786,512,474
76,geometric_skeleton,qa_rendered_geometric_centerline_record_v1.0,49,385.91,266.91,0.75520454,0.56429074,512,474
76,geometric_skeleton,qa_rendered_geometric_centerline_record_v1.0,50,389.011,267.0,0.76127368,0.56448203,512,474
76,geometric_skeleton,qa_rendered_geometric_centerline_record_v1.0,51,391.813,267.813,0.7667572,0.5662007,512,474
76,geometric_skeleton,qa_rendered_geometric_centerline_record_v1.0,52,394.618,268.618,0.77224694,0.56790314,512,474
76,geometric_skeleton,qa_rendered_geometric_centerline_record_v1.0,53,397.599,269.0,0.77807992,0.56871036,512,474
76,geometric_skeleton,qa_rendered_geometric_centerline_record_v1.0,54,400.738,269.0,0.7842224,0.56871036,512,474
76,geometric_skeleton,qa_rendered_geometric_centerline_record_v1.0,55,403.876,269.0,0.79036488,0.56871036,512,474
76,geometric_skeleton,qa_rendered_geometric_centerline_record_v1.0,56,407.015,269.0,0.79650736,0.56871036,512,474
76,geometric_skeleton,qa_rendered_geometric_centerline_record_v1.0,57,410.154,269.0,0.80264984,0.56871036,512,474
76,geometric_skeleton,qa_rendered_geometric_centerline_record_v1.0,58,413.293,269.0,0.80879232,0.56871036,512,474
76,geometric_skeleton,qa_rendered_geometric_centerline_record_v1.0,59,416.432,269.0,0.8149348,0.56871036,512,474
76,geometric_skeleton,qa_rendered_geometric_centerline_record_v1.0,60,419.57,269.0,0.82107727,0.56871036,512,474
76,geometric_skeleton,qa_rendered_geometric_centerline_record_v1.0,61,422.709,269.0,0.82721975,0.56871036,512,474
76,geometric_skeleton,qa_rendered_geometric_centerline_record_v1.0,62,425.848,269.0,0.83336223,0.56871036,512,474
76,geometric_skeleton,qa_rendered_geometric_centerline_record_v1.0,63,428.987,269.0,0.83950471,0.56871036,512,474
76,geometric_skeleton,qa_rendered_geometric_centerline_record_v1.0,64,432.126,269.0,0.84564719,0.56871036,512,474
76,geometric_skeleton,qa_rendered_geometric_centerline_record_v1.0,65,435.265,269.0,0.85178967,0.56871036,512,474
76,geometric_skeleton,qa_rendered_geometric_centerline_record_v1.0,66,438.403,269.0,0.85793215,0.56871036,512,474
76,geometric_skeleton,qa_rendered_geometric_centerline_record_v1.0,67,441.542,269.0,0.86407463,0.56871036,512,474
76,geometric_skeleton,qa_rendered_geometric_centerline_record_v1.0,68,444.681,269.0,0.8702171,0.56871036,512,474
76,geometric_skeleton,qa_rendered_geometric_centerline_record_v1.0,69,447.82,269.0,0.87635958,0.56871036,512,474
76,geometric_skeleton,qa_rendered_geometric_centerline_record_v1.0,70,450.959,269.0,0.88250206,0.56871036,512,474
76,geometric_skeleton,qa_rendered_geometric_centerline_record_v1.0,71,454.097,269.0,0.88864454,0.56871036,512,474
76,geometric_skeleton,qa_rendered_geometric_centerline_record_v1.0,72,457.236,269.0,0.89478702,0.56871036,512,474
76,geometric_skeleton,qa_rendered_geometric_centerline_record_v1.0,73,460.375,269.0,0.9009295,0.56871036,512,474
76,geometric_skeleton,qa_rendered_geometric_centerline_record_v1.0,74,463.514,269.0,0.90707198,0.56871036,512,474
76,geometric_skeleton,qa_rendered_geometric_centerline_record_v1.0,75,466.653,269.0,0.91321445,0.56871036,512,474
76,geometric_skeleton,qa_rendered_geometric_centerline_record_v1.0,76,469.791,269.0,0.91935693,0.56871036,512,474
76,geometric_skeleton,qa_rendered_geometric_centerline_record_v1.0,77,472.658,269.658,0.92496624,0.57010095,512,474
76,geometric_skeleton,qa_rendered_geometric_centerline_record_v1.0,78,475.655,270.0,0.9308313,0.57082452,512,474
76,geometric_skeleton,qa_rendered_geometric_centerline_record_v1.0,79,478.561,270.561,0.9365189,0.57201091,512,474
76,geometric_skeleton,qa_rendered_geometric_centerline_record_v1.0,80,481.366,271.366,0.94200864,0.57371336,512,474
76,geometric_skeleton,qa_rendered_geometric_centerline_record_v1.0,81,484.172,272.172,0.94749839,0.5754158,512,474
76,geometric_skeleton,qa_rendered_geometric_centerline_record_v1.0,82,486.684,273.684,0.95241495,0.57861319,512,474
76,geometric_skeleton,qa_rendered_geometric_centerline_record_v1.0,83,488.904,275.904,0.95675834,0.58330552,512,474
76,geometric_skeleton,qa_rendered_geometric_centerline_record_v1.0,84,491.123,278.123,0.96110173,0.58799785,512,474
76,geometric_skeleton,qa_rendered_geometric_centerline_record_v1.0,85,493.342,280.342,0.96544512,0.59269018,512,474
76,geometric_skeleton,qa_rendered_geometric_centerline_record_v1.0,86,495.795,282.0,0.970244,0.5961945,512,474
76,geometric_skeleton,qa_rendered_geometric_centerline_record_v1.0,87,498.518,282.777,0.97557301,0.5978366,512,474
76,geometric_skeleton,qa_rendered_geometric_centerline_record_v1.0,88,500.259,285.388,0.97898024,0.60335804,512,474
76,geometric_skeleton,qa_rendered_geometric_centerline_record_v1.0,89,502.0,288.0,0.98238748,0.60887949,512,474
82,geometric_skeleton,qa_rendered_geometric_centerline_record_v1.0,0,274.0,232.0,0.53620352,0.49048626,512,474
82,geometric_skeleton,qa_rendered_geometric_centerline_record_v1.0,1,276.8,233.4,0.54168223,0.49344569,512,474
82,geometric_skeleton,qa_rendered_geometric_centerline_record_v1.0,2,279.599,234.8,0.54716095,0.49640512,512,474
82,geometric_skeleton,qa_rendered_geometric_centerline_record_v1.0,3,282.682,235.0,0.55319376,0.49682875,512,474
82,geometric_skeleton,qa_rendered_geometric_centerline_record_v1.0,4,285.812,235.0,0.55931915,0.49682875,512,474
82,geometric_skeleton,qa_rendered_geometric_centerline_record_v1.0,5,288.114,237.0,0.56382334,0.50105708,512,474
82,geometric_skeleton,qa_rendered_geometric_centerline_record_v1.0,6,291.244,237.0,0.56994873,0.50105708,512,474
82,geometric_skeleton,qa_rendered_geometric_centerline_record_v1.0,7,294.374,237.0,0.57607412,0.50105708,512,474
82,geometric_skeleton,qa_rendered_geometric_centerline_record_v1.0,8,297.09,238.0,0.58138891,0.50317125,512,474
82,geometric_skeleton,qa_rendered_geometric_centerline_record_v1.0,9,300.22,238.0,0.58751429,0.50317125,512,474
82,geometric_skeleton,qa_rendered_geometric_centerline_record_v1.0,10,303.35,238.0,0.59363968,0.50317125,512,474
82,geometric_skeleton,qa_rendered_geometric_centerline_record_v1.0,11,306.48,238.0,0.59976506,0.50317125,512,474
82,geometric_skeleton,qa_rendered_geometric_centerline_record_v1.0,12,309.196,239.0,0.60507986,0.50528541,512,474
82,geometric_skeleton,qa_rendered_geometric_centerline_record_v1.0,13,312.326,239.0,0.61120524,0.50528541,512,474
82,geometric_skeleton,qa_rendered_geometric_centerline_record_v1.0,14,315.456,239.0,0.61733063,0.50528541,512,474
82,geometric_skeleton,qa_rendered_geometric_centerline_record_v1.0,15,318.586,239.0,0.62345601,0.50528541,512,474
82,geometric_skeleton,qa_rendered_geometric_centerline_record_v1.0,16,321.716,239.0,0.6295814,0.50528541,512,474
82,geometric_skeleton,qa_rendered_geometric_centerline_record_v1.0,17,324.846,239.0,0.63570678,0.50528541,512,474
82,geometric_skeleton,qa_rendered_geometric_centerline_record_v1.0,18,327.976,239.0,0.64183217,0.50528541,512,474
82,geometric_skeleton,qa_rendered_geometric_centerline_record_v1.0,19,331.106,239.0,0.64795756,0.50528541,512,474
82,geometric_skeleton,qa_rendered_geometric_centerline_record_v1.0,20,334.236,239.0,0.65408294,0.50528541,512,474
82,geometric_skeleton,qa_rendered_geometric_centerline_record_v1.0,21,337.259,238.741,0.65999828,0.50473758,512,474
82,geometric_skeleton,qa_rendered_geometric_centerline_record_v1.0,22,340.082,238.0,0.66552312,0.50317125,512,474
82,geometric_skeleton,qa_rendered_geometric_centerline_record_v1.0,23,343.212,238.0,0.6716485,0.50317125,512,474
82,geometric_skeleton,qa_rendered_geometric_centerline_record_v1.0,24,346.342,238.0,0.67777389,0.50317125,512,474
82,geometric_skeleton,qa_rendered_geometric_centerline_record_v1.0,25,349.473,238.0,0.68389928,0.50317125,512,474
82,geometric_skeleton,qa_rendered_geometric_centerline_record_v1.0,26,352.603,238.0,0.69002466,0.50317125,512,474
82,geometric_skeleton,qa_rendered_geometric_centerline_record_v1.0,27,355.733,238.0,0.69615005,0.50317125,512,474
82,geometric_skeleton,qa_rendered_geometric_centerline_record_v1.0,28,358.863,238.0,0.70227543,0.50317125,512,474
82,geometric_skeleton,qa_rendered_geometric_centerline_record_v1.0,29,361.993,238.0,0.70840082,0.50317125,512,474
82,geometric_skeleton,qa_rendered_geometric_centerline_record_v1.0,30,365.123,238.0,0.7145262,0.50317125,512,474
82,geometric_skeleton,qa_rendered_geometric_centerline_record_v1.0,31,367.886,238.886,0.71993342,0.50504435,512,474
82,geometric_skeleton,qa_rendered_geometric_centerline_record_v1.0,32,370.969,239.0,0.72596638,0.50528541,512,474
82,geometric_skeleton,qa_rendered_geometric_centerline_record_v1.0,33,373.777,239.777,0.73146191,0.50692819,512,474
82,geometric_skeleton,qa_rendered_geometric_centerline_record_v1.0,34,376.815,240.0,0.73740656,0.50739958,512,474
82,geometric_skeleton,qa_rendered_geometric_centerline_record_v1.0,35,379.668,240.668,0.74299039,0.50881203,512,474
82,geometric_skeleton,qa_rendered_geometric_centerline_record_v1.0,36,382.661,241.0,0.74884673,0.50951374,512,474
82,geometric_skeleton,qa_rendered_geometric_centerline_record_v1.0,37,385.791,241.0,0.75497212,0.50951374,512,474
82,geometric_skeleton,qa_rendered_geometric_centerline_record_v1.0,38,388.921,241.0,0.76109751,0.50951374,512,474
82,geometric_skeleton,qa_rendered_geometric_centerline_record_v1.0,39,392.051,241.0,0.76722289,0.50951374,512,474
82,geometric_skeleton,qa_rendered_geometric_centerline_record_v1.0,40,395.181,241.0,0.77334828,0.50951374,512,474
82,geometric_skeleton,qa_rendered_geometric_centerline_record_v1.0,41,398.311,241.0,0.77947366,0.50951374,512,474
82,geometric_skeleton,qa_rendered_geometric_centerline_record_v1.0,42,401.441,241.0,0.78559905,0.50951374,512,474
82,geometric_skeleton,qa_rendered_geometric_centerline_record_v1.0,43,404.571,241.0,0.79172443,0.50951374,512,474
82,geometric_skeleton,qa_rendered_geometric_centerline_record_v1.0,44,407.701,241.0,0.79784982,0.50951374,512,474
82,geometric_skeleton,qa_rendered_geometric_centerline_record_v1.0,45,410.831,241.0,0.80397521,0.50951374,512,474
82,geometric_skeleton,qa_rendered_geometric_centerline_record_v1.0,46,413.547,240.0,0.80929,0.50739958,512,474
82,geometric_skeleton,qa_rendered_geometric_centerline_record_v1.0,47,416.263,239.0,0.81460479,0.50528541,512,474
82,geometric_skeleton,qa_rendered_geometric_centerline_record_v1.0,48,419.393,239.0,0.82073017,0.50528541,512,474
82,geometric_skeleton,qa_rendered_geometric_centerline_record_v1.0,49,422.109,238.0,0.82604497,0.50317125,512,474
82,geometric_skeleton,qa_rendered_geometric_centerline_record_v1.0,50,424.876,237.124,0.83146016,0.50131894,512,474
82,geometric_skeleton,qa_rendered_geometric_centerline_record_v1.0,51,427.675,236.325,0.83693781,0.49962955,512,474
82,geometric_skeleton,qa_rendered_geometric_centerline_record_v1.0,52,430.671,236.0,0.84279993,0.49894292,512,474
82,geometric_skeleton,qa_rendered_geometric_centerline_record_v1.0,53,433.566,235.434,0.8484663,0.49774571,512,474
82,geometric_skeleton,qa_rendered_geometric_centerline_record_v1.0,54,436.517,235.0,0.85424011,0.49682875,512,474
82,geometric_skeleton,qa_rendered_geometric_centerline_record_v1.0,55,439.647,235.0,0.8603655,0.49682875,512,474
82,geometric_skeleton,qa_rendered_geometric_centerline_record_v1.0,56,442.549,234.451,0.86604562,0.49566742,512,474
82,geometric_skeleton,qa_rendered_geometric_centerline_record_v1.0,57,445.493,234.0,0.87180567,0.49471459,512,474
82,geometric_skeleton,qa_rendered_geometric_centerline_record_v1.0,58,448.44,233.56,0.8775741,0.49378358,512,474
82,geometric_skeleton,qa_rendered_geometric_centerline_record_v1.0,59,451.339,233.0,0.88324585,0.49260042,512,474
82,geometric_skeleton,qa_rendered_geometric_centerline_record_v1.0,60,454.331,232.669,0.88910259,0.49189974,512,474
82,geometric_skeleton,qa_rendered_geometric_centerline_record_v1.0,61,457.185,232.0,0.89468603,0.49048626,512,474
82,geometric_skeleton,qa_rendered_geometric_centerline_record_v1.0,62,460.222,231.778,0.90063107,0.4900159,512,474
82,geometric_skeleton,qa_rendered_geometric_centerline_record_v1.0,63,463.03,231.0,0.90612621,0.48837209,512,474
82,geometric_skeleton,qa_rendered_geometric_centerline_record_v1.0,64,466.114,230.886,0.91215956,0.48813206,512,474
82,geometric_skeleton,qa_rendered_geometric_centerline_record_v1.0,65,468.876,230.0,0.91756638,0.48625793,512,474
82,geometric_skeleton,qa_rendered_geometric_centerline_record_v1.0,66,471.592,229.0,0.92288117,0.48414376,512,474
82,geometric_skeleton,qa_rendered_geometric_centerline_record_v1.0,67,474.722,229.0,0.92900656,0.48414376,512,474
82,geometric_skeleton,qa_rendered_geometric_centerline_record_v1.0,68,477.017,226.983,0.933497,0.47987956,512,474
82,geometric_skeleton,qa_rendered_geometric_centerline_record_v1.0,69,479.74,226.0,0.93882555,0.47780127,512,474
82,geometric_skeleton,qa_rendered_geometric_centerline_record_v1.0,70,482.87,226.0,0.94495094,0.47780127,512,474
82,geometric_skeleton,qa_rendered_geometric_centerline_record_v1.0,71,486.0,226.0,0.95107632,0.47780127,512,474
87,geometric_skeleton,qa_rendered_geometric_centerline_record_v1.0,0,200.0,280.0,0.39138943,0.59196617,512,474
87,geometric_skeleton,qa_rendered_geometric_centerline_record_v1.0,1,202.245,282.245,0.39578219,0.59671184,512,474
87,geometric_skeleton,qa_rendered_geometric_centerline_record_v1.0,2,204.489,284.489,0.40017495,0.6014575,512,474
87,geometric_skeleton,qa_rendered_geometric_centerline_record_v1.0,3,207.027,286.027,0.40514088,0.60470822,512,474
87,geometric_skeleton,qa_rendered_geometric_centerline_record_v1.0,4,209.565,287.565,0.41010681,0.60795894,512,474
87,geometric_skeleton,qa_rendered_geometric_centerline_record_v1.0,5,212.144,289.0,0.41515557,0.61099366,512,474
87,geometric_skeleton,qa_rendered_geometric_centerline_record_v1.0,6,215.319,289.0,0.42136786,0.61099366,512,474
87,geometric_skeleton,qa_rendered_geometric_centerline_record_v1.0,7,218.493,289.0,0.42758016,0.61099366,512,474
87,geometric_skeleton,qa_rendered_geometric_centerline_record_v1.0,8,221.668,289.0,0.43379245,0.61099366,512,474
87,geometric_skeleton,qa_rendered_geometric_centerline_record_v1.0,9,224.842,289.0,0.44000475,0.61099366,512,474
87,geometric_skeleton,qa_rendered_geometric_centerline_record_v1.0,10,228.012,288.988,0.44620735,0.61096838,512,474
87,geometric_skeleton,qa_rendered_geometric_centerline_record_v1.0,11,230.777,288.0,0.45161875,0.60887949,512,474
87,geometric_skeleton,qa_rendered_geometric_centerline_record_v1.0,12,233.952,288.0,0.45783104,0.60887949,512,474
87,geometric_skeleton,qa_rendered_geometric_centerline_record_v1.0,13,237.126,288.0,0.46404334,0.60887949,512,474
87,geometric_skeleton,qa_rendered_geometric_centerline_record_v1.0,14,240.301,288.0,0.47025563,0.60887949,512,474
87,geometric_skeleton,qa_rendered_geometric_centerline_record_v1.0,15,243.475,288.0,0.47646793,0.60887949,512,474
87,geometric_skeleton,qa_rendered_geometric_centerline_record_v1.0,16,246.65,288.0,0.48268023,0.60887949,512,474
87,geometric_skeleton,qa_rendered_geometric_centerline_record_v1.0,17,249.824,288.0,0.48889252,0.60887949,512,474
87,geometric_skeleton,qa_rendered_geometric_centerline_record_v1.0,18,252.999,288.0,0.49510482,0.60887949,512,474
87,geometric_skeleton,qa_rendered_geometric_centerline_record_v1.0,19,256.173,288.0,0.50131711,0.60887949,512,474
87,geometric_skeleton,qa_rendered_geometric_centerline_record_v1.0,20,259.348,288.0,0.50752941,0.60887949,512,474
87,geometric_skeleton,qa_rendered_geometric_centerline_record_v1.0,21,262.522,288.0,0.51374171,0.60887949,512,474
87,geometric_skeleton,qa_rendered_geometric_centerline_record_v1.0,22,265.696,288.0,0.519954,0.60887949,512,474
87,geometric_skeleton,qa_rendered_geometric_centerline_record_v1.0,23,268.871,288.0,0.5261663,0.60887949,512,474
87,geometric_skeleton,qa_rendered_geometric_centerline_record_v1.0,24,272.045,288.0,0.53237859,0.60887949,512,474
87,geometric_skeleton,qa_rendered_geometric_centerline_record_v1.0,25,274.806,289.0,0.53778029,0.61099366,512,474
87,geometric_skeleton,qa_rendered_geometric_centerline_record_v1.0,26,277.566,290.0,0.543182,0.61310782,512,474
87,geometric_skeleton,qa_rendered_geometric_centerline_record_v1.0,27,280.326,291.0,0.5485837,0.61522199,512,474
87,geometric_skeleton,qa_rendered_geometric_centerline_record_v1.0,28,283.087,292.0,0.5539854,0.61733615,512,474
87,geometric_skeleton,qa_rendered_geometric_centerline_record_v1.0,29,285.892,292.892,0.55947491,0.61922131,512,474
87,geometric_skeleton,qa_rendered_geometric_centerline_record_v1.0,30,288.722,293.722,0.56501402,0.62097709,512,474
87,geometric_skeleton,qa_rendered_geometric_centerline_record_v1.0,31,291.782,294.0,0.5710011,0.62156448,512,474
87,geometric_skeleton,qa_rendered_geometric_centerline_record_v1.0,32,294.676,294.676,0.57666541,0.62299371,512,474
87,geometric_skeleton,qa_rendered_geometric_centerline_record_v1.0,33,297.716,295.0,0.5826151,0.62367865,512,474
87,geometric_skeleton,qa_rendered_geometric_centerline_record_v1.0,34,300.63,295.63,0.58831681,0.62501034,512,474
87,geometric_skeleton,qa_rendered_geometric_centerline_record_v1.0,35,303.46,296.46,0.59385592,0.62676612,512,474
87,geometric_skeleton,qa_rendered_geometric_centerline_record_v1.0,36,306.411,297.0,0.5996308,0.62790698,512,474
87,geometric_skeleton,qa_rendered_geometric_centerline_record_v1.0,37,309.414,297.414,0.60550731,0.62878274,512,474
87,geometric_skeleton,qa_rendered_geometric_centerline_record_v1.0,38,312.245,298.245,0.61104642,0.63053853,512,474
87,geometric_skeleton,qa_rendered_geometric_centerline_record_v1.0,39,315.106,299.0,0.6166465,0.63213531,512,474
87,geometric_skeleton,qa_rendered_geometric_centerline_record_v1.0,40,318.281,299.0,0.62285879,0.63213531,512,474
87,geometric_skeleton,qa_rendered_geometric_centerline_record_v1.0,41,321.455,299.0,0.62907109,0.63213531,512,474
87,geometric_skeleton,qa_rendered_geometric_centerline_record_v1.0,42,324.63,299.0,0.63528338,0.63213531,512,474
87,geometric_skeleton,qa_rendered_geometric_centerline_record_v1.0,43,327.804,299.0,0.64149568,0.63213531,512,474
87,geometric_skeleton,qa_rendered_geometric_centerline_record_v1.0,44,330.979,299.0,0.64770798,0.63213531,512,474
87,geometric_skeleton,qa_rendered_geometric_centerline_record_v1.0,45,334.153,299.0,0.65392027,0.63213531,512,474
87,geometric_skeleton,qa_rendered_geometric_centerline_record_v1.0,46,337.328,299.0,0.66013257,0.63213531,512,474
87,geometric_skeleton,qa_rendered_geometric_centerline_record_v1.0,47,340.502,299.0,0.66634486,0.63213531,512,474
87,geometric_skeleton,qa_rendered_geometric_centerline_record_v1.0,48,343.677,299.0,0.67255716,0.63213531,512,474
87,geometric_skeleton,qa_rendered_geometric_centerline_record_v1.0,49,346.851,299.0,0.67876946,0.63213531,512,474
87,geometric_skeleton,qa_rendered_geometric_centerline_record_v1.0,50,350.026,299.0,0.68498175,0.63213531,512,474
87,geometric_skeleton,qa_rendered_geometric_centerline_record_v1.0,51,353.2,299.0,0.69119405,0.63213531,512,474
87,geometric_skeleton,qa_rendered_geometric_centerline_record_v1.0,52,356.375,299.0,0.69740634,0.63213531,512,474
87,geometric_skeleton,qa_rendered_geometric_centerline_record_v1.0,53,359.549,299.0,0.70361864,0.63213531,512,474
87,geometric_skeleton,qa_rendered_geometric_centerline_record_v1.0,54,362.724,299.0,0.70983093,0.63213531,512,474
87,geometric_skeleton,qa_rendered_geometric_centerline_record_v1.0,55,365.898,299.0,0.71604323,0.63213531,512,474
87,geometric_skeleton,qa_rendered_geometric_centerline_record_v1.0,56,369.073,299.0,0.72225553,0.63213531,512,474
87,geometric_skeleton,qa_rendered_geometric_centerline_record_v1.0,57,372.247,299.0,0.72846782,0.63213531,512,474
87,geometric_skeleton,qa_rendered_geometric_centerline_record_v1.0,58,375.298,299.298,0.7344385,0.63276548,512,474
87,geometric_skeleton,qa_rendered_geometric_centerline_record_v1.0,59,377.543,301.543,0.73883126,0.63751115,512,474
87,geometric_skeleton,qa_rendered_geometric_centerline_record_v1.0,60,380.114,303.0,0.74386233,0.64059197,512,474
87,geometric_skeleton,qa_rendered_geometric_centerline_record_v1.0,61,382.874,304.0,0.74926404,0.64270613,512,474
87,geometric_skeleton,qa_rendered_geometric_centerline_record_v1.0,62,386.048,304.0,0.75547633,0.64270613,512,474
87,geometric_skeleton,qa_rendered_geometric_centerline_record_v1.0,63,389.223,304.0,0.76168863,0.64270613,512,474
87,geometric_skeleton,qa_rendered_geometric_centerline_record_v1.0,64,392.397,304.0,0.76790092,0.64270613,512,474
87,geometric_skeleton,qa_rendered_geometric_centerline_record_v1.0,65,395.572,304.0,0.77411322,0.64270613,512,474
87,geometric_skeleton,qa_rendered_geometric_centerline_record_v1.0,66,398.746,304.0,0.78032551,0.64270613,512,474
87,geometric_skeleton,qa_rendered_geometric_centerline_record_v1.0,67,401.921,304.0,0.78653781,0.64270613,512,474
87,geometric_skeleton,qa_rendered_geometric_centerline_record_v1.0,68,405.095,304.0,0.79275011,0.64270613,512,474
87,geometric_skeleton,qa_rendered_geometric_centerline_record_v1.0,69,408.27,304.0,0.7989624,0.64270613,512,474
87,geometric_skeleton,qa_rendered_geometric_centerline_record_v1.0,70,411.444,304.0,0.8051747,0.64270613,512,474
87,geometric_skeleton,qa_rendered_geometric_centerline_record_v1.0,71,414.619,304.0,0.81138699,0.64270613,512,474
87,geometric_skeleton,qa_rendered_geometric_centerline_record_v1.0,72,417.793,304.0,0.81759929,0.64270613,512,474
87,geometric_skeleton,qa_rendered_geometric_centerline_record_v1.0,73,420.968,304.0,0.82381159,0.64270613,512,474
87,geometric_skeleton,qa_rendered_geometric_centerline_record_v1.0,74,424.142,304.0,0.83002388,0.64270613,512,474
87,geometric_skeleton,qa_rendered_geometric_centerline_record_v1.0,75,426.931,303.069,0.83548148,0.64073776,512,474
87,geometric_skeleton,qa_rendered_geometric_centerline_record_v1.0,76,429.762,302.238,0.84102059,0.63898198,512,474
87,geometric_skeleton,qa_rendered_geometric_centerline_record_v1.0,77,432.837,302.0,0.84703958,0.6384778,512,474
87,geometric_skeleton,qa_rendered_geometric_centerline_record_v1.0,78,435.715,301.285,0.85267199,0.63696536,512,474
87,geometric_skeleton,qa_rendered_geometric_centerline_record_v1.0,79,438.772,301.0,0.85865358,0.63636364,512,474
87,geometric_skeleton,qa_rendered_geometric_centerline_record_v1.0,80,441.946,301.0,0.86486588,0.63636364,512,474
87,geometric_skeleton,qa_rendered_geometric_centerline_record_v1.0,81,445.121,301.0,0.87107817,0.63636364,512,474
87,geometric_skeleton,qa_rendered_geometric_centerline_record_v1.0,82,448.295,301.0,0.87729047,0.63636364,512,474
87,geometric_skeleton,qa_rendered_geometric_centerline_record_v1.0,83,451.47,301.0,0.88350276,0.63636364,512,474
87,geometric_skeleton,qa_rendered_geometric_centerline_record_v1.0,84,454.644,301.0,0.88971506,0.63636364,512,474
87,geometric_skeleton,qa_rendered_geometric_centerline_record_v1.0,85,457.819,301.0,0.89592735,0.63636364,512,474
87,geometric_skeleton,qa_rendered_geometric_centerline_record_v1.0,86,460.579,300.0,0.90132906,0.63424947,512,474
87,geometric_skeleton,qa_rendered_geometric_centerline_record_v1.0,87,463.754,300.0,0.90754135,0.63424947,512,474
87,geometric_skeleton,qa_rendered_geometric_centerline_record_v1.0,88,466.928,300.0,0.91375365,0.63424947,512,474
87,geometric_skeleton,qa_rendered_geometric_centerline_record_v1.0,89,470.103,300.0,0.91996594,0.63424947,512,474
87,geometric_skeleton,qa_rendered_geometric_centerline_record_v1.0,90,473.277,300.0,0.92617824,0.63424947,512,474
87,geometric_skeleton,qa_rendered_geometric_centerline_record_v1.0,91,476.452,300.0,0.93239054,0.63424947,512,474
87,geometric_skeleton,qa_rendered_geometric_centerline_record_v1.0,92,479.626,300.0,0.93860283,0.63424947,512,474
87,geometric_skeleton,qa_rendered_geometric_centerline_record_v1.0,93,482.386,299.0,0.94400453,0.63213531,512,474
87,geometric_skeleton,qa_rendered_geometric_centerline_record_v1.0,94,485.104,297.896,0.94932222,0.629802,512,474
87,geometric_skeleton,qa_rendered_geometric_centerline_record_v1.0,95,487.348,295.652,0.95371497,0.62505634,512,474
87,geometric_skeleton,qa_rendered_geometric_centerline_record_v1.0,96,489.886,294.114,0.95868091,0.62180562,512,474
87,geometric_skeleton,qa_rendered_geometric_centerline_record_v1.0,97,492.185,292.0,0.96317956,0.61733615,512,474
87,geometric_skeleton,qa_rendered_geometric_centerline_record_v1.0,98,495.161,291.679,0.96900324,0.61665685,512,474
87,geometric_skeleton,qa_rendered_geometric_centerline_record_v1.0,99,496.58,288.839,0.97178146,0.610654,512,474
87,geometric_skeleton,qa_rendered_geometric_centerline_record_v1.0,100,498.0,286.0,0.97455969,0.60465116,512,474
97,geometric_skeleton,qa_rendered_geometric_centerline_record_v1.0,0,118.0,282.0,0.23091977,0.5961945,512,474
97,geometric_skeleton,qa_rendered_geometric_centerline_record_v1.0,1,121.045,281.565,0.23687773,0.59527499,512,474
97,geometric_skeleton,qa_rendered_geometric_centerline_record_v1.0,2,124.089,281.13,0.24283569,0.59435547,512,474
97,geometric_skeleton,qa_rendered_geometric_centerline_record_v1.0,3,127.11,281.11,0.24874707,0.59431237,512,474
97,geometric_skeleton,qa_rendered_geometric_centerline_record_v1.0,4,129.816,282.0,0.25404389,0.5961945,512,474
97,geometric_skeleton,qa_rendered_geometric_centerline_record_v1.0,5,132.631,282.631,0.25955115,0.59752777,512,474
97,geometric_skeleton,qa_rendered_geometric_centerline_record_v1.0,6,135.553,283.0,0.26527019,0.59830867,512,474
97,geometric_skeleton,qa_rendered_geometric_centerline_record_v1.0,7,138.628,283.0,0.27128864,0.59830867,512,474
97,geometric_skeleton,qa_rendered_geometric_centerline_record_v1.0,8,141.704,283.0,0.27730709,0.59830867,512,474
97,geometric_skeleton,qa_rendered_geometric_centerline_record_v1.0,9,144.779,283.0,0.28332554,0.59830867,512,474
97,geometric_skeleton,qa_rendered_geometric_centerline_record_v1.0,10,147.855,283.0,0.28934399,0.59830867,512,474
97,geometric_skeleton,qa_rendered_geometric_centerline_record_v1.0,11,150.93,283.0,0.29536244,0.59830867,512,474
97,geometric_skeleton,qa_rendered_geometric_centerline_record_v1.0,12,154.006,283.0,0.30138088,0.59830867,512,474
97,geometric_skeleton,qa_rendered_geometric_centerline_record_v1.0,13,157.081,283.0,0.30739933,0.59830867,512,474
97,geometric_skeleton,qa_rendered_geometric_centerline_record_v1.0,14,160.156,283.0,0.31341778,0.59830867,512,474
97,geometric_skeleton,qa_rendered_geometric_centerline_record_v1.0,15,163.232,283.0,0.31943623,0.59830867,512,474
97,geometric_skeleton,qa_rendered_geometric_centerline_record_v1.0,16,166.307,283.0,0.32545468,0.59830867,512,474
97,geometric_skeleton,qa_rendered_geometric_centerline_record_v1.0,17,169.383,283.0,0.33147313,0.59830867,512,474
97,geometric_skeleton,qa_rendered_geometric_centerline_record_v1.0,18,172.458,283.0,0.33749158,0.59830867,512,474
97,geometric_skeleton,qa_rendered_geometric_centerline_record_v1.0,19,175.534,283.0,0.34351003,0.59830867,512,474
97,geometric_skeleton,qa_rendered_geometric_centerline_record_v1.0,20,178.609,283.0,0.34952847,0.59830867,512,474
97,geometric_skeleton,qa_rendered_geometric_centerline_record_v1.0,21,181.684,283.0,0.35554692,0.59830867,512,474
97,geometric_skeleton,qa_rendered_geometric_centerline_record_v1.0,22,184.76,283.0,0.36156537,0.59830867,512,474
97,geometric_skeleton,qa_rendered_geometric_centerline_record_v1.0,23,187.835,283.0,0.36758382,0.59830867,512,474
97,geometric_skeleton,qa_rendered_geometric_centerline_record_v1.0,24,190.644,282.356,0.37308024,0.59694714,512,474
97,geometric_skeleton,qa_rendered_geometric_centerline_record_v1.0,25,193.572,282.0,0.37881012,0.5961945,512,474
97,geometric_skeleton,qa_rendered_geometric_centerline_record_v1.0,26,196.647,282.0,0.38482857,0.5961945,512,474
97,geometric_skeleton,qa_rendered_geometric_centerline_record_v1.0,27,199.723,282.0,0.39084702,0.5961945,512,474
97,geometric_skeleton,qa_rendered_geometric_centerline_record_v1.0,28,202.798,282.0,0.39686547,0.5961945,512,474
97,geometric_skeleton,qa_rendered_geometric_centerline_record_v1.0,29,205.874,282.0,0.40288392,0.5961945,512,474
97,geometric_skeleton,qa_rendered_geometric_centerline_record_v1.0,30,208.949,282.0,0.40890237,0.5961945,512,474
97,geometric_skeleton,qa_rendered_geometric_centerline_record_v1.0,31,212.025,282.0,0.41492081,0.5961945,512,474
97,geometric_skeleton,qa_rendered_geometric_centerline_record_v1.0,32,215.1,282.0,0.42093926,0.5961945,512,474
97,geometric_skeleton,qa_rendered_geometric_centerline_record_v1.0,33,217.831,281.169,0.42628401,0.59443736,512,474
97,geometric_skeleton,qa_rendered_geometric_centerline_record_v1.0,34,220.837,281.0,0.43216557,0.59408034,512,474
97,geometric_skeleton,qa_rendered_geometric_centerline_record_v1.0,35,223.645,280.355,0.43766126,0.59271691,512,474
97,geometric_skeleton,qa_rendered_geometric_centerline_record_v1.0,36,226.573,280.0,0.44339187,0.59196617,512,474
97,geometric_skeleton,qa_rendered_geometric_centerline_record_v1.0,37,229.649,280.0,0.44941032,0.59196617,512,474
97,geometric_skeleton,qa_rendered_geometric_centerline_record_v1.0,38,232.724,280.0,0.45542877,0.59196617,512,474
97,geometric_skeleton,qa_rendered_geometric_centerline_record_v1.0,39,235.565,279.435,0.46098895,0.59077093,512,474
97,geometric_skeleton,qa_rendered_geometric_centerline_record_v1.0,40,238.326,278.674,0.46639098,0.58916323,512,474
97,geometric_skeleton,qa_rendered_geometric_centerline_record_v1.0,41,241.122,278.0,0.47186292,0.58773784,512,474
97,geometric_skeleton,qa_rendered_geometric_centerline_record_v1.0,42,244.14,277.86,0.47776824,0.58744277,512,474
97,geometric_skeleton,qa_rendered_geometric_centerline_record_v1.0,43,246.314,275.686,0.48202392,0.58284519,512,474
97,geometric_skeleton,qa_rendered_geometric_centerline_record_v1.0,44,248.691,274.0,0.48667589,0.57928118,512,474
97,geometric_skeleton,qa_rendered_geometric_centerline_record_v1.0,45,251.767,274.0,0.49269434,0.57928118,512,474
97,geometric_skeleton,qa_rendered_geometric_centerline_record_v1.0,46,254.842,274.0,0.49871279,0.57928118,512,474
97,geometric_skeleton,qa_rendered_geometric_centerline_record_v1.0,47,257.918,274.0,0.50473124,0.57928118,512,474
97,geometric_skeleton,qa_rendered_geometric_centerline_record_v1.0,48,260.993,274.0,0.51074969,0.57928118,512,474
97,geometric_skeleton,qa_rendered_geometric_centerline_record_v1.0,49,264.069,274.0,0.51676814,0.57928118,512,474
97,geometric_skeleton,qa_rendered_geometric_centerline_record_v1.0,50,267.144,274.0,0.52278659,0.57928118,512,474
97,geometric_skeleton,qa_rendered_geometric_centerline_record_v1.0,51,270.219,274.0,0.52880503,0.57928118,512,474
97,geometric_skeleton,qa_rendered_geometric_centerline_record_v1.0,52,273.295,274.0,0.53482348,0.57928118,512,474
97,geometric_skeleton,qa_rendered_geometric_centerline_record_v1.0,53,276.37,274.0,0.54084193,0.57928118,512,474
97,geometric_skeleton,qa_rendered_geometric_centerline_record_v1.0,54,279.446,274.0,0.54686038,0.57928118,512,474
97,geometric_skeleton,qa_rendered_geometric_centerline_record_v1.0,55,282.521,274.0,0.55287883,0.57928118,512,474
97,geometric_skeleton,qa_rendered_geometric_centerline_record_v1.0,56,285.597,274.0,0.55889728,0.57928118,512,474
97,geometric_skeleton,qa_rendered_geometric_centerline_record_v1.0,57,288.672,274.0,0.56491573,0.57928118,512,474
97,geometric_skeleton,qa_rendered_geometric_centerline_record_v1.0,58,291.333,275.0,0.57012358,0.58139535,512,474
97,geometric_skeleton,qa_rendered_geometric_centerline_record_v1.0,59,294.409,275.0,0.57614203,0.58139535,512,474
97,geometric_skeleton,qa_rendered_geometric_centerline_record_v1.0,60,297.07,276.0,0.58134988,0.58350951,512,474
97,geometric_skeleton,qa_rendered_geometric_centerline_record_v1.0,61,299.731,277.0,0.58655774,0.58562368,512,474
97,geometric_skeleton,qa_rendered_geometric_centerline_record_v1.0,62,302.392,278.0,0.59176559,0.58773784,512,474
97,geometric_skeleton,qa_rendered_geometric_centerline_record_v1.0,63,305.468,278.0,0.59778404,0.58773784,512,474
97,geometric_skeleton,qa_rendered_geometric_centerline_record_v1.0,64,308.129,279.0,0.6029919,0.58985201,512,474
97,geometric_skeleton,qa_rendered_geometric_centerline_record_v1.0,65,310.852,279.852,0.60832008,0.59165234,512,474
97,geometric_skeleton,qa_rendered_geometric_centerline_record_v1.0,66,313.866,280.0,0.6142182,0.59196617,512,474
97,geometric_skeleton,qa_rendered_geometric_centerline_record_v1.0,67,316.941,280.0,0.62023665,0.59196617,512,474
97,geometric_skeleton,qa_rendered_geometric_centerline_record_v1.0,68,320.016,280.0,0.6262551,0.59196617,512,474
97,geometric_skeleton,qa_rendered_geometric_centerline_record_v1.0,69,323.092,280.0,0.63227355,0.59196617,512,474
97,geometric_skeleton,qa_rendered_geometric_centerline_record_v1.0,70,326.167,280.0,0.63829199,0.59196617,512,474
97,geometric_skeleton,qa_rendered_geometric_centerline_record_v1.0,71,329.243,280.0,0.64431044,0.59196617,512,474
97,geometric_skeleton,qa_rendered_geometric_centerline_record_v1.0,72,332.318,280.0,0.65032889,0.59196617,512,474
97,geometric_skeleton,qa_rendered_geometric_centerline_record_v1.0,73,335.393,280.0,0.65634734,0.59196617,512,474
97,geometric_skeleton,qa_rendered_geometric_centerline_record_v1.0,74,338.055,279.0,0.66155519,0.58985201,512,474
97,geometric_skeleton,qa_rendered_geometric_centerline_record_v1.0,75,340.799,278.201,0.66692588,0.58816253,512,474
97,geometric_skeleton,qa_rendered_geometric_centerline_record_v1.0,76,343.791,278.0,0.6727815,0.58773784,512,474
97,geometric_skeleton,qa_rendered_geometric_centerline_record_v1.0,77,346.867,278.0,0.67879995,0.58773784,512,474
97,geometric_skeleton,qa_rendered_geometric_centerline_record_v1.0,78,349.942,278.0,0.6848184,0.58773784,512,474
97,geometric_skeleton,qa_rendered_geometric_centerline_record_v1.0,79,353.018,278.0,0.69083684,0.58773784,512,474
97,geometric_skeleton,qa_rendered_geometric_centerline_record_v1.0,80,356.093,278.0,0.69685529,0.58773784,512,474
97,geometric_skeleton,qa_rendered_geometric_centerline_record_v1.0,81,359.168,278.0,0.70287374,0.58773784,512,474
97,geometric_skeleton,qa_rendered_geometric_centerline_record_v1.0,82,362.244,278.0,0.70889219,0.58773784,512,474
97,geometric_skeleton,qa_rendered_geometric_centerline_record_v1.0,83,365.319,278.0,0.71491064,0.58773784,512,474
97,geometric_skeleton,qa_rendered_geometric_centerline_record_v1.0,84,368.395,278.0,0.72092909,0.58773784,512,474
97,geometric_skeleton,qa_rendered_geometric_centerline_record_v1.0,85,371.47,278.0,0.72694754,0.58773784,512,474
97,geometric_skeleton,qa_rendered_geometric_centerline_record_v1.0,86,374.546,278.0,0.73296598,0.58773784,512,474
97,geometric_skeleton,qa_rendered_geometric_centerline_record_v1.0,87,377.621,278.0,0.73898443,0.58773784,512,474
97,geometric_skeleton,qa_rendered_geometric_centerline_record_v1.0,88,380.696,278.0,0.74500288,0.58773784,512,474
97,geometric_skeleton,qa_rendered_geometric_centerline_record_v1.0,89,383.772,278.0,0.75102133,0.58773784,512,474
97,geometric_skeleton,qa_rendered_geometric_centerline_record_v1.0,90,386.847,278.0,0.75703978,0.58773784,512,474
97,geometric_skeleton,qa_rendered_geometric_centerline_record_v1.0,91,389.923,278.0,0.76305823,0.58773784,512,474
97,geometric_skeleton,qa_rendered_geometric_centerline_record_v1.0,92,392.998,278.0,0.76907668,0.58773784,512,474
97,geometric_skeleton,qa_rendered_geometric_centerline_record_v1.0,93,395.275,277.938,0.77353186,0.58760609,512,474
97,geometric_skeleton,qa_rendered_geometric_centerline_record_v1.0,94,397.637,275.969,0.77815536,0.58344364,512,474
97,geometric_skeleton,qa_rendered_geometric_centerline_record_v1.0,95,400.0,274.0,0.78277886,0.57928118,512,474
98,geometric_skeleton,qa_rendered_geometric_centerline_record_v1.0,0,180.0,294.0,0.35225049,0.62156448,512,474
98,geometric_skeleton,qa_rendered_geometric_centerline_record_v1.0,1,183.2,294.0,0.35851278,0.62156448,512,474
98,geometric_skeleton,qa_rendered_geometric_centerline_record_v1.0,2,186.4,294.0,0.36477507,0.62156448,512,474
98,geometric_skeleton,qa_rendered_geometric_centerline_record_v1.0,3,189.131,295.131,0.37012022,0.62395652,512,474
98,geometric_skeleton,qa_rendered_geometric_centerline_record_v1.0,4,191.394,297.394,0.37454833,0.62874038,512,474
98,geometric_skeleton,qa_rendered_geometric_centerline_record_v1.0,5,193.95,298.95,0.37954962,0.63202929,512,474
98,geometric_skeleton,qa_rendered_geometric_centerline_record_v1.0,6,197.129,299.0,0.38577126,0.63213531,512,474
98,geometric_skeleton,qa_rendered_geometric_centerline_record_v1.0,7,199.94,299.94,0.39127171,0.6341223,512,474
98,geometric_skeleton,qa_rendered_geometric_centerline_record_v1.0,8,202.788,300.788,0.39684617,0.63591627,512,474
98,geometric_skeleton,qa_rendered_geometric_centerline_record_v1.0,9,205.901,301.0,0.40293694,0.63636364,512,474
98,geometric_skeleton,qa_rendered_geometric_centerline_record_v1.0,10,208.778,301.778,0.40856827,0.63800927,512,474
98,geometric_skeleton,qa_rendered_geometric_centerline_record_v1.0,11,211.627,302.627,0.41414273,0.63980325,512,474
98,geometric_skeleton,qa_rendered_geometric_centerline_record_v1.0,12,214.672,303.0,0.42010262,0.64059197,512,474
98,geometric_skeleton,qa_rendered_geometric_centerline_record_v1.0,13,217.617,303.617,0.42586483,0.64189625,512,474
98,geometric_skeleton,qa_rendered_geometric_centerline_record_v1.0,14,220.173,305.173,0.43086611,0.64518517,512,474
98,geometric_skeleton,qa_rendered_geometric_centerline_record_v1.0,15,223.021,306.021,0.43644058,0.64697914,512,474
98,geometric_skeleton,qa_rendered_geometric_centerline_record_v1.0,16,225.577,307.577,0.44144186,0.65026806,512,474
98,geometric_skeleton,qa_rendered_geometric_centerline_record_v1.0,17,228.187,309.0,0.4465505,0.65327696,512,474
98,geometric_skeleton,qa_rendered_geometric_centerline_record_v1.0,18,230.973,310.0,0.4520022,0.65539112,512,474
98,geometric_skeleton,qa_rendered_geometric_centerline_record_v1.0,19,233.244,312.244,0.45644571,0.6601348,512,474
98,geometric_skeleton,qa_rendered_geometric_centerline_record_v1.0,20,235.507,314.507,0.46087382,0.66491865,512,474
98,geometric_skeleton,qa_rendered_geometric_centerline_record_v1.0,21,238.062,316.062,0.4658751,0.66820756,512,474
98,geometric_skeleton,qa_rendered_geometric_centerline_record_v1.0,22,240.618,317.618,0.47087639,0.67149648,512,474
98,geometric_skeleton,qa_rendered_geometric_centerline_record_v1.0,23,243.173,319.173,0.47587767,0.67478539,512,474
98,geometric_skeleton,qa_rendered_geometric_centerline_record_v1.0,24,245.617,321.0,0.4806594,0.67864693,512,474
98,geometric_skeleton,qa_rendered_geometric_centerline_record_v1.0,25,248.403,322.0,0.4861111,0.6807611,512,474
98,geometric_skeleton,qa_rendered_geometric_centerline_record_v1.0,26,251.189,323.0,0.49156279,0.68287526,512,474
98,geometric_skeleton,qa_rendered_geometric_centerline_record_v1.0,27,253.982,323.982,0.49702916,0.68495116,512,474
98,geometric_skeleton,qa_rendered_geometric_centerline_record_v1.0,28,256.83,324.83,0.50260362,0.68674514,512,474
98,geometric_skeleton,qa_rendered_geometric_centerline_record_v1.0,29,259.96,325.0,0.50872847,0.68710359,512,474
98,geometric_skeleton,qa_rendered_geometric_centerline_record_v1.0,30,263.16,325.0,0.51499076,0.68710359,512,474
98,geometric_skeleton,qa_rendered_geometric_centerline_record_v1.0,31,266.36,325.0,0.52125305,0.68710359,512,474
98,geometric_skeleton,qa_rendered_geometric_centerline_record_v1.0,32,269.56,325.0,0.52751534,0.68710359,512,474
98,geometric_skeleton,qa_rendered_geometric_centerline_record_v1.0,33,272.76,325.0,0.53377763,0.68710359,512,474
98,geometric_skeleton,qa_rendered_geometric_centerline_record_v1.0,34,275.96,325.0,0.54003992,0.68710359,512,474
98,geometric_skeleton,qa_rendered_geometric_centerline_record_v1.0,35,279.16,325.0,0.54630221,0.68710359,512,474
98,geometric_skeleton,qa_rendered_geometric_centerline_record_v1.0,36,282.36,325.0,0.5525645,0.68710359,512,474
98,geometric_skeleton,qa_rendered_geometric_centerline_record_v1.0,37,285.146,326.0,0.5580162,0.68921776,512,474
98,geometric_skeleton,qa_rendered_geometric_centerline_record_v1.0,38,288.346,326.0,0.56427849,0.68921776,512,474
98,geometric_skeleton,qa_rendered_geometric_centerline_record_v1.0,39,291.546,326.0,0.57054078,0.68921776,512,474
98,geometric_skeleton,qa_rendered_geometric_centerline_record_v1.0,40,294.746,326.0,0.57680307,0.68921776,512,474
98,geometric_skeleton,qa_rendered_geometric_centerline_record_v1.0,41,297.946,326.0,0.58306536,0.68921776,512,474
98,geometric_skeleton,qa_rendered_geometric_centerline_record_v1.0,42,301.146,326.0,0.58932765,0.68921776,512,474
98,geometric_skeleton,qa_rendered_geometric_centerline_record_v1.0,43,304.346,326.0,0.59558994,0.68921776,512,474
98,geometric_skeleton,qa_rendered_geometric_centerline_record_v1.0,44,307.546,326.0,0.60185223,0.68921776,512,474
98,geometric_skeleton,qa_rendered_geometric_centerline_record_v1.0,45,310.747,326.0,0.60811452,0.68921776,512,474
98,geometric_skeleton,qa_rendered_geometric_centerline_record_v1.0,46,313.947,326.0,0.61437681,0.68921776,512,474
98,geometric_skeleton,qa_rendered_geometric_centerline_record_v1.0,47,317.147,326.0,0.6206391,0.68921776,512,474
98,geometric_skeleton,qa_rendered_geometric_centerline_record_v1.0,48,320.347,326.0,0.62690139,0.68921776,512,474
98,geometric_skeleton,qa_rendered_geometric_centerline_record_v1.0,49,323.547,326.0,0.63316368,0.68921776,512,474
98,geometric_skeleton,qa_rendered_geometric_centerline_record_v1.0,50,326.747,326.0,0.63942596,0.68921776,512,474
98,geometric_skeleton,qa_rendered_geometric_centerline_record_v1.0,51,329.947,326.0,0.64568825,0.68921776,512,474
98,geometric_skeleton,qa_rendered_geometric_centerline_record_v1.0,52,333.147,326.0,0.65195054,0.68921776,512,474
98,geometric_skeleton,qa_rendered_geometric_centerline_record_v1.0,53,336.347,326.0,0.65821283,0.68921776,512,474
98,geometric_skeleton,qa_rendered_geometric_centerline_record_v1.0,54,339.547,326.0,0.66447512,0.68921776,512,474
98,geometric_skeleton,qa_rendered_geometric_centerline_record_v1.0,55,342.747,326.0,0.67073741,0.68921776,512,474
98,geometric_skeleton,qa_rendered_geometric_centerline_record_v1.0,56,345.947,326.0,0.6769997,0.68921776,512,474
98,geometric_skeleton,qa_rendered_geometric_centerline_record_v1.0,57,348.811,326.811,0.68260463,0.69093227,512,474
98,geometric_skeleton,qa_rendered_geometric_centerline_record_v1.0,58,351.933,327.0,0.68871369,0.69133192,512,474
98,geometric_skeleton,qa_rendered_geometric_centerline_record_v1.0,59,355.133,327.0,0.69497598,0.69133192,512,474
98,geometric_skeleton,qa_rendered_geometric_centerline_record_v1.0,60,358.333,327.0,0.70123827,0.69133192,512,474
98,geometric_skeleton,qa_rendered_geometric_centerline_record_v1.0,61,361.533,327.0,0.70750056,0.69133192,512,474
98,geometric_skeleton,qa_rendered_geometric_centerline_record_v1.0,62,364.733,327.0,0.71376285,0.69133192,512,474
98,geometric_skeleton,qa_rendered_geometric_centerline_record_v1.0,63,367.66,326.34,0.71949045,0.68993738,512,474
98,geometric_skeleton,qa_rendered_geometric_centerline_record_v1.0,64,370.719,326.0,0.72547683,0.68921776,512,474
98,geometric_skeleton,qa_rendered_geometric_centerline_record_v1.0,65,373.919,326.0,0.73173912,0.68921776,512,474
98,geometric_skeleton,qa_rendered_geometric_centerline_record_v1.0,66,376.791,325.209,0.73736019,0.68754534,512,474
98,geometric_skeleton,qa_rendered_geometric_centerline_record_v1.0,67,379.905,325.0,0.74345311,0.68710359,512,474
98,geometric_skeleton,qa_rendered_geometric_centerline_record_v1.0,68,383.105,325.0,0.7497154,0.68710359,512,474
98,geometric_skeleton,qa_rendered_geometric_centerline_record_v1.0,69,386.305,325.0,0.75597769,0.68710359,512,474
98,geometric_skeleton,qa_rendered_geometric_centerline_record_v1.0,70,389.505,325.0,0.76223998,0.68710359,512,474
98,geometric_skeleton,qa_rendered_geometric_centerline_record_v1.0,71,392.705,325.0,0.76850227,0.68710359,512,474
98,geometric_skeleton,qa_rendered_geometric_centerline_record_v1.0,72,395.49,324.0,0.77395396,0.68498943,512,474
98,geometric_skeleton,qa_rendered_geometric_centerline_record_v1.0,73,398.691,324.0,0.78021625,0.68498943,512,474
98,geometric_skeleton,qa_rendered_geometric_centerline_record_v1.0,74,401.891,324.0,0.78647854,0.68498943,512,474
98,geometric_skeleton,qa_rendered_geometric_centerline_record_v1.0,75,404.676,323.0,0.79193024,0.68287526,512,474
98,geometric_skeleton,qa_rendered_geometric_centerline_record_v1.0,76,407.462,322.0,0.79738193,0.6807611,512,474
98,geometric_skeleton,qa_rendered_geometric_centerline_record_v1.0,77,410.443,321.175,0.80321564,0.67901759,512,474
98,geometric_skeleton,qa_rendered_geometric_centerline_record_v1.0,78,413.222,319.588,0.80865283,0.67566101,512,474
98,geometric_skeleton,qa_rendered_geometric_centerline_record_v1.0,79,416.0,318.0,0.81409002,0.67230444,512,474
99,geometric_skeleton,qa_rendered_geometric_centerline_record_v1.0,0,178.0,214.0,0.34833659,0.45243129,512,474
99,geometric_skeleton,qa_rendered_geometric_centerline_record_v1.0,1,181.009,213.14,0.35422525,0.45061365,512,474
99,geometric_skeleton,qa_rendered_geometric_centerline_record_v1.0,2,184.018,212.281,0.3601139,0.44879601,512,474
99,geometric_skeleton,qa_rendered_geometric_centerline_record_v1.0,3,186.491,213.491,0.36495281,0.45135494,512,474
99,geometric_skeleton,qa_rendered_geometric_centerline_record_v1.0,4,189.41,214.0,0.37066442,0.45243129,512,474
99,geometric_skeleton,qa_rendered_geometric_centerline_record_v1.0,5,192.539,214.0,0.37678871,0.45243129,512,474
99,geometric_skeleton,qa_rendered_geometric_centerline_record_v1.0,6,195.669,214.0,0.382913,0.45243129,512,474
99,geometric_skeleton,qa_rendered_geometric_centerline_record_v1.0,7,198.798,214.0,0.38903729,0.45243129,512,474
99,geometric_skeleton,qa_rendered_geometric_centerline_record_v1.0,8,201.928,214.0,0.39516159,0.45243129,512,474
99,geometric_skeleton,qa_rendered_geometric_centerline_record_v1.0,9,204.643,215.0,0.40047528,0.45454545,512,474
99,geometric_skeleton,qa_rendered_geometric_centerline_record_v1.0,10,207.772,215.0,0.40659958,0.45454545,512,474
99,geometric_skeleton,qa_rendered_geometric_centerline_record_v1.0,11,210.902,215.0,0.41272387,0.45454545,512,474
99,geometric_skeleton,qa_rendered_geometric_centerline_record_v1.0,12,214.031,215.0,0.41884816,0.45454545,512,474
99,geometric_skeleton,qa_rendered_geometric_centerline_record_v1.0,13,216.747,216.0,0.42416186,0.45665962,512,474
99,geometric_skeleton,qa_rendered_geometric_centerline_record_v1.0,14,219.462,217.0,0.42947556,0.45877378,512,474
99,geometric_skeleton,qa_rendered_geometric_centerline_record_v1.0,15,222.592,217.0,0.43559985,0.45877378,512,474
99,geometric_skeleton,qa_rendered_geometric_centerline_record_v1.0,16,225.721,217.0,0.44172414,0.45877378,512,474
99,geometric_skeleton,qa_rendered_geometric_centerline_record_v1.0,17,228.851,217.0,0.44784844,0.45877378,512,474
99,geometric_skeleton,qa_rendered_geometric_centerline_record_v1.0,18,231.566,218.0,0.45316213,0.46088795,512,474
99,geometric_skeleton,qa_rendered_geometric_centerline_record_v1.0,19,234.695,218.0,0.45928643,0.46088795,512,474
99,geometric_skeleton,qa_rendered_geometric_centerline_record_v1.0,20,237.825,218.0,0.46541072,0.46088795,512,474
99,geometric_skeleton,qa_rendered_geometric_centerline_record_v1.0,21,240.954,218.0,0.47153501,0.46088795,512,474
99,geometric_skeleton,qa_rendered_geometric_centerline_record_v1.0,22,244.084,218.0,0.4776593,0.46088795,512,474
99,geometric_skeleton,qa_rendered_geometric_centerline_record_v1.0,23,246.799,219.0,0.482973,0.46300211,512,474
99,geometric_skeleton,qa_rendered_geometric_centerline_record_v1.0,24,249.929,219.0,0.4890973,0.46300211,512,474
99,geometric_skeleton,qa_rendered_geometric_centerline_record_v1.0,25,252.644,220.0,0.49441099,0.46511628,512,474
99,geometric_skeleton,qa_rendered_geometric_centerline_record_v1.0,26,255.774,220.0,0.50053529,0.46511628,512,474
99,geometric_skeleton,qa_rendered_geometric_centerline_record_v1.0,27,258.903,220.0,0.50665958,0.46511628,512,474
99,geometric_skeleton,qa_rendered_geometric_centerline_record_v1.0,28,261.618,221.0,0.51197328,0.46723044,512,474
99,geometric_skeleton,qa_rendered_geometric_centerline_record_v1.0,29,264.748,221.0,0.51809757,0.46723044,512,474
99,geometric_skeleton,qa_rendered_geometric_centerline_record_v1.0,30,267.877,221.0,0.52422186,0.46723044,512,474
99,geometric_skeleton,qa_rendered_geometric_centerline_record_v1.0,31,271.007,221.0,0.53034615,0.46723044,512,474
99,geometric_skeleton,qa_rendered_geometric_centerline_record_v1.0,32,274.136,221.0,0.53647045,0.46723044,512,474
99,geometric_skeleton,qa_rendered_geometric_centerline_record_v1.0,33,277.266,221.0,0.54259474,0.46723044,512,474
99,geometric_skeleton,qa_rendered_geometric_centerline_record_v1.0,34,280.395,221.0,0.54871903,0.46723044,512,474
99,geometric_skeleton,qa_rendered_geometric_centerline_record_v1.0,35,283.111,222.0,0.55403273,0.46934461,512,474
99,geometric_skeleton,qa_rendered_geometric_centerline_record_v1.0,36,286.24,222.0,0.56015702,0.46934461,512,474
99,geometric_skeleton,qa_rendered_geometric_centerline_record_v1.0,37,288.956,223.0,0.56547072,0.47145877,512,474
99,geometric_skeleton,qa_rendered_geometric_centerline_record_v1.0,38,292.085,223.0,0.57159501,0.47145877,512,474
99,geometric_skeleton,qa_rendered_geometric_centerline_record_v1.0,39,295.215,223.0,0.57771931,0.47145877,512,474
99,geometric_skeleton,qa_rendered_geometric_centerline_record_v1.0,40,298.344,223.0,0.5838436,0.47145877,512,474
99,geometric_skeleton,qa_rendered_geometric_centerline_record_v1.0,41,301.059,224.0,0.5891573,0.47357294,512,474
99,geometric_skeleton,qa_rendered_geometric_centerline_record_v1.0,42,304.189,224.0,0.59528159,0.47357294,512,474
99,geometric_skeleton,qa_rendered_geometric_centerline_record_v1.0,43,306.904,225.0,0.60059529,0.4756871,512,474
99,geometric_skeleton,qa_rendered_geometric_centerline_record_v1.0,44,310.034,225.0,0.60671958,0.4756871,512,474
99,geometric_skeleton,qa_rendered_geometric_centerline_record_v1.0,45,312.749,226.0,0.61203328,0.47780127,512,474
99,geometric_skeleton,qa_rendered_geometric_centerline_record_v1.0,46,315.879,226.0,0.61815757,0.47780127,512,474
99,geometric_skeleton,qa_rendered_geometric_centerline_record_v1.0,47,318.594,227.0,0.62347127,0.47991543,512,474
99,geometric_skeleton,qa_rendered_geometric_centerline_record_v1.0,48,321.309,228.0,0.62878497,0.4820296,512,474
99,geometric_skeleton,qa_rendered_geometric_centerline_record_v1.0,49,324.439,228.0,0.63490926,0.4820296,512,474
99,geometric_skeleton,qa_rendered_geometric_centerline_record_v1.0,50,327.154,229.0,0.64022296,0.48414376,512,474
99,geometric_skeleton,qa_rendered_geometric_centerline_record_v1.0,51,330.283,229.0,0.64634725,0.48414376,512,474
99,geometric_skeleton,qa_rendered_geometric_centerline_record_v1.0,52,333.413,229.0,0.65247154,0.48414376,512,474
99,geometric_skeleton,qa_rendered_geometric_centerline_record_v1.0,53,336.542,229.0,0.65859584,0.48414376,512,474
99,geometric_skeleton,qa_rendered_geometric_centerline_record_v1.0,54,339.672,229.0,0.66472013,0.48414376,512,474
99,geometric_skeleton,qa_rendered_geometric_centerline_record_v1.0,55,342.801,229.0,0.67084442,0.48414376,512,474
99,geometric_skeleton,qa_rendered_geometric_centerline_record_v1.0,56,345.931,229.0,0.67696871,0.48414376,512,474
99,geometric_skeleton,qa_rendered_geometric_centerline_record_v1.0,57,349.061,229.0,0.68309301,0.48414376,512,474
99,geometric_skeleton,qa_rendered_geometric_centerline_record_v1.0,58,352.19,229.0,0.6892173,0.48414376,512,474
99,geometric_skeleton,qa_rendered_geometric_centerline_record_v1.0,59,355.32,229.0,0.69534159,0.48414376,512,474
99,geometric_skeleton,qa_rendered_geometric_centerline_record_v1.0,60,358.449,229.0,0.70146588,0.48414376,512,474
99,geometric_skeleton,qa_rendered_geometric_centerline_record_v1.0,61,361.579,229.0,0.70759018,0.48414376,512,474
99,geometric_skeleton,qa_rendered_geometric_centerline_record_v1.0,62,364.708,229.0,0.71371447,0.48414376,512,474
99,geometric_skeleton,qa_rendered_geometric_centerline_record_v1.0,63,367.838,229.0,0.71983876,0.48414376,512,474
99,geometric_skeleton,qa_rendered_geometric_centerline_record_v1.0,64,370.967,229.0,0.72596305,0.48414376,512,474
99,geometric_skeleton,qa_rendered_geometric_centerline_record_v1.0,65,374.097,229.0,0.73208735,0.48414376,512,474
99,geometric_skeleton,qa_rendered_geometric_centerline_record_v1.0,66,377.226,229.0,0.73821164,0.48414376,512,474
99,geometric_skeleton,qa_rendered_geometric_centerline_record_v1.0,67,380.356,229.0,0.74433593,0.48414376,512,474
99,geometric_skeleton,qa_rendered_geometric_centerline_record_v1.0,68,383.485,229.0,0.75046022,0.48414376,512,474
99,geometric_skeleton,qa_rendered_geometric_centerline_record_v1.0,69,386.435,229.435,0.75623219,0.48506268,512,474
99,geometric_skeleton,qa_rendered_geometric_centerline_record_v1.0,70,389.33,230.0,0.76189821,0.48625793,512,474
99,geometric_skeleton,qa_rendered_geometric_centerline_record_v1.0,71,392.46,230.0,0.76802251,0.48625793,512,474
99,geometric_skeleton,qa_rendered_geometric_centerline_record_v1.0,72,395.589,230.0,0.7741468,0.48625793,512,474
99,geometric_skeleton,qa_rendered_geometric_centerline_record_v1.0,73,398.508,230.508,0.77985925,0.48733208,512,474
99,geometric_skeleton,qa_rendered_geometric_centerline_record_v1.0,74,401.307,231.307,0.78533613,0.48902064,512,474
99,geometric_skeleton,qa_rendered_geometric_centerline_record_v1.0,75,404.105,232.105,0.79081301,0.4907092,512,474
99,geometric_skeleton,qa_rendered_geometric_centerline_record_v1.0,76,406.864,233.0,0.79621219,0.49260042,512,474
99,geometric_skeleton,qa_rendered_geometric_centerline_record_v1.0,77,409.58,234.0,0.80152589,0.49471459,512,474
99,geometric_skeleton,qa_rendered_geometric_centerline_record_v1.0,78,412.295,235.0,0.80683958,0.49682875,512,474
99,geometric_skeleton,qa_rendered_geometric_centerline_record_v1.0,79,415.01,236.0,0.81215328,0.49894292,512,474
99,geometric_skeleton,qa_rendered_geometric_centerline_record_v1.0,80,417.726,237.0,0.81746698,0.50105708,512,474
99,geometric_skeleton,qa_rendered_geometric_centerline_record_v1.0,81,420.855,237.0,0.82359127,0.50105708,512,474
99,geometric_skeleton,qa_rendered_geometric_centerline_record_v1.0,82,423.57,238.0,0.82890497,0.50317125,512,474
99,geometric_skeleton,qa_rendered_geometric_centerline_record_v1.0,83,426.7,238.0,0.83502926,0.50317125,512,474
99,geometric_skeleton,qa_rendered_geometric_centerline_record_v1.0,84,429.829,238.0,0.84115356,0.50317125,512,474
99,geometric_skeleton,qa_rendered_geometric_centerline_record_v1.0,85,432.959,238.0,0.84727785,0.50317125,512,474
99,geometric_skeleton,qa_rendered_geometric_centerline_record_v1.0,86,436.088,238.0,0.85340214,0.50317125,512,474
99,geometric_skeleton,qa_rendered_geometric_centerline_record_v1.0,87,439.218,238.0,0.85952643,0.50317125,512,474
99,geometric_skeleton,qa_rendered_geometric_centerline_record_v1.0,88,441.933,239.0,0.86484013,0.50528541,512,474
99,geometric_skeleton,qa_rendered_geometric_centerline_record_v1.0,89,444.649,240.0,0.87015383,0.50739958,512,474
99,geometric_skeleton,qa_rendered_geometric_centerline_record_v1.0,90,447.778,240.0,0.87627812,0.50739958,512,474
99,geometric_skeleton,qa_rendered_geometric_centerline_record_v1.0,91,450.493,241.0,0.88159182,0.50951374,512,474
99,geometric_skeleton,qa_rendered_geometric_centerline_record_v1.0,92,453.209,242.0,0.88690552,0.51162791,512,474
99,geometric_skeleton,qa_rendered_geometric_centerline_record_v1.0,93,456.338,242.0,0.89302981,0.51162791,512,474
99,geometric_skeleton,qa_rendered_geometric_centerline_record_v1.0,94,459.468,242.0,0.89915411,0.51162791,512,474
99,geometric_skeleton,qa_rendered_geometric_centerline_record_v1.0,95,462.597,242.0,0.9052784,0.51162791,512,474
99,geometric_skeleton,qa_rendered_geometric_centerline_record_v1.0,96,465.727,242.0,0.91140269,0.51162791,512,474
99,geometric_skeleton,qa_rendered_geometric_centerline_record_v1.0,97,468.856,242.0,0.91752698,0.51162791,512,474
99,geometric_skeleton,qa_rendered_geometric_centerline_record_v1.0,98,471.986,242.0,0.92365128,0.51162791,512,474
99,geometric_skeleton,qa_rendered_geometric_centerline_record_v1.0,99,474.701,241.0,0.92896497,0.50951374,512,474
99,geometric_skeleton,qa_rendered_geometric_centerline_record_v1.0,100,477.416,240.0,0.93427867,0.50739958,512,474
99,geometric_skeleton,qa_rendered_geometric_centerline_record_v1.0,101,479.8,238.2,0.93894371,0.50359359,512,474
99,geometric_skeleton,qa_rendered_geometric_centerline_record_v1.0,102,482.013,235.987,0.94327423,0.49891515,512,474
99,geometric_skeleton,qa_rendered_geometric_centerline_record_v1.0,103,484.226,233.774,0.94760476,0.49423671,512,474
99,geometric_skeleton,qa_rendered_geometric_centerline_record_v1.0,104,486.439,231.561,0.95193529,0.48955828,512,474
99,geometric_skeleton,qa_rendered_geometric_centerline_record_v1.0,105,487.0,228.664,0.95303327,0.48343331,512,474
99,geometric_skeleton,qa_rendered_geometric_centerline_record_v1.0,106,487.0,225.534,0.95303327,0.476817,512,474
99,geometric_skeleton,qa_rendered_geometric_centerline_record_v1.0,107,487.0,222.405,0.95303327,0.47020069,512,474
99,geometric_skeleton,qa_rendered_geometric_centerline_record_v1.0,108,488.219,219.781,0.9554197,0.46465229,512,474
99,geometric_skeleton,qa_rendered_geometric_centerline_record_v1.0,109,489.018,216.982,0.95698269,0.4587354,512,474
99,geometric_skeleton,qa_rendered_geometric_centerline_record_v1.0,110,490.0,214.259,0.95890411,0.45297892,512,474
99,geometric_skeleton,qa_rendered_geometric_centerline_record_v1.0,111,490.0,211.13,0.95890411,0.44636261,512,474
99,geometric_skeleton,qa_rendered_geometric_centerline_record_v1.0,112,490.0,208.0,0.95890411,0.4397463,512,474
100,geometric_skeleton,qa_rendered_geometric_centerline_record_v1.0,0,178.0,178.0,0.34833659,0.37632135,512,474
100,geometric_skeleton,qa_rendered_geometric_centerline_record_v1.0,1,180.598,176.268,0.35341979,0.37266031,512,474
100,geometric_skeleton,qa_rendered_geometric_centerline_record_v1.0,2,183.195,174.537,0.35850299,0.36899926,512,474
100,geometric_skeleton,qa_rendered_geometric_centerline_record_v1.0,3,185.74,175.0,0.36348366,0.36997886,512,474
100,geometric_skeleton,qa_rendered_geometric_centerline_record_v1.0,4,188.862,175.0,0.3695929,0.36997886,512,474
100,geometric_skeleton,qa_rendered_geometric_centerline_record_v1.0,5,191.984,175.0,0.37570214,0.36997886,512,474
100,geometric_skeleton,qa_rendered_geometric_centerline_record_v1.0,6,195.106,175.0,0.38181138,0.36997886,512,474
100,geometric_skeleton,qa_rendered_geometric_centerline_record_v1.0,7,198.227,175.0,0.38792062,0.36997886,512,474
100,geometric_skeleton,qa_rendered_geometric_centerline_record_v1.0,8,200.935,176.0,0.39321927,0.37209302,512,474
100,geometric_skeleton,qa_rendered_geometric_centerline_record_v1.0,9,204.057,176.0,0.39932851,0.37209302,512,474
100,geometric_skeleton,qa_rendered_geometric_centerline_record_v1.0,10,206.764,177.0,0.40462716,0.37420719,512,474
100,geometric_skeleton,qa_rendered_geometric_centerline_record_v1.0,11,209.472,178.0,0.40992581,0.37632135,512,474
100,geometric_skeleton,qa_rendered_geometric_centerline_record_v1.0,12,212.18,179.0,0.41522445,0.37843552,512,474
100,geometric_skeleton,qa_rendered_geometric_centerline_record_v1.0,13,215.302,179.0,0.42133369,0.37843552,512,474
100,geometric_skeleton,qa_rendered_geometric_centerline_record_v1.0,14,218.423,179.0,0.42744293,0.37843552,512,474
100,geometric_skeleton,qa_rendered_geometric_centerline_record_v1.0,15,221.131,180.0,0.43274158,0.38054968,512,474
100,geometric_skeleton,qa_rendered_geometric_centerline_record_v1.0,16,224.253,180.0,0.43885082,0.38054968,512,474
100,geometric_skeleton,qa_rendered_geometric_centerline_record_v1.0,17,227.375,180.0,0.44496006,0.38054968,512,474
100,geometric_skeleton,qa_rendered_geometric_centerline_record_v1.0,18,230.496,180.0,0.4510693,0.38054968,512,474
100,geometric_skeleton,qa_rendered_geometric_centerline_record_v1.0,19,233.618,180.0,0.45717855,0.38054968,512,474
100,geometric_skeleton,qa_rendered_geometric_centerline_record_v1.0,20,236.74,180.0,0.46328779,0.38054968,512,474
100,geometric_skeleton,qa_rendered_geometric_centerline_record_v1.0,21,239.862,180.0,0.46939703,0.38054968,512,474
100,geometric_skeleton,qa_rendered_geometric_centerline_record_v1.0,22,242.984,180.0,0.47550627,0.38054968,512,474
100,geometric_skeleton,qa_rendered_geometric_centerline_record_v1.0,23,246.106,180.0,0.48161551,0.38054968,512,474
100,geometric_skeleton,qa_rendered_geometric_centerline_record_v1.0,24,249.227,180.0,0.48772475,0.38054968,512,474
100,geometric_skeleton,qa_rendered_geometric_centerline_record_v1.0,25,252.349,180.0,0.49383399,0.38054968,512,474
100,geometric_skeleton,qa_rendered_geometric_centerline_record_v1.0,26,255.471,180.0,0.49994323,0.38054968,512,474
100,geometric_skeleton,qa_rendered_geometric_centerline_record_v1.0,27,258.593,180.0,0.50605247,0.38054968,512,474
100,geometric_skeleton,qa_rendered_geometric_centerline_record_v1.0,28,261.715,180.0,0.51216171,0.38054968,512,474
100,geometric_skeleton,qa_rendered_geometric_centerline_record_v1.0,29,264.836,180.0,0.51827096,0.38054968,512,474
100,geometric_skeleton,qa_rendered_geometric_centerline_record_v1.0,30,267.958,180.0,0.5243802,0.38054968,512,474
100,geometric_skeleton,qa_rendered_geometric_centerline_record_v1.0,31,271.08,180.0,0.53048944,0.38054968,512,474
100,geometric_skeleton,qa_rendered_geometric_centerline_record_v1.0,32,274.202,180.0,0.53659868,0.38054968,512,474
100,geometric_skeleton,qa_rendered_geometric_centerline_record_v1.0,33,277.324,180.0,0.54270792,0.38054968,512,474
100,geometric_skeleton,qa_rendered_geometric_centerline_record_v1.0,34,280.446,180.0,0.54881716,0.38054968,512,474
100,geometric_skeleton,qa_rendered_geometric_centerline_record_v1.0,35,283.567,180.0,0.5549264,0.38054968,512,474
100,geometric_skeleton,qa_rendered_geometric_centerline_record_v1.0,36,286.689,180.0,0.56103564,0.38054968,512,474
100,geometric_skeleton,qa_rendered_geometric_centerline_record_v1.0,37,289.573,180.573,0.56668002,0.38176213,512,474
100,geometric_skeleton,qa_rendered_geometric_centerline_record_v1.0,38,292.519,181.0,0.57244353,0.38266385,512,474
100,geometric_skeleton,qa_rendered_geometric_centerline_record_v1.0,39,295.64,181.0,0.57855277,0.38266385,512,474
100,geometric_skeleton,qa_rendered_geometric_centerline_record_v1.0,40,298.539,181.539,0.58422509,0.38380342,512,474
100,geometric_skeleton,qa_rendered_geometric_centerline_record_v1.0,41,301.332,182.332,0.58969133,0.38548048,512,474
100,geometric_skeleton,qa_rendered_geometric_centerline_record_v1.0,42,304.178,183.0,0.59525931,0.38689218,512,474
100,geometric_skeleton,qa_rendered_geometric_centerline_record_v1.0,43,307.212,183.212,0.60119698,0.38733965,512,474
100,geometric_skeleton,qa_rendered_geometric_centerline_record_v1.0,44,310.007,184.0,0.60666719,0.38900634,512,474
100,geometric_skeleton,qa_rendered_geometric_centerline_record_v1.0,45,313.129,184.0,0.61277644,0.38900634,512,474
100,geometric_skeleton,qa_rendered_geometric_centerline_record_v1.0,46,316.251,184.0,0.61888568,0.38900634,512,474
100,geometric_skeleton,qa_rendered_geometric_centerline_record_v1.0,47,319.372,184.0,0.62499492,0.38900634,512,474
100,geometric_skeleton,qa_rendered_geometric_centerline_record_v1.0,48,322.494,184.0,0.63110416,0.38900634,512,474
100,geometric_skeleton,qa_rendered_geometric_centerline_record_v1.0,49,325.616,184.0,0.6372134,0.38900634,512,474
100,geometric_skeleton,qa_rendered_geometric_centerline_record_v1.0,50,328.738,184.0,0.64332264,0.38900634,512,474
100,geometric_skeleton,qa_rendered_geometric_centerline_record_v1.0,51,331.86,184.0,0.64943188,0.38900634,512,474
100,geometric_skeleton,qa_rendered_geometric_centerline_record_v1.0,52,334.982,184.0,0.65554112,0.38900634,512,474
100,geometric_skeleton,qa_rendered_geometric_centerline_record_v1.0,53,338.103,184.0,0.66165036,0.38900634,512,474
100,geometric_skeleton,qa_rendered_geometric_centerline_record_v1.0,54,341.225,184.0,0.6677596,0.38900634,512,474
100,geometric_skeleton,qa_rendered_geometric_centerline_record_v1.0,55,344.347,184.0,0.67386885,0.38900634,512,474
100,geometric_skeleton,qa_rendered_geometric_centerline_record_v1.0,56,347.469,184.0,0.67997809,0.38900634,512,474
100,geometric_skeleton,qa_rendered_geometric_centerline_record_v1.0,57,350.418,183.582,0.6857488,0.38812339,512,474
100,geometric_skeleton,qa_rendered_geometric_centerline_record_v1.0,58,353.298,183.0,0.69138597,0.38689218,512,474
100,geometric_skeleton,qa_rendered_geometric_centerline_record_v1.0,59,356.006,182.0,0.69668462,0.38477801,512,474
100,geometric_skeleton,qa_rendered_geometric_centerline_record_v1.0,60,359.128,182.0,0.70279386,0.38477801,512,474
100,geometric_skeleton,qa_rendered_geometric_centerline_record_v1.0,61,362.249,182.0,0.7089031,0.38477801,512,474
100,geometric_skeleton,qa_rendered_geometric_centerline_record_v1.0,62,365.371,182.0,0.71501234,0.38477801,512,474
100,geometric_skeleton,qa_rendered_geometric_centerline_record_v1.0,63,368.493,182.0,0.72112159,0.38477801,512,474
100,geometric_skeleton,qa_rendered_geometric_centerline_record_v1.0,64,371.615,182.0,0.72723083,0.38477801,512,474
100,geometric_skeleton,qa_rendered_geometric_centerline_record_v1.0,65,374.737,182.0,0.73334007,0.38477801,512,474
100,geometric_skeleton,qa_rendered_geometric_centerline_record_v1.0,66,377.859,182.0,0.73944931,0.38477801,512,474
100,geometric_skeleton,qa_rendered_geometric_centerline_record_v1.0,67,380.98,182.0,0.74555855,0.38477801,512,474
100,geometric_skeleton,qa_rendered_geometric_centerline_record_v1.0,68,384.102,182.0,0.75166779,0.38477801,512,474
100,geometric_skeleton,qa_rendered_geometric_centerline_record_v1.0,69,387.224,182.0,0.75777703,0.38477801,512,474
100,geometric_skeleton,qa_rendered_geometric_centerline_record_v1.0,70,389.932,183.0,0.76307568,0.38689218,512,474
100,geometric_skeleton,qa_rendered_geometric_centerline_record_v1.0,71,393.053,183.0,0.76918492,0.38689218,512,474
100,geometric_skeleton,qa_rendered_geometric_centerline_record_v1.0,72,396.175,183.0,0.77529416,0.38689218,512,474
100,geometric_skeleton,qa_rendered_geometric_centerline_record_v1.0,73,398.883,184.0,0.78059281,0.38900634,512,474
100,geometric_skeleton,qa_rendered_geometric_centerline_record_v1.0,74,401.591,185.0,0.78589145,0.39112051,512,474
100,geometric_skeleton,qa_rendered_geometric_centerline_record_v1.0,75,404.298,186.0,0.7911901,0.39323467,512,474
100,geometric_skeleton,qa_rendered_geometric_centerline_record_v1.0,76,407.006,187.0,0.79648875,0.39534884,512,474
100,geometric_skeleton,qa_rendered_geometric_centerline_record_v1.0,77,410.128,187.0,0.80259799,0.39534884,512,474
100,geometric_skeleton,qa_rendered_geometric_centerline_record_v1.0,78,412.591,188.591,0.80741793,0.39871155,512,474
100,geometric_skeleton,qa_rendered_geometric_centerline_record_v1.0,79,415.384,189.384,0.81288417,0.4003886,512,474
100,geometric_skeleton,qa_rendered_geometric_centerline_record_v1.0,80,418.25,190.0,0.81849393,0.40169133,512,474
100,geometric_skeleton,qa_rendered_geometric_centerline_record_v1.0,81,421.263,190.263,0.82438982,0.40224778,512,474
100,geometric_skeleton,qa_rendered_geometric_centerline_record_v1.0,82,424.08,191.0,0.82990182,0.4038055,512,474
100,geometric_skeleton,qa_rendered_geometric_centerline_record_v1.0,83,427.202,191.0,0.83601106,0.4038055,512,474
100,geometric_skeleton,qa_rendered_geometric_centerline_record_v1.0,84,430.229,191.229,0.84193489,0.40428907,512,474
100,geometric_skeleton,qa_rendered_geometric_centerline_record_v1.0,85,433.022,192.022,0.84740113,0.40596613,512,474
100,geometric_skeleton,qa_rendered_geometric_centerline_record_v1.0,86,435.739,193.0,0.85271759,0.40803383,512,474
100,geometric_skeleton,qa_rendered_geometric_centerline_record_v1.0,87,438.861,193.0,0.85882683,0.40803383,512,474
100,geometric_skeleton,qa_rendered_geometric_centerline_record_v1.0,88,441.568,194.0,0.86412548,0.41014799,512,474
100,geometric_skeleton,qa_rendered_geometric_centerline_record_v1.0,89,444.69,194.0,0.87023472,0.41014799,512,474
100,geometric_skeleton,qa_rendered_geometric_centerline_record_v1.0,90,447.812,194.0,0.87634396,0.41014799,512,474
100,geometric_skeleton,qa_rendered_geometric_centerline_record_v1.0,91,450.934,194.0,0.8824532,0.41014799,512,474
100,geometric_skeleton,qa_rendered_geometric_centerline_record_v1.0,92,454.055,194.0,0.88856245,0.41014799,512,474
100,geometric_skeleton,qa_rendered_geometric_centerline_record_v1.0,93,457.177,194.0,0.89467169,0.41014799,512,474
100,geometric_skeleton,qa_rendered_geometric_centerline_record_v1.0,94,460.299,194.0,0.90078093,0.41014799,512,474
100,geometric_skeleton,qa_rendered_geometric_centerline_record_v1.0,95,463.421,194.0,0.90689017,0.41014799,512,474
100,geometric_skeleton,qa_rendered_geometric_centerline_record_v1.0,96,466.384,193.616,0.91268835,0.40933669,512,474
100,geometric_skeleton,qa_rendered_geometric_centerline_record_v1.0,97,469.25,193.0,0.91829806,0.40803383,512,474
100,geometric_skeleton,qa_rendered_geometric_centerline_record_v1.0,98,471.541,191.739,0.92277986,0.40536747,512,474
100,geometric_skeleton,qa_rendered_geometric_centerline_record_v1.0,99,472.77,188.869,0.92518641,0.39930107,512,474
100,geometric_skeleton,qa_rendered_geometric_centerline_record_v1.0,100,474.0,186.0,0.92759295,0.39323467,512,474
102,geometric_skeleton,qa_rendered_geometric_centerline_record_v1.0,0,138.0,212.0,0.27005871,0.44820296,512,474
102,geometric_skeleton,qa_rendered_geometric_centerline_record_v1.0,1,141.098,211.115,0.27612219,0.44633136,512,474
102,geometric_skeleton,qa_rendered_geometric_centerline_record_v1.0,2,144.197,210.229,0.28218567,0.44445975,512,474
102,geometric_skeleton,qa_rendered_geometric_centerline_record_v1.0,3,146.688,211.688,0.28706063,0.4475433,512,474
102,geometric_skeleton,qa_rendered_geometric_centerline_record_v1.0,4,149.367,213.0,0.29230323,0.45031712,512,474
102,geometric_skeleton,qa_rendered_geometric_centerline_record_v1.0,5,152.175,214.0,0.29779876,0.45243129,512,474
102,geometric_skeleton,qa_rendered_geometric_centerline_record_v1.0,6,155.398,214.0,0.30410487,0.45243129,512,474
102,geometric_skeleton,qa_rendered_geometric_centerline_record_v1.0,7,158.62,214.0,0.31041099,0.45243129,512,474
102,geometric_skeleton,qa_rendered_geometric_centerline_record_v1.0,8,161.842,214.0,0.31671711,0.45243129,512,474
102,geometric_skeleton,qa_rendered_geometric_centerline_record_v1.0,9,165.065,214.0,0.32302322,0.45243129,512,474
102,geometric_skeleton,qa_rendered_geometric_centerline_record_v1.0,10,168.287,214.0,0.32932934,0.45243129,512,474
102,geometric_skeleton,qa_rendered_geometric_centerline_record_v1.0,11,171.51,214.0,0.33563546,0.45243129,512,474
102,geometric_skeleton,qa_rendered_geometric_centerline_record_v1.0,12,174.518,214.518,0.34152193,0.4535258,512,474
102,geometric_skeleton,qa_rendered_geometric_centerline_record_v1.0,13,177.382,215.382,0.34712738,0.45535326,512,474
102,geometric_skeleton,qa_rendered_geometric_centerline_record_v1.0,14,180.349,216.0,0.35293262,0.45665962,512,474
102,geometric_skeleton,qa_rendered_geometric_centerline_record_v1.0,15,183.404,216.404,0.35891146,0.45751322,512,474
102,geometric_skeleton,qa_rendered_geometric_centerline_record_v1.0,16,186.379,217.0,0.36473426,0.45877378,512,474
102,geometric_skeleton,qa_rendered_geometric_centerline_record_v1.0,17,189.602,217.0,0.37104038,0.45877378,512,474
102,geometric_skeleton,qa_rendered_geometric_centerline_record_v1.0,18,192.824,217.0,0.37734649,0.45877378,512,474
102,geometric_skeleton,qa_rendered_geometric_centerline_record_v1.0,19,195.74,217.74,0.38305279,0.46033821,512,474
102,geometric_skeleton,qa_rendered_geometric_centerline_record_v1.0,20,198.855,218.0,0.38914813,0.46088795,512,474
102,geometric_skeleton,qa_rendered_geometric_centerline_record_v1.0,21,202.077,218.0,0.39545425,0.46088795,512,474
102,geometric_skeleton,qa_rendered_geometric_centerline_record_v1.0,22,205.3,218.0,0.40176037,0.46088795,512,474
102,geometric_skeleton,qa_rendered_geometric_centerline_record_v1.0,23,208.522,218.0,0.40806648,0.46088795,512,474
102,geometric_skeleton,qa_rendered_geometric_centerline_record_v1.0,24,211.744,218.0,0.4143726,0.46088795,512,474
102,geometric_skeleton,qa_rendered_geometric_centerline_record_v1.0,25,214.967,218.0,0.42067872,0.46088795,512,474
102,geometric_skeleton,qa_rendered_geometric_centerline_record_v1.0,26,218.189,218.0,0.42698483,0.46088795,512,474
102,geometric_skeleton,qa_rendered_geometric_centerline_record_v1.0,27,221.412,218.0,0.43329095,0.46088795,512,474
102,geometric_skeleton,qa_rendered_geometric_centerline_record_v1.0,28,224.634,218.0,0.43959707,0.46088795,512,474
102,geometric_skeleton,qa_rendered_geometric_centerline_record_v1.0,29,227.857,218.0,0.44590318,0.46088795,512,474
102,geometric_skeleton,qa_rendered_geometric_centerline_record_v1.0,30,230.665,219.0,0.45139871,0.46300211,512,474
102,geometric_skeleton,qa_rendered_geometric_centerline_record_v1.0,31,233.887,219.0,0.45770482,0.46300211,512,474
102,geometric_skeleton,qa_rendered_geometric_centerline_record_v1.0,32,236.695,220.0,0.46320035,0.46511628,512,474
102,geometric_skeleton,qa_rendered_geometric_centerline_record_v1.0,33,239.918,220.0,0.46950646,0.46511628,512,474
102,geometric_skeleton,qa_rendered_geometric_centerline_record_v1.0,34,242.726,221.0,0.47500199,0.46723044,512,474
102,geometric_skeleton,qa_rendered_geometric_centerline_record_v1.0,35,245.534,222.0,0.48049751,0.46934461,512,474
102,geometric_skeleton,qa_rendered_geometric_centerline_record_v1.0,36,248.757,222.0,0.48680363,0.46934461,512,474
102,geometric_skeleton,qa_rendered_geometric_centerline_record_v1.0,37,251.565,223.0,0.49229915,0.47145877,512,474
102,geometric_skeleton,qa_rendered_geometric_centerline_record_v1.0,38,254.373,224.0,0.49779467,0.47357294,512,474
102,geometric_skeleton,qa_rendered_geometric_centerline_record_v1.0,39,257.596,224.0,0.50410079,0.47357294,512,474
102,geometric_skeleton,qa_rendered_geometric_centerline_record_v1.0,40,260.404,225.0,0.50959631,0.4756871,512,474
102,geometric_skeleton,qa_rendered_geometric_centerline_record_v1.0,41,263.212,226.0,0.51509183,0.47780127,512,474
102,geometric_skeleton,qa_rendered_geometric_centerline_record_v1.0,42,266.434,226.0,0.52139795,0.47780127,512,474
102,geometric_skeleton,qa_rendered_geometric_centerline_record_v1.0,43,269.243,227.0,0.52689347,0.47991543,512,474
102,geometric_skeleton,qa_rendered_geometric_centerline_record_v1.0,44,272.051,228.0,0.532389,0.4820296,512,474
102,geometric_skeleton,qa_rendered_geometric_centerline_record_v1.0,45,275.273,228.0,0.53869511,0.4820296,512,474
102,geometric_skeleton,qa_rendered_geometric_centerline_record_v1.0,46,278.081,229.0,0.54419063,0.48414376,512,474
102,geometric_skeleton,qa_rendered_geometric_centerline_record_v1.0,47,281.304,229.0,0.55049675,0.48414376,512,474
102,geometric_skeleton,qa_rendered_geometric_centerline_record_v1.0,48,284.112,230.0,0.55599227,0.48625793,512,474
102,geometric_skeleton,qa_rendered_geometric_centerline_record_v1.0,49,287.334,230.0,0.56229839,0.48625793,512,474
102,geometric_skeleton,qa_rendered_geometric_centerline_record_v1.0,50,290.143,231.0,0.56779391,0.48837209,512,474
102,geometric_skeleton,qa_rendered_geometric_centerline_record_v1.0,51,293.365,231.0,0.57410003,0.48837209,512,474
102,geometric_skeleton,qa_rendered_geometric_centerline_record_v1.0,52,296.588,231.0,0.58040615,0.48837209,512,474
102,geometric_skeleton,qa_rendered_geometric_centerline_record_v1.0,53,299.81,231.0,0.58671226,0.48837209,512,474
102,geometric_skeleton,qa_rendered_geometric_centerline_record_v1.0,54,303.032,231.0,0.59301838,0.48837209,512,474
102,geometric_skeleton,qa_rendered_geometric_centerline_record_v1.0,55,306.255,231.0,0.5993245,0.48837209,512,474
102,geometric_skeleton,qa_rendered_geometric_centerline_record_v1.0,56,309.477,231.0,0.60563062,0.48837209,512,474
102,geometric_skeleton,qa_rendered_geometric_centerline_record_v1.0,57,312.7,231.0,0.61193673,0.48837209,512,474
102,geometric_skeleton,qa_rendered_geometric_centerline_record_v1.0,58,315.922,231.0,0.61824285,0.48837209,512,474
102,geometric_skeleton,qa_rendered_geometric_centerline_record_v1.0,59,319.145,231.0,0.62454897,0.48837209,512,474
102,geometric_skeleton,qa_rendered_geometric_centerline_record_v1.0,60,322.367,231.0,0.63085508,0.48837209,512,474
102,geometric_skeleton,qa_rendered_geometric_centerline_record_v1.0,61,325.589,231.0,0.6371612,0.48837209,512,474
102,geometric_skeleton,qa_rendered_geometric_centerline_record_v1.0,62,328.812,231.0,0.64346732,0.48837209,512,474
102,geometric_skeleton,qa_rendered_geometric_centerline_record_v1.0,63,332.034,231.0,0.64977343,0.48837209,512,474
102,geometric_skeleton,qa_rendered_geometric_centerline_record_v1.0,64,335.181,231.181,0.65593244,0.48875577,512,474
102,geometric_skeleton,qa_rendered_geometric_centerline_record_v1.0,65,337.46,233.46,0.66039154,0.4935731,512,474
102,geometric_skeleton,qa_rendered_geometric_centerline_record_v1.0,66,340.045,235.0,0.66544941,0.49682875,512,474
102,geometric_skeleton,qa_rendered_geometric_centerline_record_v1.0,67,342.896,235.896,0.67102927,0.49872295,512,474
102,geometric_skeleton,qa_rendered_geometric_centerline_record_v1.0,68,346.075,236.0,0.67725105,0.49894292,512,474
102,geometric_skeleton,qa_rendered_geometric_centerline_record_v1.0,69,348.918,236.918,0.68281335,0.50088292,512,474
102,geometric_skeleton,qa_rendered_geometric_centerline_record_v1.0,70,351.782,237.782,0.6884188,0.50271037,512,474
102,geometric_skeleton,qa_rendered_geometric_centerline_record_v1.0,71,354.646,238.646,0.69402425,0.50453782,512,474
102,geometric_skeleton,qa_rendered_geometric_centerline_record_v1.0,72,357.511,239.511,0.6996297,0.50636528,512,474
102,geometric_skeleton,qa_rendered_geometric_centerline_record_v1.0,73,360.375,240.375,0.70523515,0.50819273,512,474
102,geometric_skeleton,qa_rendered_geometric_centerline_record_v1.0,74,363.24,241.24,0.7108406,0.51002018,512,474
102,geometric_skeleton,qa_rendered_geometric_centerline_record_v1.0,75,366.104,242.104,0.71644605,0.51184764,512,474
102,geometric_skeleton,qa_rendered_geometric_centerline_record_v1.0,76,368.955,243.0,0.72202582,0.51374207,512,474
102,geometric_skeleton,qa_rendered_geometric_centerline_record_v1.0,77,371.763,244.0,0.72752135,0.51585624,512,474
102,geometric_skeleton,qa_rendered_geometric_centerline_record_v1.0,78,374.572,245.0,0.73301687,0.5179704,512,474
102,geometric_skeleton,qa_rendered_geometric_centerline_record_v1.0,79,377.38,246.0,0.73851239,0.52008457,512,474
102,geometric_skeleton,qa_rendered_geometric_centerline_record_v1.0,80,380.188,247.0,0.74400791,0.52219873,512,474
102,geometric_skeleton,qa_rendered_geometric_centerline_record_v1.0,81,382.996,248.0,0.74950344,0.5243129,512,474
102,geometric_skeleton,qa_rendered_geometric_centerline_record_v1.0,82,386.219,248.0,0.75580955,0.5243129,512,474
102,geometric_skeleton,qa_rendered_geometric_centerline_record_v1.0,83,389.027,249.0,0.76130508,0.52642706,512,474
102,geometric_skeleton,qa_rendered_geometric_centerline_record_v1.0,84,391.835,250.0,0.7668006,0.52854123,512,474
102,geometric_skeleton,qa_rendered_geometric_centerline_record_v1.0,85,394.643,251.0,0.77229612,0.53065539,512,474
102,geometric_skeleton,qa_rendered_geometric_centerline_record_v1.0,86,397.452,252.0,0.77779164,0.53276956,512,474
102,geometric_skeleton,qa_rendered_geometric_centerline_record_v1.0,87,400.26,253.0,0.78328717,0.53488372,512,474
102,geometric_skeleton,qa_rendered_geometric_centerline_record_v1.0,88,403.068,254.0,0.78878269,0.53699789,512,474
102,geometric_skeleton,qa_rendered_geometric_centerline_record_v1.0,89,405.62,255.62,0.79377601,0.54042187,512,474
102,geometric_skeleton,qa_rendered_geometric_centerline_record_v1.0,90,408.191,257.191,0.79880829,0.54374426,512,474
102,geometric_skeleton,qa_rendered_geometric_centerline_record_v1.0,91,410.763,258.763,0.80384056,0.54706666,512,474
102,geometric_skeleton,qa_rendered_geometric_centerline_record_v1.0,92,413.472,260.0,0.80914359,0.54968288,512,474
102,geometric_skeleton,qa_rendered_geometric_centerline_record_v1.0,93,416.198,261.198,0.81447829,0.5522165,512,474
102,geometric_skeleton,qa_rendered_geometric_centerline_record_v1.0,94,419.089,262.0,0.82013464,0.55391121,512,474
102,geometric_skeleton,qa_rendered_geometric_centerline_record_v1.0,95,422.311,262.0,0.82644076,0.55391121,512,474
102,geometric_skeleton,qa_rendered_geometric_centerline_record_v1.0,96,425.534,262.0,0.83274687,0.55391121,512,474
102,geometric_skeleton,qa_rendered_geometric_centerline_record_v1.0,97,428.756,262.0,0.83905299,0.55391121,512,474
102,geometric_skeleton,qa_rendered_geometric_centerline_record_v1.0,98,431.979,262.0,0.84535911,0.55391121,512,474
102,geometric_skeleton,qa_rendered_geometric_centerline_record_v1.0,99,434.787,261.0,0.85085463,0.55179704,512,474
102,geometric_skeleton,qa_rendered_geometric_centerline_record_v1.0,100,437.421,259.579,0.85600915,0.54879349,512,474
102,geometric_skeleton,qa_rendered_geometric_centerline_record_v1.0,101,439.699,257.301,0.86046825,0.54397616,512,474
102,geometric_skeleton,qa_rendered_geometric_centerline_record_v1.0,102,441.978,255.022,0.86492735,0.53915883,512,474
102,geometric_skeleton,qa_rendered_geometric_centerline_record_v1.0,103,444.256,252.744,0.86938645,0.53434149,512,474
102,geometric_skeleton,qa_rendered_geometric_centerline_record_v1.0,104,445.461,249.924,0.87174413,0.52838003,512,474
102,geometric_skeleton,qa_rendered_geometric_centerline_record_v1.0,105,446.731,246.962,0.87422823,0.52211813,512,474
102,geometric_skeleton,qa_rendered_geometric_centerline_record_v1.0,106,448.0,244.0,0.87671233,0.51585624,512,474
103,geometric_skeleton,qa_rendered_geometric_centerline_record_v1.0,0,142.0,328.0,0.2778865,0.69344609,512,474
103,geometric_skeleton,qa_rendered_geometric_centerline_record_v1.0,1,144.901,326.757,0.28356318,0.69081777,512,474
103,geometric_skeleton,qa_rendered_geometric_centerline_record_v1.0,2,147.802,325.514,0.28923986,0.68818946,512,474
103,geometric_skeleton,qa_rendered_geometric_centerline_record_v1.0,3,150.31,326.31,0.29414802,0.68987238,512,474
103,geometric_skeleton,qa_rendered_geometric_centerline_record_v1.0,4,152.765,328.0,0.29895386,0.69344609,512,474
103,geometric_skeleton,qa_rendered_geometric_centerline_record_v1.0,5,155.921,328.0,0.30512991,0.69344609,512,474
103,geometric_skeleton,qa_rendered_geometric_centerline_record_v1.0,6,159.055,328.055,0.31126163,0.69356171,512,474
103,geometric_skeleton,qa_rendered_geometric_centerline_record_v1.0,7,161.819,329.0,0.31667141,0.69556025,512,474
103,geometric_skeleton,qa_rendered_geometric_centerline_record_v1.0,8,164.975,329.0,0.32284746,0.69556025,512,474
103,geometric_skeleton,qa_rendered_geometric_centerline_record_v1.0,9,167.717,330.0,0.32821291,0.69767442,512,474
103,geometric_skeleton,qa_rendered_geometric_centerline_record_v1.0,10,170.459,331.0,0.33357836,0.69978858,512,474
103,geometric_skeleton,qa_rendered_geometric_centerline_record_v1.0,11,173.615,331.0,0.33975441,0.69978858,512,474
103,geometric_skeleton,qa_rendered_geometric_centerline_record_v1.0,12,176.356,332.0,0.34511986,0.70190275,512,474
103,geometric_skeleton,qa_rendered_geometric_centerline_record_v1.0,13,179.512,332.0,0.3512959,0.70190275,512,474
103,geometric_skeleton,qa_rendered_geometric_centerline_record_v1.0,14,182.254,333.0,0.35666136,0.70401691,512,474
103,geometric_skeleton,qa_rendered_geometric_centerline_record_v1.0,15,185.41,333.0,0.3628374,0.70401691,512,474
103,geometric_skeleton,qa_rendered_geometric_centerline_record_v1.0,16,188.152,334.0,0.36820286,0.70613108,512,474
103,geometric_skeleton,qa_rendered_geometric_centerline_record_v1.0,17,191.308,334.0,0.3743789,0.70613108,512,474
103,geometric_skeleton,qa_rendered_geometric_centerline_record_v1.0,18,194.049,335.0,0.37974435,0.70824524,512,474
103,geometric_skeleton,qa_rendered_geometric_centerline_record_v1.0,19,197.205,335.0,0.3859204,0.70824524,512,474
103,geometric_skeleton,qa_rendered_geometric_centerline_record_v1.0,20,200.361,335.0,0.39209645,0.70824524,512,474
103,geometric_skeleton,qa_rendered_geometric_centerline_record_v1.0,21,203.517,335.0,0.39827249,0.70824524,512,474
103,geometric_skeleton,qa_rendered_geometric_centerline_record_v1.0,22,206.673,335.0,0.40444854,0.70824524,512,474
103,geometric_skeleton,qa_rendered_geometric_centerline_record_v1.0,23,209.829,335.0,0.41062459,0.70824524,512,474
103,geometric_skeleton,qa_rendered_geometric_centerline_record_v1.0,24,212.571,336.0,0.41599004,0.71035941,512,474
103,geometric_skeleton,qa_rendered_geometric_centerline_record_v1.0,25,215.727,336.0,0.42216608,0.71035941,512,474
103,geometric_skeleton,qa_rendered_geometric_centerline_record_v1.0,26,218.883,336.0,0.42834213,0.71035941,512,474
103,geometric_skeleton,qa_rendered_geometric_centerline_record_v1.0,27,221.625,337.0,0.43370758,0.71247357,512,474
103,geometric_skeleton,qa_rendered_geometric_centerline_record_v1.0,28,224.781,337.0,0.43988363,0.71247357,512,474
103,geometric_skeleton,qa_rendered_geometric_centerline_record_v1.0,29,227.936,337.0,0.44605968,0.71247357,512,474
103,geometric_skeleton,qa_rendered_geometric_centerline_record_v1.0,30,231.065,337.065,0.45218273,0.71261179,512,474
103,geometric_skeleton,qa_rendered_geometric_centerline_record_v1.0,31,233.834,338.0,0.45760117,0.71458774,512,474
103,geometric_skeleton,qa_rendered_geometric_centerline_record_v1.0,32,236.99,338.0,0.46377722,0.71458774,512,474
103,geometric_skeleton,qa_rendered_geometric_centerline_record_v1.0,33,240.146,338.0,0.46995327,0.71458774,512,474
103,geometric_skeleton,qa_rendered_geometric_centerline_record_v1.0,34,243.302,338.0,0.47612931,0.71458774,512,474
103,geometric_skeleton,qa_rendered_geometric_centerline_record_v1.0,35,246.458,338.0,0.48230536,0.71458774,512,474
103,geometric_skeleton,qa_rendered_geometric_centerline_record_v1.0,36,249.614,338.0,0.48848141,0.71458774,512,474
103,geometric_skeleton,qa_rendered_geometric_centerline_record_v1.0,37,252.77,338.0,0.49465745,0.71458774,512,474
103,geometric_skeleton,qa_rendered_geometric_centerline_record_v1.0,38,255.926,338.0,0.5008335,0.71458774,512,474
103,geometric_skeleton,qa_rendered_geometric_centerline_record_v1.0,39,259.082,338.0,0.50700954,0.71458774,512,474
103,geometric_skeleton,qa_rendered_geometric_centerline_record_v1.0,40,262.238,338.0,0.51318559,0.71458774,512,474
103,geometric_skeleton,qa_rendered_geometric_centerline_record_v1.0,41,265.394,338.0,0.51936164,0.71458774,512,474
103,geometric_skeleton,qa_rendered_geometric_centerline_record_v1.0,42,268.55,338.0,0.52553768,0.71458774,512,474
103,geometric_skeleton,qa_rendered_geometric_centerline_record_v1.0,43,271.292,339.0,0.53090313,0.7167019,512,474
103,geometric_skeleton,qa_rendered_geometric_centerline_record_v1.0,44,274.447,339.0,0.53707918,0.7167019,512,474
103,geometric_skeleton,qa_rendered_geometric_centerline_record_v1.0,45,277.189,340.0,0.54244463,0.71881607,512,474
103,geometric_skeleton,qa_rendered_geometric_centerline_record_v1.0,46,280.345,340.0,0.54862068,0.71881607,512,474
103,geometric_skeleton,qa_rendered_geometric_centerline_record_v1.0,47,283.087,341.0,0.55398613,0.72093023,512,474
103,geometric_skeleton,qa_rendered_geometric_centerline_record_v1.0,48,286.243,341.0,0.56016218,0.72093023,512,474
103,geometric_skeleton,qa_rendered_geometric_centerline_record_v1.0,49,288.989,341.989,0.56553645,0.7230214,512,474
103,geometric_skeleton,qa_rendered_geometric_centerline_record_v1.0,50,291.807,342.807,0.57104992,0.72474949,512,474
103,geometric_skeleton,qa_rendered_geometric_centerline_record_v1.0,51,294.882,343.0,0.57706913,0.72515856,512,474
103,geometric_skeleton,qa_rendered_geometric_centerline_record_v1.0,52,297.734,343.734,0.58265005,0.72671074,512,474
103,geometric_skeleton,qa_rendered_geometric_centerline_record_v1.0,53,300.552,344.552,0.58816353,0.72843883,512,474
103,geometric_skeleton,qa_rendered_geometric_centerline_record_v1.0,54,303.522,345.0,0.59397608,0.72938689,512,474
103,geometric_skeleton,qa_rendered_geometric_centerline_record_v1.0,55,306.479,345.479,0.59976366,0.73040007,512,474
103,geometric_skeleton,qa_rendered_geometric_centerline_record_v1.0,56,309.419,346.0,0.60551758,0.73150106,512,474
103,geometric_skeleton,qa_rendered_geometric_centerline_record_v1.0,57,312.575,346.0,0.61169362,0.73150106,512,474
103,geometric_skeleton,qa_rendered_geometric_centerline_record_v1.0,58,315.517,346.517,0.61745045,0.73259446,512,474
103,geometric_skeleton,qa_rendered_geometric_centerline_record_v1.0,59,317.749,348.749,0.62181757,0.73731243,512,474
103,geometric_skeleton,qa_rendered_geometric_centerline_record_v1.0,60,320.386,350.0,0.62697939,0.73995772,512,474
103,geometric_skeleton,qa_rendered_geometric_centerline_record_v1.0,61,323.542,350.0,0.63315543,0.73995772,512,474
103,geometric_skeleton,qa_rendered_geometric_centerline_record_v1.0,62,326.284,351.0,0.63852089,0.74207188,512,474
103,geometric_skeleton,qa_rendered_geometric_centerline_record_v1.0,63,329.44,351.0,0.64469693,0.74207188,512,474
103,geometric_skeleton,qa_rendered_geometric_centerline_record_v1.0,64,332.596,351.0,0.65087298,0.74207188,512,474
103,geometric_skeleton,qa_rendered_geometric_centerline_record_v1.0,65,335.752,351.0,0.65704902,0.74207188,512,474
103,geometric_skeleton,qa_rendered_geometric_centerline_record_v1.0,66,338.908,351.0,0.66322507,0.74207188,512,474
103,geometric_skeleton,qa_rendered_geometric_centerline_record_v1.0,67,342.064,351.0,0.66940112,0.74207188,512,474
103,geometric_skeleton,qa_rendered_geometric_centerline_record_v1.0,68,345.22,351.0,0.67557716,0.74207188,512,474
103,geometric_skeleton,qa_rendered_geometric_centerline_record_v1.0,69,348.376,351.0,0.68175321,0.74207188,512,474
103,geometric_skeleton,qa_rendered_geometric_centerline_record_v1.0,70,351.532,351.0,0.68792926,0.74207188,512,474
103,geometric_skeleton,qa_rendered_geometric_centerline_record_v1.0,71,354.486,351.486,0.69371107,0.74310012,512,474
103,geometric_skeleton,qa_rendered_geometric_centerline_record_v1.0,72,357.43,352.0,0.69947075,0.74418605,512,474
103,geometric_skeleton,qa_rendered_geometric_centerline_record_v1.0,73,360.586,352.0,0.7056468,0.74418605,512,474
103,geometric_skeleton,qa_rendered_geometric_centerline_record_v1.0,74,363.524,352.524,0.71139785,0.74529451,512,474
103,geometric_skeleton,qa_rendered_geometric_centerline_record_v1.0,75,366.483,353.0,0.7171883,0.74630021,512,474
103,geometric_skeleton,qa_rendered_geometric_centerline_record_v1.0,76,369.639,353.0,0.72336435,0.74630021,512,474
103,geometric_skeleton,qa_rendered_geometric_centerline_record_v1.0,77,372.562,353.562,0.72908464,0.7474889,512,474
103,geometric_skeleton,qa_rendered_geometric_centerline_record_v1.0,78,375.537,354.0,0.73490584,0.74841438,512,474
103,geometric_skeleton,qa_rendered_geometric_centerline_record_v1.0,79,378.693,354.0,0.74108189,0.74841438,512,474
103,geometric_skeleton,qa_rendered_geometric_centerline_record_v1.0,80,381.849,354.0,0.74725794,0.74841438,512,474
103,geometric_skeleton,qa_rendered_geometric_centerline_record_v1.0,81,384.71,354.71,0.75285807,0.74991644,512,474
103,geometric_skeleton,qa_rendered_geometric_centerline_record_v1.0,82,387.747,355.0,0.75879943,0.75052854,512,474
103,geometric_skeleton,qa_rendered_geometric_centerline_record_v1.0,83,390.902,355.0,0.76497548,0.75052854,512,474
103,geometric_skeleton,qa_rendered_geometric_centerline_record_v1.0,84,394.058,355.0,0.77115153,0.75052854,512,474
103,geometric_skeleton,qa_rendered_geometric_centerline_record_v1.0,85,397.214,355.0,0.77732757,0.75052854,512,474
103,geometric_skeleton,qa_rendered_geometric_centerline_record_v1.0,86,400.37,355.0,0.78350362,0.75052854,512,474
103,geometric_skeleton,qa_rendered_geometric_centerline_record_v1.0,87,403.526,355.0,0.78967967,0.75052854,512,474
103,geometric_skeleton,qa_rendered_geometric_centerline_record_v1.0,88,406.682,355.0,0.79585571,0.75052854,512,474
103,geometric_skeleton,qa_rendered_geometric_centerline_record_v1.0,89,409.424,356.0,0.80122116,0.75264271,512,474
103,geometric_skeleton,qa_rendered_geometric_centerline_record_v1.0,90,412.58,356.0,0.80739721,0.75264271,512,474
103,geometric_skeleton,qa_rendered_geometric_centerline_record_v1.0,91,415.736,356.0,0.81357326,0.75264271,512,474
103,geometric_skeleton,qa_rendered_geometric_centerline_record_v1.0,92,418.478,357.0,0.81893871,0.75475687,512,474
103,geometric_skeleton,qa_rendered_geometric_centerline_record_v1.0,93,421.219,358.0,0.82430416,0.75687104,512,474
103,geometric_skeleton,qa_rendered_geometric_centerline_record_v1.0,94,423.973,358.973,0.82969187,0.75892716,512,474
103,geometric_skeleton,qa_rendered_geometric_centerline_record_v1.0,95,426.204,361.204,0.83405899,0.76364513,512,474
103,geometric_skeleton,qa_rendered_geometric_centerline_record_v1.0,96,427.0,364.03,0.83561644,0.7696204,512,474
103,geometric_skeleton,qa_rendered_geometric_centerline_record_v1.0,97,427.0,367.186,0.83561644,0.77629262,512,474
103,geometric_skeleton,qa_rendered_geometric_centerline_record_v1.0,98,427.0,370.342,0.83561644,0.78296484,512,474
103,geometric_skeleton,qa_rendered_geometric_centerline_record_v1.0,99,426.041,373.151,0.83373932,0.78890285,512,474
103,geometric_skeleton,qa_rendered_geometric_centerline_record_v1.0,100,424.02,375.576,0.82978551,0.79402859,512,474
103,geometric_skeleton,qa_rendered_geometric_centerline_record_v1.0,101,422.0,378.0,0.8258317,0.79915433,512,474
104,geometric_skeleton,qa_rendered_geometric_centerline_record_v1.0,0,254.0,256.0,0.49706458,0.54122622,512,474
104,geometric_skeleton,qa_rendered_geometric_centerline_record_v1.0,1,256.797,257.399,0.50253865,0.54418314,512,474
104,geometric_skeleton,qa_rendered_geometric_centerline_record_v1.0,2,259.595,258.797,0.50801273,0.54714007,512,474
104,geometric_skeleton,qa_rendered_geometric_centerline_record_v1.0,3,262.674,259.0,0.51403927,0.54756871,512,474
104,geometric_skeleton,qa_rendered_geometric_centerline_record_v1.0,4,265.387,260.0,0.51934888,0.54968288,512,474
104,geometric_skeleton,qa_rendered_geometric_centerline_record_v1.0,5,268.1,261.0,0.52465849,0.55179704,512,474
104,geometric_skeleton,qa_rendered_geometric_centerline_record_v1.0,6,271.228,261.0,0.53077869,0.55179704,512,474
104,geometric_skeleton,qa_rendered_geometric_centerline_record_v1.0,7,274.355,261.0,0.53689889,0.55179704,512,474
104,geometric_skeleton,qa_rendered_geometric_centerline_record_v1.0,8,277.483,261.0,0.54301909,0.55179704,512,474
104,geometric_skeleton,qa_rendered_geometric_centerline_record_v1.0,9,280.61,261.0,0.5491393,0.55179704,512,474
104,geometric_skeleton,qa_rendered_geometric_centerline_record_v1.0,10,283.738,261.0,0.5552595,0.55179704,512,474
104,geometric_skeleton,qa_rendered_geometric_centerline_record_v1.0,11,286.865,261.0,0.5613797,0.55179704,512,474
104,geometric_skeleton,qa_rendered_geometric_centerline_record_v1.0,12,289.992,261.0,0.5674999,0.55179704,512,474
104,geometric_skeleton,qa_rendered_geometric_centerline_record_v1.0,13,293.085,260.915,0.5735514,0.55161784,512,474
104,geometric_skeleton,qa_rendered_geometric_centerline_record_v1.0,14,295.833,260.0,0.57892971,0.54968288,512,474
104,geometric_skeleton,qa_rendered_geometric_centerline_record_v1.0,15,298.961,260.0,0.58504992,0.54968288,512,474
104,geometric_skeleton,qa_rendered_geometric_centerline_record_v1.0,16,301.674,259.0,0.59035953,0.54756871,512,474
104,geometric_skeleton,qa_rendered_geometric_centerline_record_v1.0,17,304.801,259.0,0.59647973,0.54756871,512,474
104,geometric_skeleton,qa_rendered_geometric_centerline_record_v1.0,18,307.929,259.0,0.60259993,0.54756871,512,474
104,geometric_skeleton,qa_rendered_geometric_centerline_record_v1.0,19,311.04,258.96,0.60868804,0.54748501,512,474
104,geometric_skeleton,qa_rendered_geometric_centerline_record_v1.0,20,313.769,258.0,0.61402974,0.54545455,512,474
104,geometric_skeleton,qa_rendered_geometric_centerline_record_v1.0,21,316.897,258.0,0.62014994,0.54545455,512,474
104,geometric_skeleton,qa_rendered_geometric_centerline_record_v1.0,22,320.017,257.983,0.62625636,0.5454186,512,474
104,geometric_skeleton,qa_rendered_geometric_centerline_record_v1.0,23,322.737,257.0,0.63157975,0.54334038,512,474
104,geometric_skeleton,qa_rendered_geometric_centerline_record_v1.0,24,325.865,257.0,0.63769996,0.54334038,512,474
104,geometric_skeleton,qa_rendered_geometric_centerline_record_v1.0,25,328.992,257.0,0.64382016,0.54334038,512,474
104,geometric_skeleton,qa_rendered_geometric_centerline_record_v1.0,26,332.12,257.0,0.64994036,0.54334038,512,474
104,geometric_skeleton,qa_rendered_geometric_centerline_record_v1.0,27,335.247,257.0,0.65606056,0.54334038,512,474
104,geometric_skeleton,qa_rendered_geometric_centerline_record_v1.0,28,338.265,256.735,0.66196619,0.54278072,512,474
104,geometric_skeleton,qa_rendered_geometric_centerline_record_v1.0,29,341.088,256.0,0.66749038,0.54122622,512,474
104,geometric_skeleton,qa_rendered_geometric_centerline_record_v1.0,30,344.215,256.0,0.67361058,0.54122622,512,474
104,geometric_skeleton,qa_rendered_geometric_centerline_record_v1.0,31,347.342,256.0,0.67973078,0.54122622,512,474
104,geometric_skeleton,qa_rendered_geometric_centerline_record_v1.0,32,350.47,256.0,0.68585098,0.54122622,512,474
104,geometric_skeleton,qa_rendered_geometric_centerline_record_v1.0,33,353.597,256.0,0.69197119,0.54122622,512,474
104,geometric_skeleton,qa_rendered_geometric_centerline_record_v1.0,34,356.725,256.0,0.69809139,0.54122622,512,474
104,geometric_skeleton,qa_rendered_geometric_centerline_record_v1.0,35,359.603,255.397,0.70372317,0.53995234,512,474
104,geometric_skeleton,qa_rendered_geometric_centerline_record_v1.0,36,362.4,254.6,0.70919716,0.53826691,512,474
104,geometric_skeleton,qa_rendered_geometric_centerline_record_v1.0,37,365.279,254.0,0.71483081,0.53699789,512,474
104,geometric_skeleton,qa_rendered_geometric_centerline_record_v1.0,38,368.287,253.713,0.72071832,0.53639099,512,474
104,geometric_skeleton,qa_rendered_geometric_centerline_record_v1.0,39,371.084,252.916,0.72619231,0.53470556,512,474
104,geometric_skeleton,qa_rendered_geometric_centerline_record_v1.0,40,373.832,252.0,0.73157023,0.53276956,512,474
104,geometric_skeleton,qa_rendered_geometric_centerline_record_v1.0,41,376.546,251.0,0.73687983,0.53065539,512,474
104,geometric_skeleton,qa_rendered_geometric_centerline_record_v1.0,42,379.183,249.817,0.7420411,0.52815433,512,474
104,geometric_skeleton,qa_rendered_geometric_centerline_record_v1.0,43,381.558,248.0,0.74668846,0.5243129,512,474
104,geometric_skeleton,qa_rendered_geometric_centerline_record_v1.0,44,384.685,248.0,0.75280866,0.5243129,512,474
104,geometric_skeleton,qa_rendered_geometric_centerline_record_v1.0,45,387.813,248.0,0.75892886,0.5243129,512,474
104,geometric_skeleton,qa_rendered_geometric_centerline_record_v1.0,46,390.94,248.0,0.76504906,0.5243129,512,474
104,geometric_skeleton,qa_rendered_geometric_centerline_record_v1.0,47,394.067,248.0,0.77116927,0.5243129,512,474
104,geometric_skeleton,qa_rendered_geometric_centerline_record_v1.0,48,396.781,247.0,0.77647888,0.52219873,512,474
104,geometric_skeleton,qa_rendered_geometric_centerline_record_v1.0,49,399.908,247.0,0.78259908,0.52219873,512,474
104,geometric_skeleton,qa_rendered_geometric_centerline_record_v1.0,50,403.036,247.0,0.78871928,0.52219873,512,474
104,geometric_skeleton,qa_rendered_geometric_centerline_record_v1.0,51,406.163,247.0,0.79483948,0.52219873,512,474
104,geometric_skeleton,qa_rendered_geometric_centerline_record_v1.0,52,409.29,247.0,0.80095969,0.52219873,512,474
104,geometric_skeleton,qa_rendered_geometric_centerline_record_v1.0,53,412.418,247.0,0.80707989,0.52219873,512,474
104,geometric_skeleton,qa_rendered_geometric_centerline_record_v1.0,54,415.545,247.0,0.81320009,0.52219873,512,474
104,geometric_skeleton,qa_rendered_geometric_centerline_record_v1.0,55,418.673,247.0,0.81932029,0.52219873,512,474
104,geometric_skeleton,qa_rendered_geometric_centerline_record_v1.0,56,421.8,247.0,0.8254405,0.52219873,512,474
104,geometric_skeleton,qa_rendered_geometric_centerline_record_v1.0,57,424.928,247.0,0.8315607,0.52219873,512,474
104,geometric_skeleton,qa_rendered_geometric_centerline_record_v1.0,58,428.055,247.0,0.8376809,0.52219873,512,474
104,geometric_skeleton,qa_rendered_geometric_centerline_record_v1.0,59,431.182,247.0,0.8438011,0.52219873,512,474
104,geometric_skeleton,qa_rendered_geometric_centerline_record_v1.0,60,434.31,247.0,0.84992131,0.52219873,512,474
104,geometric_skeleton,qa_rendered_geometric_centerline_record_v1.0,61,437.437,247.0,0.85604151,0.52219873,512,474
104,geometric_skeleton,qa_rendered_geometric_centerline_record_v1.0,62,440.565,247.0,0.86216171,0.52219873,512,474
104,geometric_skeleton,qa_rendered_geometric_centerline_record_v1.0,63,443.489,246.511,0.86788524,0.52116415,512,474
104,geometric_skeleton,qa_rendered_geometric_centerline_record_v1.0,64,446.287,245.713,0.87335923,0.51947872,512,474
104,geometric_skeleton,qa_rendered_geometric_centerline_record_v1.0,65,449.118,245.0,0.87890113,0.5179704,512,474
104,geometric_skeleton,qa_rendered_geometric_centerline_record_v1.0,66,452.174,244.826,0.88488039,0.51760279,512,474
104,geometric_skeleton,qa_rendered_geometric_centerline_record_v1.0,67,454.959,244.0,0.89033094,0.51585624,512,474
104,geometric_skeleton,qa_rendered_geometric_centerline_record_v1.0,68,457.672,243.0,0.89564055,0.51374207,512,474
104,geometric_skeleton,qa_rendered_geometric_centerline_record_v1.0,69,460.386,242.0,0.90095016,0.51162791,512,474
104,geometric_skeleton,qa_rendered_geometric_centerline_record_v1.0,70,463.099,241.0,0.90625977,0.50951374,512,474
104,geometric_skeleton,qa_rendered_geometric_centerline_record_v1.0,71,466.226,241.0,0.91237997,0.50951374,512,474
104,geometric_skeleton,qa_rendered_geometric_centerline_record_v1.0,72,468.939,240.0,0.91768958,0.50739958,512,474
104,geometric_skeleton,qa_rendered_geometric_centerline_record_v1.0,73,472.067,240.0,0.92380978,0.50739958,512,474
104,geometric_skeleton,qa_rendered_geometric_centerline_record_v1.0,74,474.78,239.0,0.92911939,0.50528541,512,474
104,geometric_skeleton,qa_rendered_geometric_centerline_record_v1.0,75,477.907,239.0,0.93523959,0.50528541,512,474
104,geometric_skeleton,qa_rendered_geometric_centerline_record_v1.0,76,481.035,239.0,0.94135979,0.50528541,512,474
104,geometric_skeleton,qa_rendered_geometric_centerline_record_v1.0,77,484.115,238.885,0.94738698,0.50504282,512,474
104,geometric_skeleton,qa_rendered_geometric_centerline_record_v1.0,78,486.326,236.674,0.95171462,0.50036751,512,474
104,geometric_skeleton,qa_rendered_geometric_centerline_record_v1.0,79,488.538,234.462,0.95604225,0.49569219,512,474
104,geometric_skeleton,qa_rendered_geometric_centerline_record_v1.0,80,490.749,232.251,0.96036989,0.49101688,512,474
104,geometric_skeleton,qa_rendered_geometric_centerline_record_v1.0,81,492.96,230.04,0.96469753,0.48634157,512,474
104,geometric_skeleton,qa_rendered_geometric_centerline_record_v1.0,82,494.465,227.535,0.96764139,0.48104703,512,474
104,geometric_skeleton,qa_rendered_geometric_centerline_record_v1.0,83,496.53,225.204,0.97168383,0.47611913,512,474
104,geometric_skeleton,qa_rendered_geometric_centerline_record_v1.0,84,498.265,222.602,0.9750787,0.4706177,512,474
104,geometric_skeleton,qa_rendered_geometric_centerline_record_v1.0,85,500.0,220.0,0.97847358,0.46511628,512,474
105,geometric_skeleton,qa_rendered_geometric_centerline_record_v1.0,0,258.0,272.0,0.50489237,0.57505285,512,474
105,geometric_skeleton,qa_rendered_geometric_centerline_record_v1.0,1,261.075,272.439,0.51091071,0.57598169,512,474
105,geometric_skeleton,qa_rendered_geometric_centerline_record_v1.0,2,264.151,272.879,0.51692904,0.57691052,512,474
105,geometric_skeleton,qa_rendered_geometric_centerline_record_v1.0,3,266.59,274.59,0.5217027,0.58052871,512,474
105,geometric_skeleton,qa_rendered_geometric_centerline_record_v1.0,4,269.113,276.0,0.52663927,0.58350951,512,474
105,geometric_skeleton,qa_rendered_geometric_centerline_record_v1.0,5,271.862,276.862,0.53201985,0.58533223,512,474
105,geometric_skeleton,qa_rendered_geometric_centerline_record_v1.0,6,274.912,277.0,0.53798755,0.58562368,512,474
105,geometric_skeleton,qa_rendered_geometric_centerline_record_v1.0,7,278.018,277.0,0.54406699,0.58562368,512,474
105,geometric_skeleton,qa_rendered_geometric_centerline_record_v1.0,8,280.795,277.795,0.5495017,0.58730522,512,474
105,geometric_skeleton,qa_rendered_geometric_centerline_record_v1.0,9,283.578,278.578,0.55494687,0.58895951,512,474
105,geometric_skeleton,qa_rendered_geometric_centerline_record_v1.0,10,286.36,279.36,0.56039204,0.59061381,512,474
105,geometric_skeleton,qa_rendered_geometric_centerline_record_v1.0,11,289.143,280.143,0.5658372,0.5922681,512,474
105,geometric_skeleton,qa_rendered_geometric_centerline_record_v1.0,12,291.894,281.0,0.57122181,0.59408034,512,474
105,geometric_skeleton,qa_rendered_geometric_centerline_record_v1.0,13,294.587,282.0,0.57649065,0.5961945,512,474
105,geometric_skeleton,qa_rendered_geometric_centerline_record_v1.0,14,297.197,283.197,0.58159952,0.59872591,512,474
105,geometric_skeleton,qa_rendered_geometric_centerline_record_v1.0,15,299.557,285.0,0.58621775,0.602537,512,474
105,geometric_skeleton,qa_rendered_geometric_centerline_record_v1.0,16,302.25,286.0,0.59148659,0.60465116,512,474
105,geometric_skeleton,qa_rendered_geometric_centerline_record_v1.0,17,304.959,286.959,0.59678866,0.60667866,512,474
105,geometric_skeleton,qa_rendered_geometric_centerline_record_v1.0,18,308.049,287.0,0.60283487,0.60676533,512,474
105,geometric_skeleton,qa_rendered_geometric_centerline_record_v1.0,19,310.817,287.817,0.60825217,0.6084923,512,474
105,geometric_skeleton,qa_rendered_geometric_centerline_record_v1.0,20,313.848,288.0,0.61418316,0.60887949,512,474
105,geometric_skeleton,qa_rendered_geometric_centerline_record_v1.0,21,316.954,288.0,0.6202626,0.60887949,512,474
105,geometric_skeleton,qa_rendered_geometric_centerline_record_v1.0,22,320.061,288.0,0.62634204,0.60887949,512,474
105,geometric_skeleton,qa_rendered_geometric_centerline_record_v1.0,23,323.167,288.0,0.63242148,0.60887949,512,474
105,geometric_skeleton,qa_rendered_geometric_centerline_record_v1.0,24,326.274,288.0,0.63850091,0.60887949,512,474
105,geometric_skeleton,qa_rendered_geometric_centerline_record_v1.0,25,328.976,288.976,0.64378905,0.61094335,512,474
105,geometric_skeleton,qa_rendered_geometric_centerline_record_v1.0,26,332.073,289.0,0.6498492,0.61099366,512,474
105,geometric_skeleton,qa_rendered_geometric_centerline_record_v1.0,27,334.834,289.834,0.65525256,0.61275699,512,474
105,geometric_skeleton,qa_rendered_geometric_centerline_record_v1.0,28,337.872,290.0,0.66119748,0.61310782,512,474
105,geometric_skeleton,qa_rendered_geometric_centerline_record_v1.0,29,340.692,290.692,0.66671606,0.61457063,512,474
105,geometric_skeleton,qa_rendered_geometric_centerline_record_v1.0,30,343.671,291.0,0.67254577,0.61522199,512,474
105,geometric_skeleton,qa_rendered_geometric_centerline_record_v1.0,31,346.55,291.55,0.67817957,0.61638427,512,474
105,geometric_skeleton,qa_rendered_geometric_centerline_record_v1.0,32,349.47,292.0,0.68389405,0.61733615,512,474
105,geometric_skeleton,qa_rendered_geometric_centerline_record_v1.0,33,352.576,292.0,0.68997349,0.61733615,512,474
105,geometric_skeleton,qa_rendered_geometric_centerline_record_v1.0,34,355.683,292.0,0.69605293,0.61733615,512,474
105,geometric_skeleton,qa_rendered_geometric_centerline_record_v1.0,35,358.79,292.0,0.70213237,0.61733615,512,474
105,geometric_skeleton,qa_rendered_geometric_centerline_record_v1.0,36,361.896,292.0,0.7082118,0.61733615,512,474
105,geometric_skeleton,qa_rendered_geometric_centerline_record_v1.0,37,364.123,294.123,0.71257009,0.6218252,512,474
105,geometric_skeleton,qa_rendered_geometric_centerline_record_v1.0,38,366.867,295.0,0.7179389,0.62367865,512,474
105,geometric_skeleton,qa_rendered_geometric_centerline_record_v1.0,39,369.973,295.0,0.72401834,0.62367865,512,474
105,geometric_skeleton,qa_rendered_geometric_centerline_record_v1.0,40,373.08,295.0,0.73009778,0.62367865,512,474
105,geometric_skeleton,qa_rendered_geometric_centerline_record_v1.0,41,376.187,295.0,0.73617722,0.62367865,512,474
105,geometric_skeleton,qa_rendered_geometric_centerline_record_v1.0,42,379.293,295.0,0.74225666,0.62367865,512,474
105,geometric_skeleton,qa_rendered_geometric_centerline_record_v1.0,43,382.4,295.0,0.74833609,0.62367865,512,474
105,geometric_skeleton,qa_rendered_geometric_centerline_record_v1.0,44,385.506,295.0,0.75441553,0.62367865,512,474
105,geometric_skeleton,qa_rendered_geometric_centerline_record_v1.0,45,388.613,295.0,0.76049497,0.62367865,512,474
105,geometric_skeleton,qa_rendered_geometric_centerline_record_v1.0,46,391.72,295.0,0.76657441,0.62367865,512,474
105,geometric_skeleton,qa_rendered_geometric_centerline_record_v1.0,47,394.584,294.416,0.77218034,0.62244365,512,474
105,geometric_skeleton,qa_rendered_geometric_centerline_record_v1.0,48,397.518,294.0,0.77792269,0.62156448,512,474
105,geometric_skeleton,qa_rendered_geometric_centerline_record_v1.0,49,400.625,294.0,0.78400213,0.62156448,512,474
105,geometric_skeleton,qa_rendered_geometric_centerline_record_v1.0,50,403.732,294.0,0.79008157,0.62156448,512,474
105,geometric_skeleton,qa_rendered_geometric_centerline_record_v1.0,51,406.838,294.0,0.79616101,0.62156448,512,474
105,geometric_skeleton,qa_rendered_geometric_centerline_record_v1.0,52,409.945,294.0,0.80224045,0.62156448,512,474
105,geometric_skeleton,qa_rendered_geometric_centerline_record_v1.0,53,413.051,294.0,0.80831989,0.62156448,512,474
105,geometric_skeleton,qa_rendered_geometric_centerline_record_v1.0,54,416.158,294.0,0.81439933,0.62156448,512,474
105,geometric_skeleton,qa_rendered_geometric_centerline_record_v1.0,55,419.265,294.0,0.82047877,0.62156448,512,474
105,geometric_skeleton,qa_rendered_geometric_centerline_record_v1.0,56,422.371,294.0,0.82655821,0.62156448,512,474
105,geometric_skeleton,qa_rendered_geometric_centerline_record_v1.0,57,425.478,294.0,0.83263764,0.62156448,512,474
105,geometric_skeleton,qa_rendered_geometric_centerline_record_v1.0,58,428.584,294.0,0.83871708,0.62156448,512,474
105,geometric_skeleton,qa_rendered_geometric_centerline_record_v1.0,59,431.691,294.0,0.84479652,0.62156448,512,474
105,geometric_skeleton,qa_rendered_geometric_centerline_record_v1.0,60,434.798,294.0,0.85087596,0.62156448,512,474
105,geometric_skeleton,qa_rendered_geometric_centerline_record_v1.0,61,437.904,294.0,0.8569554,0.62156448,512,474
105,geometric_skeleton,qa_rendered_geometric_centerline_record_v1.0,62,441.011,294.0,0.86303484,0.62156448,512,474
105,geometric_skeleton,qa_rendered_geometric_centerline_record_v1.0,63,444.117,294.0,0.86911428,0.62156448,512,474
105,geometric_skeleton,qa_rendered_geometric_centerline_record_v1.0,64,447.224,294.0,0.87519372,0.62156448,512,474
105,geometric_skeleton,qa_rendered_geometric_centerline_record_v1.0,65,450.331,294.0,0.88127316,0.62156448,512,474
105,geometric_skeleton,qa_rendered_geometric_centerline_record_v1.0,66,453.437,294.0,0.88735259,0.62156448,512,474
105,geometric_skeleton,qa_rendered_geometric_centerline_record_v1.0,67,456.544,294.0,0.89343203,0.62156448,512,474
105,geometric_skeleton,qa_rendered_geometric_centerline_record_v1.0,68,459.65,294.0,0.89951147,0.62156448,512,474
105,geometric_skeleton,qa_rendered_geometric_centerline_record_v1.0,69,462.757,294.0,0.90559091,0.62156448,512,474
105,geometric_skeleton,qa_rendered_geometric_centerline_record_v1.0,70,465.611,293.389,0.91117538,0.62027353,512,474
105,geometric_skeleton,qa_rendered_geometric_centerline_record_v1.0,71,467.807,291.193,0.9154742,0.61562936,512,474
105,geometric_skeleton,qa_rendered_geometric_centerline_record_v1.0,72,470.004,288.996,0.91977301,0.61098518,512,474
105,geometric_skeleton,qa_rendered_geometric_centerline_record_v1.0,73,471.0,286.302,0.92172211,0.60528954,512,474
105,geometric_skeleton,qa_rendered_geometric_centerline_record_v1.0,74,471.0,283.195,0.92172211,0.59872169,512,474
105,geometric_skeleton,qa_rendered_geometric_centerline_record_v1.0,75,471.644,280.356,0.92298305,0.5927181,512,474
105,geometric_skeleton,qa_rendered_geometric_centerline_record_v1.0,76,473.0,277.811,0.92563601,0.58733742,512,474
105,geometric_skeleton,qa_rendered_geometric_centerline_record_v1.0,77,473.0,274.704,0.92563601,0.58076957,512,474
105,geometric_skeleton,qa_rendered_geometric_centerline_record_v1.0,78,473.553,271.711,0.92671723,0.57444148,512,474
105,geometric_skeleton,qa_rendered_geometric_centerline_record_v1.0,79,474.776,268.855,0.92911204,0.56840467,512,474
105,geometric_skeleton,qa_rendered_geometric_centerline_record_v1.0,80,476.0,266.0,0.93150685,0.56236786,512,474
107,geometric_skeleton,qa_rendered_geometric_centerline_record_v1.0,0,152.0,254.0,0.29745597,0.53699789,512,474
107,geometric_skeleton,qa_rendered_geometric_centerline_record_v1.0,1,155.24,253.537,0.3037961,0.53601939,512,474
107,geometric_skeleton,qa_rendered_geometric_centerline_record_v1.0,2,158.48,253.074,0.31013623,0.53504089,512,474
107,geometric_skeleton,qa_rendered_geometric_centerline_record_v1.0,3,160.942,254.942,0.31495585,0.53899036,512,474
107,geometric_skeleton,qa_rendered_geometric_centerline_record_v1.0,4,163.777,256.0,0.3205031,0.54122622,512,474
107,geometric_skeleton,qa_rendered_geometric_centerline_record_v1.0,5,167.05,256.0,0.32690759,0.54122622,512,474
107,geometric_skeleton,qa_rendered_geometric_centerline_record_v1.0,6,170.228,256.228,0.33312725,0.5417083,512,474
107,geometric_skeleton,qa_rendered_geometric_centerline_record_v1.0,7,173.128,257.128,0.33880227,0.54361091,512,474
107,geometric_skeleton,qa_rendered_geometric_centerline_record_v1.0,8,176.028,258.028,0.34447729,0.54551352,512,474
107,geometric_skeleton,qa_rendered_geometric_centerline_record_v1.0,9,178.898,259.0,0.3500938,0.54756871,512,474
107,geometric_skeleton,qa_rendered_geometric_centerline_record_v1.0,10,182.121,259.121,0.3564005,0.54782379,512,474
107,geometric_skeleton,qa_rendered_geometric_centerline_record_v1.0,11,185.029,260.0,0.3620922,0.54968288,512,474
107,geometric_skeleton,qa_rendered_geometric_centerline_record_v1.0,12,188.302,260.0,0.3684967,0.54968288,512,474
107,geometric_skeleton,qa_rendered_geometric_centerline_record_v1.0,13,191.575,260.0,0.37490119,0.54968288,512,474
107,geometric_skeleton,qa_rendered_geometric_centerline_record_v1.0,14,194.847,260.0,0.38130569,0.54968288,512,474
107,geometric_skeleton,qa_rendered_geometric_centerline_record_v1.0,15,197.792,260.792,0.38706828,0.55135707,512,474
107,geometric_skeleton,qa_rendered_geometric_centerline_record_v1.0,16,200.978,261.0,0.39330409,0.55179704,512,474
107,geometric_skeleton,qa_rendered_geometric_centerline_record_v1.0,17,204.251,261.0,0.39970859,0.55179704,512,474
107,geometric_skeleton,qa_rendered_geometric_centerline_record_v1.0,18,207.524,261.0,0.40611308,0.55179704,512,474
107,geometric_skeleton,qa_rendered_geometric_centerline_record_v1.0,19,210.796,261.0,0.41251758,0.55179704,512,474
107,geometric_skeleton,qa_rendered_geometric_centerline_record_v1.0,20,214.069,261.0,0.41892208,0.55179704,512,474
107,geometric_skeleton,qa_rendered_geometric_centerline_record_v1.0,21,217.342,261.0,0.42532657,0.55179704,512,474
107,geometric_skeleton,qa_rendered_geometric_centerline_record_v1.0,22,220.615,261.0,0.43173107,0.55179704,512,474
107,geometric_skeleton,qa_rendered_geometric_centerline_record_v1.0,23,223.887,261.0,0.43813557,0.55179704,512,474
107,geometric_skeleton,qa_rendered_geometric_centerline_record_v1.0,24,227.113,261.113,0.44444837,0.55203619,512,474
107,geometric_skeleton,qa_rendered_geometric_centerline_record_v1.0,25,230.018,262.0,0.45013397,0.55391121,512,474
107,geometric_skeleton,qa_rendered_geometric_centerline_record_v1.0,26,233.206,262.206,0.45637158,0.55434647,512,474
107,geometric_skeleton,qa_rendered_geometric_centerline_record_v1.0,27,236.15,263.0,0.46213237,0.55602537,512,474
107,geometric_skeleton,qa_rendered_geometric_centerline_record_v1.0,28,239.299,263.299,0.46829479,0.55665674,512,474
107,geometric_skeleton,qa_rendered_geometric_centerline_record_v1.0,29,242.281,264.0,0.47413077,0.55813953,512,474
107,geometric_skeleton,qa_rendered_geometric_centerline_record_v1.0,30,245.391,264.391,0.480218,0.55896701,512,474
107,geometric_skeleton,qa_rendered_geometric_centerline_record_v1.0,31,248.291,265.291,0.48589302,0.56086962,512,474
107,geometric_skeleton,qa_rendered_geometric_centerline_record_v1.0,32,251.191,266.191,0.49156803,0.56277223,512,474
107,geometric_skeleton,qa_rendered_geometric_centerline_record_v1.0,33,253.798,267.798,0.49666987,0.56616978,512,474
107,geometric_skeleton,qa_rendered_geometric_centerline_record_v1.0,34,256.573,269.0,0.50210028,0.56871036,512,474
107,geometric_skeleton,qa_rendered_geometric_centerline_record_v1.0,35,259.432,270.0,0.50769418,0.57082452,512,474
107,geometric_skeleton,qa_rendered_geometric_centerline_record_v1.0,36,262.29,271.0,0.51328809,0.57293869,512,474
107,geometric_skeleton,qa_rendered_geometric_centerline_record_v1.0,37,265.105,272.105,0.51879676,0.57527515,512,474
107,geometric_skeleton,qa_rendered_geometric_centerline_record_v1.0,38,267.593,274.0,0.5236653,0.57928118,512,474
107,geometric_skeleton,qa_rendered_geometric_centerline_record_v1.0,39,270.451,275.0,0.5292592,0.58139535,512,474
107,geometric_skeleton,qa_rendered_geometric_centerline_record_v1.0,40,272.926,276.926,0.53410228,0.58546779,512,474
107,geometric_skeleton,qa_rendered_geometric_centerline_record_v1.0,41,275.826,277.826,0.5397773,0.5873704,512,474
107,geometric_skeleton,qa_rendered_geometric_centerline_record_v1.0,42,278.433,279.433,0.54487914,0.59076795,512,474
107,geometric_skeleton,qa_rendered_geometric_centerline_record_v1.0,43,281.04,281.04,0.54998098,0.59416549,512,474
107,geometric_skeleton,qa_rendered_geometric_centerline_record_v1.0,44,283.915,282.0,0.55560753,0.5961945,512,474
107,geometric_skeleton,qa_rendered_geometric_centerline_record_v1.0,45,286.774,283.0,0.56120143,0.59830867,512,474
107,geometric_skeleton,qa_rendered_geometric_centerline_record_v1.0,46,289.632,284.0,0.56679533,0.60042283,512,474
107,geometric_skeleton,qa_rendered_geometric_centerline_record_v1.0,47,292.491,285.0,0.57238924,0.602537,512,474
107,geometric_skeleton,qa_rendered_geometric_centerline_record_v1.0,48,295.349,286.0,0.57798314,0.60465116,512,474
107,geometric_skeleton,qa_rendered_geometric_centerline_record_v1.0,49,298.622,286.0,0.58438764,0.60465116,512,474
107,geometric_skeleton,qa_rendered_geometric_centerline_record_v1.0,50,301.481,287.0,0.58998154,0.60676533,512,474
107,geometric_skeleton,qa_rendered_geometric_centerline_record_v1.0,51,304.753,287.0,0.59638604,0.60676533,512,474
107,geometric_skeleton,qa_rendered_geometric_centerline_record_v1.0,52,308.026,287.0,0.60279053,0.60676533,512,474
107,geometric_skeleton,qa_rendered_geometric_centerline_record_v1.0,53,311.299,287.0,0.60919503,0.60676533,512,474
107,geometric_skeleton,qa_rendered_geometric_centerline_record_v1.0,54,314.571,287.0,0.61559953,0.60676533,512,474
107,geometric_skeleton,qa_rendered_geometric_centerline_record_v1.0,55,317.844,287.0,0.62200402,0.60676533,512,474
107,geometric_skeleton,qa_rendered_geometric_centerline_record_v1.0,56,321.117,287.0,0.62840852,0.60676533,512,474
107,geometric_skeleton,qa_rendered_geometric_centerline_record_v1.0,57,324.389,287.0,0.63481302,0.60676533,512,474
107,geometric_skeleton,qa_rendered_geometric_centerline_record_v1.0,58,327.662,287.0,0.64121751,0.60676533,512,474
107,geometric_skeleton,qa_rendered_geometric_centerline_record_v1.0,59,330.935,287.0,0.64762201,0.60676533,512,474
107,geometric_skeleton,qa_rendered_geometric_centerline_record_v1.0,60,333.854,287.854,0.65333437,0.60857054,512,474
107,geometric_skeleton,qa_rendered_geometric_centerline_record_v1.0,61,336.238,290.0,0.65799922,0.61310782,512,474
107,geometric_skeleton,qa_rendered_geometric_centerline_record_v1.0,62,339.51,290.0,0.66440372,0.61310782,512,474
107,geometric_skeleton,qa_rendered_geometric_centerline_record_v1.0,63,342.783,290.0,0.67080822,0.61310782,512,474
107,geometric_skeleton,qa_rendered_geometric_centerline_record_v1.0,64,346.056,290.0,0.67721271,0.61310782,512,474
107,geometric_skeleton,qa_rendered_geometric_centerline_record_v1.0,65,349.328,290.0,0.68361721,0.61310782,512,474
107,geometric_skeleton,qa_rendered_geometric_centerline_record_v1.0,66,352.601,290.0,0.69002171,0.61310782,512,474
107,geometric_skeleton,qa_rendered_geometric_centerline_record_v1.0,67,355.874,290.0,0.6964262,0.61310782,512,474
107,geometric_skeleton,qa_rendered_geometric_centerline_record_v1.0,68,358.732,291.0,0.70202011,0.61522199,512,474
107,geometric_skeleton,qa_rendered_geometric_centerline_record_v1.0,69,362.004,291.004,0.70842175,0.61522942,512,474
107,geometric_skeleton,qa_rendered_geometric_centerline_record_v1.0,70,364.863,292.0,0.71401851,0.61733615,512,474
107,geometric_skeleton,qa_rendered_geometric_centerline_record_v1.0,71,367.722,293.0,0.71961241,0.61945032,512,474
107,geometric_skeleton,qa_rendered_geometric_centerline_record_v1.0,72,370.58,294.0,0.72520631,0.62156448,512,474
107,geometric_skeleton,qa_rendered_geometric_centerline_record_v1.0,73,373.31,295.31,0.73054864,0.62433479,512,474
107,geometric_skeleton,qa_rendered_geometric_centerline_record_v1.0,74,375.883,297.0,0.73558352,0.62790698,512,474
107,geometric_skeleton,qa_rendered_geometric_centerline_record_v1.0,75,378.327,299.0,0.74036683,0.63213531,512,474
107,geometric_skeleton,qa_rendered_geometric_centerline_record_v1.0,76,381.186,300.0,0.74596074,0.63424947,512,474
107,geometric_skeleton,qa_rendered_geometric_centerline_record_v1.0,77,383.739,301.739,0.750956,0.63792498,512,474
107,geometric_skeleton,qa_rendered_geometric_centerline_record_v1.0,78,386.638,302.638,0.75663102,0.63982759,512,474
107,geometric_skeleton,qa_rendered_geometric_centerline_record_v1.0,79,389.761,303.0,0.76274244,0.64059197,512,474
107,geometric_skeleton,qa_rendered_geometric_centerline_record_v1.0,80,392.731,303.731,0.76855423,0.64213786,512,474
107,geometric_skeleton,qa_rendered_geometric_centerline_record_v1.0,81,395.338,305.338,0.77365607,0.64553541,512,474
107,geometric_skeleton,qa_rendered_geometric_centerline_record_v1.0,82,398.238,306.238,0.77933108,0.64743802,512,474
107,geometric_skeleton,qa_rendered_geometric_centerline_record_v1.0,83,401.138,307.138,0.7850061,0.64934063,512,474
107,geometric_skeleton,qa_rendered_geometric_centerline_record_v1.0,84,403.745,308.745,0.79010794,0.65273817,512,474
107,geometric_skeleton,qa_rendered_geometric_centerline_record_v1.0,85,406.498,310.0,0.79549527,0.65539112,512,474
107,geometric_skeleton,qa_rendered_geometric_centerline_record_v1.0,86,409.357,311.0,0.80108917,0.65750529,512,474
107,geometric_skeleton,qa_rendered_geometric_centerline_record_v1.0,87,412.152,312.152,0.80655981,0.65994094,512,474
107,geometric_skeleton,qa_rendered_geometric_centerline_record_v1.0,88,414.659,314.0,0.81146638,0.66384778,512,474
107,geometric_skeleton,qa_rendered_geometric_centerline_record_v1.0,89,417.518,315.0,0.81706028,0.66596195,512,474
107,geometric_skeleton,qa_rendered_geometric_centerline_record_v1.0,90,420.791,315.0,0.82346478,0.66596195,512,474
107,geometric_skeleton,qa_rendered_geometric_centerline_record_v1.0,91,424.063,315.0,0.82986928,0.66596195,512,474
107,geometric_skeleton,qa_rendered_geometric_centerline_record_v1.0,92,427.336,315.0,0.83627377,0.66596195,512,474
107,geometric_skeleton,qa_rendered_geometric_centerline_record_v1.0,93,430.609,315.0,0.84267827,0.66596195,512,474
107,geometric_skeleton,qa_rendered_geometric_centerline_record_v1.0,94,433.881,315.0,0.84908277,0.66596195,512,474
107,geometric_skeleton,qa_rendered_geometric_centerline_record_v1.0,95,436.523,313.477,0.85425265,0.66274185,512,474
107,geometric_skeleton,qa_rendered_geometric_centerline_record_v1.0,96,438.837,311.163,0.85878131,0.65784937,512,474
107,geometric_skeleton,qa_rendered_geometric_centerline_record_v1.0,97,441.151,308.849,0.86330997,0.65295688,512,474
107,geometric_skeleton,qa_rendered_geometric_centerline_record_v1.0,98,443.466,306.534,0.86783864,0.64806439,512,474
107,geometric_skeleton,qa_rendered_geometric_centerline_record_v1.0,99,445.188,304.495,0.87120967,0.64375233,512,474
107,geometric_skeleton,qa_rendered_geometric_centerline_record_v1.0,100,445.594,301.247,0.87200405,0.63688674,512,474
107,geometric_skeleton,qa_rendered_geometric_centerline_record_v1.0,101,446.0,298.0,0.87279843,0.63002114,512,474
110,geometric_skeleton,qa_rendered_geometric_centerline_record_v1.0,0,196.0,260.0,0.38356164,0.54968288,512,474
110,geometric_skeleton,qa_rendered_geometric_centerline_record_v1.0,1,198.711,258.193,0.3888667,0.54586204,512,474
110,geometric_skeleton,qa_rendered_geometric_centerline_record_v1.0,2,201.422,256.385,0.39417175,0.54204121,512,474
110,geometric_skeleton,qa_rendered_geometric_centerline_record_v1.0,3,204.563,256.0,0.40031922,0.54122622,512,474
110,geometric_skeleton,qa_rendered_geometric_centerline_record_v1.0,4,207.407,257.0,0.4058845,0.54334038,512,474
110,geometric_skeleton,qa_rendered_geometric_centerline_record_v1.0,5,210.665,257.0,0.41226038,0.54334038,512,474
110,geometric_skeleton,qa_rendered_geometric_centerline_record_v1.0,6,213.923,257.0,0.41863626,0.54334038,512,474
110,geometric_skeleton,qa_rendered_geometric_centerline_record_v1.0,7,217.128,257.128,0.42490828,0.54361127,512,474
110,geometric_skeleton,qa_rendered_geometric_centerline_record_v1.0,8,220.025,258.0,0.43057742,0.54545455,512,474
110,geometric_skeleton,qa_rendered_geometric_centerline_record_v1.0,9,223.283,258.0,0.4369533,0.54545455,512,474
110,geometric_skeleton,qa_rendered_geometric_centerline_record_v1.0,10,226.541,258.0,0.44332918,0.54545455,512,474
110,geometric_skeleton,qa_rendered_geometric_centerline_record_v1.0,11,229.799,258.0,0.44970506,0.54545455,512,474
110,geometric_skeleton,qa_rendered_geometric_centerline_record_v1.0,12,233.057,258.0,0.45608094,0.54545455,512,474
110,geometric_skeleton,qa_rendered_geometric_centerline_record_v1.0,13,235.93,258.93,0.46170284,0.54742104,512,474
110,geometric_skeleton,qa_rendered_geometric_centerline_record_v1.0,14,239.159,259.0,0.46802211,0.54756871,512,474
110,geometric_skeleton,qa_rendered_geometric_centerline_record_v1.0,15,242.003,260.0,0.47358739,0.54968288,512,474
110,geometric_skeleton,qa_rendered_geometric_centerline_record_v1.0,16,245.261,260.0,0.47996327,0.54968288,512,474
110,geometric_skeleton,qa_rendered_geometric_centerline_record_v1.0,17,248.519,260.0,0.48633915,0.54968288,512,474
110,geometric_skeleton,qa_rendered_geometric_centerline_record_v1.0,18,251.777,260.0,0.49271503,0.54968288,512,474
110,geometric_skeleton,qa_rendered_geometric_centerline_record_v1.0,19,255.035,260.0,0.49909091,0.54968288,512,474
110,geometric_skeleton,qa_rendered_geometric_centerline_record_v1.0,20,258.294,260.0,0.50546679,0.54968288,512,474
110,geometric_skeleton,qa_rendered_geometric_centerline_record_v1.0,21,261.137,261.0,0.51103207,0.55179704,512,474
110,geometric_skeleton,qa_rendered_geometric_centerline_record_v1.0,22,263.981,262.0,0.51659736,0.55391121,512,474
110,geometric_skeleton,qa_rendered_geometric_centerline_record_v1.0,23,267.239,262.0,0.52297323,0.55391121,512,474
110,geometric_skeleton,qa_rendered_geometric_centerline_record_v1.0,24,270.083,263.0,0.52853852,0.55602537,512,474
110,geometric_skeleton,qa_rendered_geometric_centerline_record_v1.0,25,272.927,264.0,0.5341038,0.55813953,512,474
110,geometric_skeleton,qa_rendered_geometric_centerline_record_v1.0,26,276.185,264.0,0.54047968,0.55813953,512,474
110,geometric_skeleton,qa_rendered_geometric_centerline_record_v1.0,27,279.443,264.0,0.54685556,0.55813953,512,474
110,geometric_skeleton,qa_rendered_geometric_centerline_record_v1.0,28,282.701,264.0,0.55323144,0.55813953,512,474
110,geometric_skeleton,qa_rendered_geometric_centerline_record_v1.0,29,285.959,264.0,0.55960732,0.55813953,512,474
110,geometric_skeleton,qa_rendered_geometric_centerline_record_v1.0,30,289.217,264.0,0.5659832,0.55813953,512,474
110,geometric_skeleton,qa_rendered_geometric_centerline_record_v1.0,31,292.336,263.664,0.57208654,0.55742871,512,474
110,geometric_skeleton,qa_rendered_geometric_centerline_record_v1.0,32,295.319,263.0,0.57792436,0.55602537,512,474
110,geometric_skeleton,qa_rendered_geometric_centerline_record_v1.0,33,298.408,262.592,0.58396928,0.55516215,512,474
110,geometric_skeleton,qa_rendered_geometric_centerline_record_v1.0,34,301.421,262.0,0.58986553,0.55391121,512,474
110,geometric_skeleton,qa_rendered_geometric_centerline_record_v1.0,35,304.48,261.52,0.59585201,0.5528956,512,474
110,geometric_skeleton,qa_rendered_geometric_centerline_record_v1.0,36,307.523,261.0,0.60180669,0.55179704,512,474
110,geometric_skeleton,qa_rendered_geometric_centerline_record_v1.0,37,310.781,261.0,0.60818257,0.55179704,512,474
110,geometric_skeleton,qa_rendered_geometric_centerline_record_v1.0,38,314.039,261.0,0.61455845,0.55179704,512,474
110,geometric_skeleton,qa_rendered_geometric_centerline_record_v1.0,39,317.297,261.0,0.62093433,0.55179704,512,474
110,geometric_skeleton,qa_rendered_geometric_centerline_record_v1.0,40,320.556,261.0,0.62731021,0.55179704,512,474
110,geometric_skeleton,qa_rendered_geometric_centerline_record_v1.0,41,323.814,261.0,0.63368609,0.55179704,512,474
110,geometric_skeleton,qa_rendered_geometric_centerline_record_v1.0,42,327.072,261.0,0.64006197,0.55179704,512,474
110,geometric_skeleton,qa_rendered_geometric_centerline_record_v1.0,43,330.33,261.0,0.64643785,0.55179704,512,474
110,geometric_skeleton,qa_rendered_geometric_centerline_record_v1.0,44,333.588,261.0,0.65281373,0.55179704,512,474
110,geometric_skeleton,qa_rendered_geometric_centerline_record_v1.0,45,336.846,261.0,0.6591896,0.55179704,512,474
110,geometric_skeleton,qa_rendered_geometric_centerline_record_v1.0,46,340.104,261.0,0.66556548,0.55179704,512,474
110,geometric_skeleton,qa_rendered_geometric_centerline_record_v1.0,47,343.362,261.0,0.67194136,0.55179704,512,474
110,geometric_skeleton,qa_rendered_geometric_centerline_record_v1.0,48,346.62,261.0,0.67831724,0.55179704,512,474
110,geometric_skeleton,qa_rendered_geometric_centerline_record_v1.0,49,349.878,261.0,0.68469312,0.55179704,512,474
110,geometric_skeleton,qa_rendered_geometric_centerline_record_v1.0,50,353.136,261.0,0.691069,0.55179704,512,474
110,geometric_skeleton,qa_rendered_geometric_centerline_record_v1.0,51,356.394,261.0,0.69744488,0.55179704,512,474
110,geometric_skeleton,qa_rendered_geometric_centerline_record_v1.0,52,359.652,261.0,0.70382076,0.55179704,512,474
110,geometric_skeleton,qa_rendered_geometric_centerline_record_v1.0,53,362.91,261.0,0.71019664,0.55179704,512,474
110,geometric_skeleton,qa_rendered_geometric_centerline_record_v1.0,54,365.754,260.0,0.71576192,0.54968288,512,474
110,geometric_skeleton,qa_rendered_geometric_centerline_record_v1.0,55,368.423,258.577,0.72098433,0.54667443,512,474
110,geometric_skeleton,qa_rendered_geometric_centerline_record_v1.0,56,371.028,257.0,0.7260819,0.54334038,512,474
110,geometric_skeleton,qa_rendered_geometric_centerline_record_v1.0,57,373.909,256.091,0.73172072,0.541418,512,474
110,geometric_skeleton,qa_rendered_geometric_centerline_record_v1.0,58,376.799,255.201,0.7373755,0.53953725,512,474
110,geometric_skeleton,qa_rendered_geometric_centerline_record_v1.0,59,379.688,254.312,0.74303028,0.53765651,512,474
110,geometric_skeleton,qa_rendered_geometric_centerline_record_v1.0,60,382.578,253.422,0.74868506,0.53577576,512,474
110,geometric_skeleton,qa_rendered_geometric_centerline_record_v1.0,61,385.661,253.0,0.75471892,0.53488372,512,474
110,geometric_skeleton,qa_rendered_geometric_centerline_record_v1.0,62,388.65,252.35,0.76056779,0.53350921,512,474
110,geometric_skeleton,qa_rendered_geometric_centerline_record_v1.0,63,391.54,251.46,0.76622257,0.53162847,512,474
110,geometric_skeleton,qa_rendered_geometric_centerline_record_v1.0,64,394.429,250.571,0.77187736,0.52974772,512,474
110,geometric_skeleton,qa_rendered_geometric_centerline_record_v1.0,65,397.026,248.974,0.77695896,0.52637203,512,474
110,geometric_skeleton,qa_rendered_geometric_centerline_record_v1.0,66,399.881,248.0,0.78254534,0.5243129,512,474
110,geometric_skeleton,qa_rendered_geometric_centerline_record_v1.0,67,402.31,246.0,0.78730003,0.52008457,512,474
110,geometric_skeleton,qa_rendered_geometric_centerline_record_v1.0,68,404.816,244.184,0.79220377,0.51624497,512,474
110,geometric_skeleton,qa_rendered_geometric_centerline_record_v1.0,69,407.413,242.587,0.79728537,0.51286929,512,474
110,geometric_skeleton,qa_rendered_geometric_centerline_record_v1.0,70,409.717,240.283,0.8017938,0.50799866,512,474
110,geometric_skeleton,qa_rendered_geometric_centerline_record_v1.0,71,412.02,237.98,0.80630223,0.50312804,512,474
110,geometric_skeleton,qa_rendered_geometric_centerline_record_v1.0,72,414.324,235.676,0.81081066,0.49825741,512,474
110,geometric_skeleton,qa_rendered_geometric_centerline_record_v1.0,73,416.888,234.0,0.81582818,0.49471459,512,474
110,geometric_skeleton,qa_rendered_geometric_centerline_record_v1.0,74,419.318,232.0,0.82058287,0.49048626,512,474
110,geometric_skeleton,qa_rendered_geometric_centerline_record_v1.0,75,422.576,232.0,0.82695875,0.49048626,512,474
110,geometric_skeleton,qa_rendered_geometric_centerline_record_v1.0,76,425.42,231.0,0.83252403,0.48837209,512,474
110,geometric_skeleton,qa_rendered_geometric_centerline_record_v1.0,77,428.678,231.0,0.83889991,0.48837209,512,474
110,geometric_skeleton,qa_rendered_geometric_centerline_record_v1.0,78,431.936,231.0,0.84527579,0.48837209,512,474
110,geometric_skeleton,qa_rendered_geometric_centerline_record_v1.0,79,434.78,232.0,0.85084108,0.49048626,512,474
110,geometric_skeleton,qa_rendered_geometric_centerline_record_v1.0,80,437.209,234.0,0.85559577,0.49471459,512,474
110,geometric_skeleton,qa_rendered_geometric_centerline_record_v1.0,81,439.745,235.745,0.86055733,0.49840337,512,474
110,geometric_skeleton,qa_rendered_geometric_centerline_record_v1.0,82,442.483,237.0,0.86591574,0.50105708,512,474
110,geometric_skeleton,qa_rendered_geometric_centerline_record_v1.0,83,445.327,238.0,0.87148103,0.50317125,512,474
110,geometric_skeleton,qa_rendered_geometric_centerline_record_v1.0,84,448.171,239.0,0.87704631,0.50528541,512,474
110,geometric_skeleton,qa_rendered_geometric_centerline_record_v1.0,85,451.015,240.0,0.8826116,0.50739958,512,474
110,geometric_skeleton,qa_rendered_geometric_centerline_record_v1.0,86,453.9,240.9,0.88825805,0.50930204,512,474
110,geometric_skeleton,qa_rendered_geometric_centerline_record_v1.0,87,456.789,241.789,0.89391283,0.51118279,512,474
110,geometric_skeleton,qa_rendered_geometric_centerline_record_v1.0,88,458.767,244.342,0.89778295,0.51658012,512,474
110,geometric_skeleton,qa_rendered_geometric_centerline_record_v1.0,89,460.384,247.171,0.90094627,0.52256068,512,474
110,geometric_skeleton,qa_rendered_geometric_centerline_record_v1.0,90,462.0,250.0,0.90410959,0.52854123,512,474
111,geometric_skeleton,qa_rendered_geometric_centerline_record_v1.0,0,240.0,212.0,0.46966732,0.44820296,512,474
111,geometric_skeleton,qa_rendered_geometric_centerline_record_v1.0,1,243.0,213.714,0.47553765,0.45182693,512,474
111,geometric_skeleton,qa_rendered_geometric_centerline_record_v1.0,2,245.999,215.428,0.48140798,0.45545089,512,474
111,geometric_skeleton,qa_rendered_geometric_centerline_record_v1.0,3,248.921,216.921,0.48712539,0.45860693,512,474
111,geometric_skeleton,qa_rendered_geometric_centerline_record_v1.0,4,251.95,217.95,0.49305261,0.46078199,512,474
111,geometric_skeleton,qa_rendered_geometric_centerline_record_v1.0,5,255.384,218.0,0.49977314,0.46088795,512,474
111,geometric_skeleton,qa_rendered_geometric_centerline_record_v1.0,6,258.839,218.0,0.5065343,0.46088795,512,474
111,geometric_skeleton,qa_rendered_geometric_centerline_record_v1.0,7,261.88,219.0,0.51248487,0.46300211,512,474
111,geometric_skeleton,qa_rendered_geometric_centerline_record_v1.0,8,265.335,219.0,0.51924603,0.46300211,512,474
111,geometric_skeleton,qa_rendered_geometric_centerline_record_v1.0,9,268.375,220.0,0.52519659,0.46511628,512,474
111,geometric_skeleton,qa_rendered_geometric_centerline_record_v1.0,10,271.83,220.0,0.53195775,0.46511628,512,474
111,geometric_skeleton,qa_rendered_geometric_centerline_record_v1.0,11,274.871,221.0,0.53790832,0.46723044,512,474
111,geometric_skeleton,qa_rendered_geometric_centerline_record_v1.0,12,277.912,222.0,0.54385888,0.46934461,512,474
111,geometric_skeleton,qa_rendered_geometric_centerline_record_v1.0,13,280.953,223.0,0.54980945,0.47145877,512,474
111,geometric_skeleton,qa_rendered_geometric_centerline_record_v1.0,14,283.993,224.0,0.55576001,0.47357294,512,474
111,geometric_skeleton,qa_rendered_geometric_centerline_record_v1.0,15,286.731,225.731,0.56111785,0.47723303,512,474
111,geometric_skeleton,qa_rendered_geometric_centerline_record_v1.0,16,289.661,227.0,0.56685055,0.47991543,512,474
111,geometric_skeleton,qa_rendered_geometric_centerline_record_v1.0,17,292.496,228.496,0.5723991,0.4830781,512,474
111,geometric_skeleton,qa_rendered_geometric_centerline_record_v1.0,18,295.232,230.232,0.57775314,0.48674811,512,474
111,geometric_skeleton,qa_rendered_geometric_centerline_record_v1.0,19,297.954,232.0,0.58308105,0.49048626,512,474
111,geometric_skeleton,qa_rendered_geometric_centerline_record_v1.0,20,300.581,234.0,0.58822103,0.49471459,512,474
111,geometric_skeleton,qa_rendered_geometric_centerline_record_v1.0,21,303.207,236.0,0.593361,0.49894292,512,474
111,geometric_skeleton,qa_rendered_geometric_centerline_record_v1.0,22,305.883,237.883,0.59859612,0.50292308,512,474
111,geometric_skeleton,qa_rendered_geometric_centerline_record_v1.0,23,308.619,239.619,0.60395016,0.50659309,512,474
111,geometric_skeleton,qa_rendered_geometric_centerline_record_v1.0,24,311.354,241.354,0.60930419,0.51026309,512,474
111,geometric_skeleton,qa_rendered_geometric_centerline_record_v1.0,25,314.09,243.09,0.61465823,0.5139331,512,474
111,geometric_skeleton,qa_rendered_geometric_centerline_record_v1.0,26,317.119,244.119,0.62058545,0.51610817,512,474
111,geometric_skeleton,qa_rendered_geometric_centerline_record_v1.0,27,319.855,245.855,0.62593948,0.51977817,512,474
111,geometric_skeleton,qa_rendered_geometric_centerline_record_v1.0,28,322.591,247.591,0.63129352,0.52344818,512,474
111,geometric_skeleton,qa_rendered_geometric_centerline_record_v1.0,29,325.462,249.0,0.63691255,0.52642706,512,474
111,geometric_skeleton,qa_rendered_geometric_centerline_record_v1.0,30,328.503,250.0,0.64286311,0.52854123,512,474
111,geometric_skeleton,qa_rendered_geometric_centerline_record_v1.0,31,331.544,251.0,0.64881368,0.53065539,512,474
111,geometric_skeleton,qa_rendered_geometric_centerline_record_v1.0,32,334.585,252.0,0.65476424,0.53276956,512,474
111,geometric_skeleton,qa_rendered_geometric_centerline_record_v1.0,33,338.028,252.028,0.66150277,0.53282858,512,474
111,geometric_skeleton,qa_rendered_geometric_centerline_record_v1.0,34,341.057,253.057,0.66742999,0.53500364,512,474
111,geometric_skeleton,qa_rendered_geometric_centerline_record_v1.0,35,344.121,254.0,0.67342653,0.53699789,512,474
111,geometric_skeleton,qa_rendered_geometric_centerline_record_v1.0,36,347.407,254.407,0.67985759,0.53785884,512,474
111,geometric_skeleton,qa_rendered_geometric_centerline_record_v1.0,37,350.436,255.436,0.68578481,0.5400339,512,474
111,geometric_skeleton,qa_rendered_geometric_centerline_record_v1.0,38,353.657,256.0,0.69208882,0.54122622,512,474
111,geometric_skeleton,qa_rendered_geometric_centerline_record_v1.0,39,356.787,256.787,0.69821241,0.5428891,512,474
111,geometric_skeleton,qa_rendered_geometric_centerline_record_v1.0,40,360.153,257.0,0.70480054,0.54334038,512,474
111,geometric_skeleton,qa_rendered_geometric_centerline_record_v1.0,41,363.194,258.0,0.71075111,0.54545455,512,474
111,geometric_skeleton,qa_rendered_geometric_centerline_record_v1.0,42,366.649,258.0,0.71751227,0.54545455,512,474
111,geometric_skeleton,qa_rendered_geometric_centerline_record_v1.0,43,370.104,258.0,0.72427343,0.54545455,512,474
111,geometric_skeleton,qa_rendered_geometric_centerline_record_v1.0,44,373.144,259.0,0.73022399,0.54756871,512,474
111,geometric_skeleton,qa_rendered_geometric_centerline_record_v1.0,45,376.599,259.0,0.73698515,0.54756871,512,474
111,geometric_skeleton,qa_rendered_geometric_centerline_record_v1.0,46,379.64,260.0,0.74293572,0.54968288,512,474
111,geometric_skeleton,qa_rendered_geometric_centerline_record_v1.0,47,382.681,261.0,0.74888628,0.55179704,512,474
111,geometric_skeleton,qa_rendered_geometric_centerline_record_v1.0,48,385.722,262.0,0.75483685,0.55391121,512,474
111,geometric_skeleton,qa_rendered_geometric_centerline_record_v1.0,49,389.125,262.125,0.76149679,0.55417518,512,474
111,geometric_skeleton,qa_rendered_geometric_centerline_record_v1.0,50,392.154,263.154,0.76742401,0.55635025,512,474
111,geometric_skeleton,qa_rendered_geometric_centerline_record_v1.0,51,395.182,264.182,0.77335122,0.55852532,512,474
111,geometric_skeleton,qa_rendered_geometric_centerline_record_v1.0,52,398.211,265.211,0.77927844,0.56070038,512,474
111,geometric_skeleton,qa_rendered_geometric_centerline_record_v1.0,53,401.24,266.24,0.78520565,0.56287545,512,474
111,geometric_skeleton,qa_rendered_geometric_centerline_record_v1.0,54,404.38,267.0,0.79135083,0.56448203,512,474
111,geometric_skeleton,qa_rendered_geometric_centerline_record_v1.0,55,407.591,267.591,0.79763326,0.56573064,512,474
111,geometric_skeleton,qa_rendered_geometric_centerline_record_v1.0,56,410.619,268.619,0.80356047,0.56790571,512,474
111,geometric_skeleton,qa_rendered_geometric_centerline_record_v1.0,57,413.355,270.355,0.80891451,0.57157572,512,474
111,geometric_skeleton,qa_rendered_geometric_centerline_record_v1.0,58,416.384,271.384,0.81484172,0.57375078,512,474
111,geometric_skeleton,qa_rendered_geometric_centerline_record_v1.0,59,419.413,272.413,0.82076894,0.57592585,512,474
111,geometric_skeleton,qa_rendered_geometric_centerline_record_v1.0,60,422.442,273.442,0.82669615,0.57810092,512,474
111,geometric_skeleton,qa_rendered_geometric_centerline_record_v1.0,61,425.471,274.471,0.83262337,0.58027599,512,474
111,geometric_skeleton,qa_rendered_geometric_centerline_record_v1.0,62,428.499,275.499,0.83855058,0.58245105,512,474
111,geometric_skeleton,qa_rendered_geometric_centerline_record_v1.0,63,431.528,276.528,0.8444778,0.58462612,512,474
111,geometric_skeleton,qa_rendered_geometric_centerline_record_v1.0,64,434.557,277.557,0.85040501,0.58680119,512,474
111,geometric_skeleton,qa_rendered_geometric_centerline_record_v1.0,65,437.293,279.293,0.85575905,0.59047119,512,474
111,geometric_skeleton,qa_rendered_geometric_centerline_record_v1.0,66,440.029,281.029,0.86111309,0.5941412,512,474
111,geometric_skeleton,qa_rendered_geometric_centerline_record_v1.0,67,443.058,282.058,0.8670403,0.59631627,512,474
111,geometric_skeleton,qa_rendered_geometric_centerline_record_v1.0,68,445.794,283.794,0.87239434,0.59998627,512,474
111,geometric_skeleton,qa_rendered_geometric_centerline_record_v1.0,69,448.749,285.0,0.87817752,0.602537,512,474
111,geometric_skeleton,qa_rendered_geometric_centerline_record_v1.0,70,451.558,286.558,0.88367559,0.60583135,512,474
111,geometric_skeleton,qa_rendered_geometric_centerline_record_v1.0,71,454.416,288.0,0.88926806,0.60887949,512,474
111,geometric_skeleton,qa_rendered_geometric_centerline_record_v1.0,72,457.323,289.323,0.89495685,0.61167642,512,474
111,geometric_skeleton,qa_rendered_geometric_centerline_record_v1.0,73,460.059,291.059,0.90031088,0.61534643,512,474
111,geometric_skeleton,qa_rendered_geometric_centerline_record_v1.0,74,462.71,293.0,0.90549857,0.61945032,512,474
111,geometric_skeleton,qa_rendered_geometric_centerline_record_v1.0,75,465.336,295.0,0.91063854,0.62367865,512,474
111,geometric_skeleton,qa_rendered_geometric_centerline_record_v1.0,76,467.974,296.974,0.91579982,0.62785139,512,474
111,geometric_skeleton,qa_rendered_geometric_centerline_record_v1.0,77,471.004,298.0,0.92172907,0.63002114,512,474
111,geometric_skeleton,qa_rendered_geometric_centerline_record_v1.0,78,474.459,298.0,0.92849023,0.63002114,512,474
111,geometric_skeleton,qa_rendered_geometric_centerline_record_v1.0,79,477.913,298.0,0.93525139,0.63002114,512,474
111,geometric_skeleton,qa_rendered_geometric_centerline_record_v1.0,80,481.368,298.0,0.94201255,0.63002114,512,474
111,geometric_skeleton,qa_rendered_geometric_centerline_record_v1.0,81,484.823,298.0,0.94877371,0.63002114,512,474
111,geometric_skeleton,qa_rendered_geometric_centerline_record_v1.0,82,487.611,296.389,0.95422899,0.62661519,512,474
111,geometric_skeleton,qa_rendered_geometric_centerline_record_v1.0,83,490.054,293.946,0.95900985,0.62145024,512,474
111,geometric_skeleton,qa_rendered_geometric_centerline_record_v1.0,84,492.497,291.503,0.96379071,0.6162853,512,474
111,geometric_skeleton,qa_rendered_geometric_centerline_record_v1.0,85,494.94,289.06,0.96857158,0.61112035,512,474
111,geometric_skeleton,qa_rendered_geometric_centerline_record_v1.0,86,498.102,288.644,0.97475871,0.6102411,512,474
111,geometric_skeleton,qa_rendered_geometric_centerline_record_v1.0,87,499.051,285.322,0.97661615,0.6032178,512,474
111,geometric_skeleton,qa_rendered_geometric_centerline_record_v1.0,88,500.0,282.0,0.97847358,0.5961945,512,474
112,geometric_skeleton,qa_rendered_geometric_centerline_record_v1.0,0,150.0,276.0,0.29354207,0.58350951,512,474
112,geometric_skeleton,qa_rendered_geometric_centerline_record_v1.0,1,153.061,276.0,0.29953221,0.58350951,512,474
112,geometric_skeleton,qa_rendered_geometric_centerline_record_v1.0,2,156.122,276.0,0.30552234,0.58350951,512,474
112,geometric_skeleton,qa_rendered_geometric_centerline_record_v1.0,3,158.544,277.544,0.3102613,0.58677278,512,474
112,geometric_skeleton,qa_rendered_geometric_centerline_record_v1.0,4,160.708,279.708,0.31449696,0.59134873,512,474
112,geometric_skeleton,qa_rendered_geometric_centerline_record_v1.0,5,163.165,281.165,0.3193058,0.59442974,512,474
112,geometric_skeleton,qa_rendered_geometric_centerline_record_v1.0,6,165.88,282.0,0.3246193,0.5961945,512,474
112,geometric_skeleton,qa_rendered_geometric_centerline_record_v1.0,7,168.941,282.0,0.33060943,0.5961945,512,474
112,geometric_skeleton,qa_rendered_geometric_centerline_record_v1.0,8,172.002,282.0,0.33659957,0.5961945,512,474
112,geometric_skeleton,qa_rendered_geometric_centerline_record_v1.0,9,175.063,282.0,0.3425897,0.5961945,512,474
112,geometric_skeleton,qa_rendered_geometric_centerline_record_v1.0,10,178.124,282.0,0.34857983,0.5961945,512,474
112,geometric_skeleton,qa_rendered_geometric_centerline_record_v1.0,11,181.185,282.0,0.35456996,0.5961945,512,474
112,geometric_skeleton,qa_rendered_geometric_centerline_record_v1.0,12,184.246,282.0,0.3605601,0.5961945,512,474
112,geometric_skeleton,qa_rendered_geometric_centerline_record_v1.0,13,187.307,282.0,0.36655023,0.5961945,512,474
112,geometric_skeleton,qa_rendered_geometric_centerline_record_v1.0,14,190.368,282.0,0.37254036,0.5961945,512,474
112,geometric_skeleton,qa_rendered_geometric_centerline_record_v1.0,15,193.429,282.0,0.37853049,0.5961945,512,474
112,geometric_skeleton,qa_rendered_geometric_centerline_record_v1.0,16,196.49,282.0,0.38452062,0.5961945,512,474
112,geometric_skeleton,qa_rendered_geometric_centerline_record_v1.0,17,199.551,282.0,0.39051076,0.5961945,512,474
112,geometric_skeleton,qa_rendered_geometric_centerline_record_v1.0,18,202.612,282.0,0.39650089,0.5961945,512,474
112,geometric_skeleton,qa_rendered_geometric_centerline_record_v1.0,19,205.673,282.0,0.40249102,0.5961945,512,474
112,geometric_skeleton,qa_rendered_geometric_centerline_record_v1.0,20,208.734,282.0,0.40848115,0.5961945,512,474
112,geometric_skeleton,qa_rendered_geometric_centerline_record_v1.0,21,211.795,282.0,0.41447128,0.5961945,512,474
112,geometric_skeleton,qa_rendered_geometric_centerline_record_v1.0,22,214.856,282.0,0.42046142,0.5961945,512,474
112,geometric_skeleton,qa_rendered_geometric_centerline_record_v1.0,23,217.917,282.0,0.42645155,0.5961945,512,474
112,geometric_skeleton,qa_rendered_geometric_centerline_record_v1.0,24,220.978,282.0,0.43244168,0.5961945,512,474
112,geometric_skeleton,qa_rendered_geometric_centerline_record_v1.0,25,224.039,282.0,0.43843181,0.5961945,512,474
112,geometric_skeleton,qa_rendered_geometric_centerline_record_v1.0,26,227.1,282.0,0.44442195,0.5961945,512,474
112,geometric_skeleton,qa_rendered_geometric_centerline_record_v1.0,27,229.821,282.821,0.44974687,0.59792949,512,474
112,geometric_skeleton,qa_rendered_geometric_centerline_record_v1.0,28,232.571,283.571,0.45512888,0.59951556,512,474
112,geometric_skeleton,qa_rendered_geometric_centerline_record_v1.0,29,235.454,284.0,0.46077115,0.60042283,512,474
112,geometric_skeleton,qa_rendered_geometric_centerline_record_v1.0,30,238.515,284.0,0.46676129,0.60042283,512,474
112,geometric_skeleton,qa_rendered_geometric_centerline_record_v1.0,31,241.407,284.407,0.47242128,0.60128388,512,474
112,geometric_skeleton,qa_rendered_geometric_centerline_record_v1.0,32,244.223,285.0,0.47793096,0.602537,512,474
112,geometric_skeleton,qa_rendered_geometric_centerline_record_v1.0,33,247.201,285.201,0.48375849,0.60296108,512,474
112,geometric_skeleton,qa_rendered_geometric_centerline_record_v1.0,34,249.93,286.0,0.48910063,0.60465116,512,474
112,geometric_skeleton,qa_rendered_geometric_centerline_record_v1.0,35,252.991,286.0,0.49509076,0.60465116,512,474
112,geometric_skeleton,qa_rendered_geometric_centerline_record_v1.0,36,256.037,286.037,0.50105089,0.6047294,512,474
112,geometric_skeleton,qa_rendered_geometric_centerline_record_v1.0,37,258.699,287.0,0.50626043,0.60676533,512,474
112,geometric_skeleton,qa_rendered_geometric_centerline_record_v1.0,38,261.76,287.0,0.51225056,0.60676533,512,474
112,geometric_skeleton,qa_rendered_geometric_centerline_record_v1.0,39,264.407,288.0,0.5174301,0.60887949,512,474
112,geometric_skeleton,qa_rendered_geometric_centerline_record_v1.0,40,267.468,288.0,0.52342023,0.60887949,512,474
112,geometric_skeleton,qa_rendered_geometric_centerline_record_v1.0,41,270.114,289.0,0.52859977,0.61099366,512,474
112,geometric_skeleton,qa_rendered_geometric_centerline_record_v1.0,42,272.761,290.0,0.53377931,0.61310782,512,474
112,geometric_skeleton,qa_rendered_geometric_centerline_record_v1.0,43,275.408,291.0,0.53895885,0.61522199,512,474
112,geometric_skeleton,qa_rendered_geometric_centerline_record_v1.0,44,278.055,292.0,0.54413838,0.61733615,512,474
112,geometric_skeleton,qa_rendered_geometric_centerline_record_v1.0,45,281.116,292.0,0.55012852,0.61733615,512,474
112,geometric_skeleton,qa_rendered_geometric_centerline_record_v1.0,46,284.177,292.0,0.55611865,0.61733615,512,474
112,geometric_skeleton,qa_rendered_geometric_centerline_record_v1.0,47,287.238,292.0,0.56210878,0.61733615,512,474
112,geometric_skeleton,qa_rendered_geometric_centerline_record_v1.0,48,290.299,292.0,0.56809891,0.61733615,512,474
112,geometric_skeleton,qa_rendered_geometric_centerline_record_v1.0,49,293.36,292.0,0.57408904,0.61733615,512,474
112,geometric_skeleton,qa_rendered_geometric_centerline_record_v1.0,50,296.42,292.0,0.58007918,0.61733615,512,474
112,geometric_skeleton,qa_rendered_geometric_centerline_record_v1.0,51,299.481,292.0,0.58606931,0.61733615,512,474
112,geometric_skeleton,qa_rendered_geometric_centerline_record_v1.0,52,302.542,292.0,0.59205944,0.61733615,512,474
112,geometric_skeleton,qa_rendered_geometric_centerline_record_v1.0,53,305.603,292.0,0.59804957,0.61733615,512,474
112,geometric_skeleton,qa_rendered_geometric_centerline_record_v1.0,54,308.664,292.0,0.6040397,0.61733615,512,474
112,geometric_skeleton,qa_rendered_geometric_centerline_record_v1.0,55,311.725,292.0,0.61002984,0.61733615,512,474
112,geometric_skeleton,qa_rendered_geometric_centerline_record_v1.0,56,314.786,292.0,0.61601997,0.61733615,512,474
112,geometric_skeleton,qa_rendered_geometric_centerline_record_v1.0,57,317.847,292.0,0.6220101,0.61733615,512,474
112,geometric_skeleton,qa_rendered_geometric_centerline_record_v1.0,58,320.908,292.0,0.62800023,0.61733615,512,474
112,geometric_skeleton,qa_rendered_geometric_centerline_record_v1.0,59,323.969,292.0,0.63399037,0.61733615,512,474
112,geometric_skeleton,qa_rendered_geometric_centerline_record_v1.0,60,327.03,292.0,0.6399805,0.61733615,512,474
112,geometric_skeleton,qa_rendered_geometric_centerline_record_v1.0,61,330.091,292.0,0.64597063,0.61733615,512,474
112,geometric_skeleton,qa_rendered_geometric_centerline_record_v1.0,62,333.152,292.0,0.65196076,0.61733615,512,474
112,geometric_skeleton,qa_rendered_geometric_centerline_record_v1.0,63,336.213,292.0,0.65795089,0.61733615,512,474
112,geometric_skeleton,qa_rendered_geometric_centerline_record_v1.0,64,339.274,292.0,0.66394103,0.61733615,512,474
112,geometric_skeleton,qa_rendered_geometric_centerline_record_v1.0,65,342.335,292.0,0.66993116,0.61733615,512,474
112,geometric_skeleton,qa_rendered_geometric_centerline_record_v1.0,66,345.396,292.0,0.67592129,0.61733615,512,474
112,geometric_skeleton,qa_rendered_geometric_centerline_record_v1.0,67,348.457,292.0,0.68191142,0.61733615,512,474
112,geometric_skeleton,qa_rendered_geometric_centerline_record_v1.0,68,351.518,292.0,0.68790155,0.61733615,512,474
112,geometric_skeleton,qa_rendered_geometric_centerline_record_v1.0,69,354.579,292.0,0.69389169,0.61733615,512,474
112,geometric_skeleton,qa_rendered_geometric_centerline_record_v1.0,70,357.64,292.0,0.69988182,0.61733615,512,474
112,geometric_skeleton,qa_rendered_geometric_centerline_record_v1.0,71,360.286,293.0,0.70506136,0.61945032,512,474
112,geometric_skeleton,qa_rendered_geometric_centerline_record_v1.0,72,363.347,293.0,0.71105149,0.61945032,512,474
112,geometric_skeleton,qa_rendered_geometric_centerline_record_v1.0,73,366.408,293.0,0.71704162,0.61945032,512,474
112,geometric_skeleton,qa_rendered_geometric_centerline_record_v1.0,74,369.469,293.0,0.72303175,0.61945032,512,474
112,geometric_skeleton,qa_rendered_geometric_centerline_record_v1.0,75,372.53,293.0,0.72902189,0.61945032,512,474
112,geometric_skeleton,qa_rendered_geometric_centerline_record_v1.0,76,375.177,294.0,0.73420142,0.62156448,512,474
112,geometric_skeleton,qa_rendered_geometric_centerline_record_v1.0,77,378.238,294.0,0.74019156,0.62156448,512,474
112,geometric_skeleton,qa_rendered_geometric_centerline_record_v1.0,78,381.299,294.0,0.74618169,0.62156448,512,474
112,geometric_skeleton,qa_rendered_geometric_centerline_record_v1.0,79,384.36,294.0,0.75217182,0.62156448,512,474
112,geometric_skeleton,qa_rendered_geometric_centerline_record_v1.0,80,387.421,294.0,0.75816195,0.62156448,512,474
112,geometric_skeleton,qa_rendered_geometric_centerline_record_v1.0,81,390.068,295.0,0.76334149,0.62367865,512,474
112,geometric_skeleton,qa_rendered_geometric_centerline_record_v1.0,82,393.128,295.0,0.76933162,0.62367865,512,474
112,geometric_skeleton,qa_rendered_geometric_centerline_record_v1.0,83,395.775,296.0,0.77451116,0.62579281,512,474
112,geometric_skeleton,qa_rendered_geometric_centerline_record_v1.0,84,398.836,296.0,0.78050129,0.62579281,512,474
112,geometric_skeleton,qa_rendered_geometric_centerline_record_v1.0,85,401.483,297.0,0.78568083,0.62790698,512,474
112,geometric_skeleton,qa_rendered_geometric_centerline_record_v1.0,86,404.544,297.0,0.79167096,0.62790698,512,474
112,geometric_skeleton,qa_rendered_geometric_centerline_record_v1.0,87,407.605,297.0,0.7976611,0.62790698,512,474
112,geometric_skeleton,qa_rendered_geometric_centerline_record_v1.0,88,410.252,298.0,0.80284063,0.63002114,512,474
112,geometric_skeleton,qa_rendered_geometric_centerline_record_v1.0,89,413.313,298.0,0.80883077,0.63002114,512,474
112,geometric_skeleton,qa_rendered_geometric_centerline_record_v1.0,90,416.373,298.0,0.8148209,0.63002114,512,474
112,geometric_skeleton,qa_rendered_geometric_centerline_record_v1.0,91,419.434,298.0,0.82081103,0.63002114,512,474
112,geometric_skeleton,qa_rendered_geometric_centerline_record_v1.0,92,422.081,299.0,0.82599057,0.63213531,512,474
112,geometric_skeleton,qa_rendered_geometric_centerline_record_v1.0,93,425.142,299.0,0.8319807,0.63213531,512,474
112,geometric_skeleton,qa_rendered_geometric_centerline_record_v1.0,94,427.851,299.851,0.83728125,0.63393386,512,474
112,geometric_skeleton,qa_rendered_geometric_centerline_record_v1.0,95,430.85,300.0,0.84315037,0.63424947,512,474
112,geometric_skeleton,qa_rendered_geometric_centerline_record_v1.0,96,433.911,300.0,0.8491405,0.63424947,512,474
112,geometric_skeleton,qa_rendered_geometric_centerline_record_v1.0,97,436.972,300.0,0.85513063,0.63424947,512,474
112,geometric_skeleton,qa_rendered_geometric_centerline_record_v1.0,98,440.033,300.0,0.86112077,0.63424947,512,474
112,geometric_skeleton,qa_rendered_geometric_centerline_record_v1.0,99,443.094,300.0,0.8671109,0.63424947,512,474
112,geometric_skeleton,qa_rendered_geometric_centerline_record_v1.0,100,446.155,300.0,0.87310103,0.63424947,512,474
112,geometric_skeleton,qa_rendered_geometric_centerline_record_v1.0,101,448.86,300.86,0.87839442,0.6360667,512,474
112,geometric_skeleton,qa_rendered_geometric_centerline_record_v1.0,102,451.862,301.0,0.8842707,0.63636364,512,474
112,geometric_skeleton,qa_rendered_geometric_centerline_record_v1.0,103,454.653,301.653,0.88973163,0.63774389,512,474
112,geometric_skeleton,qa_rendered_geometric_centerline_record_v1.0,104,456.817,303.817,0.89396729,0.64231984,512,474
112,geometric_skeleton,qa_rendered_geometric_centerline_record_v1.0,105,458.982,305.982,0.89820295,0.64689579,512,474
112,geometric_skeleton,qa_rendered_geometric_centerline_record_v1.0,106,459.025,309.025,0.8982873,0.65332941,512,474
112,geometric_skeleton,qa_rendered_geometric_centerline_record_v1.0,107,460.0,311.682,0.90019569,0.6589468,512,474
112,geometric_skeleton,qa_rendered_geometric_centerline_record_v1.0,108,460.0,314.743,0.90019569,0.66541816,512,474
112,geometric_skeleton,qa_rendered_geometric_centerline_record_v1.0,109,460.568,317.568,0.9013079,0.67139183,512,474
112,geometric_skeleton,qa_rendered_geometric_centerline_record_v1.0,110,462.0,320.036,0.90410959,0.67660947,512,474
112,geometric_skeleton,qa_rendered_geometric_centerline_record_v1.0,111,462.0,323.097,0.90410959,0.68308084,512,474
112,geometric_skeleton,qa_rendered_geometric_centerline_record_v1.0,112,461.682,326.114,0.90348693,0.689458,512,474
112,geometric_skeleton,qa_rendered_geometric_centerline_record_v1.0,113,460.841,329.057,0.90184131,0.69568037,512,474
112,geometric_skeleton,qa_rendered_geometric_centerline_record_v1.0,114,460.0,332.0,0.90019569,0.70190275,512,474
114,geometric_skeleton,qa_rendered_geometric_centerline_record_v1.0,0,168.0,280.0,0.32876712,0.59196617,512,474
114,geometric_skeleton,qa_rendered_geometric_centerline_record_v1.0,1,171.108,280.0,0.33484892,0.59196617,512,474
114,geometric_skeleton,qa_rendered_geometric_centerline_record_v1.0,2,174.216,280.0,0.34093072,0.59196617,512,474
114,geometric_skeleton,qa_rendered_geometric_centerline_record_v1.0,3,176.643,281.643,0.3456808,0.59543952,512,474
114,geometric_skeleton,qa_rendered_geometric_centerline_record_v1.0,4,179.189,283.0,0.35066254,0.59830867,512,474
114,geometric_skeleton,qa_rendered_geometric_centerline_record_v1.0,5,182.296,283.0,0.35674434,0.59830867,512,474
114,geometric_skeleton,qa_rendered_geometric_centerline_record_v1.0,6,185.404,283.0,0.36282614,0.59830867,512,474
114,geometric_skeleton,qa_rendered_geometric_centerline_record_v1.0,7,188.512,283.0,0.36890794,0.59830867,512,474
114,geometric_skeleton,qa_rendered_geometric_centerline_record_v1.0,8,191.62,283.0,0.37498974,0.59830867,512,474
114,geometric_skeleton,qa_rendered_geometric_centerline_record_v1.0,9,194.728,283.0,0.38107154,0.59830867,512,474
114,geometric_skeleton,qa_rendered_geometric_centerline_record_v1.0,10,197.835,283.0,0.38715334,0.59830867,512,474
114,geometric_skeleton,qa_rendered_geometric_centerline_record_v1.0,11,200.943,283.0,0.39323514,0.59830867,512,474
114,geometric_skeleton,qa_rendered_geometric_centerline_record_v1.0,12,204.051,283.0,0.39931694,0.59830867,512,474
114,geometric_skeleton,qa_rendered_geometric_centerline_record_v1.0,13,207.159,283.0,0.40539874,0.59830867,512,474
114,geometric_skeleton,qa_rendered_geometric_centerline_record_v1.0,14,210.267,283.0,0.41148054,0.59830867,512,474
114,geometric_skeleton,qa_rendered_geometric_centerline_record_v1.0,15,213.374,283.0,0.41756234,0.59830867,512,474
114,geometric_skeleton,qa_rendered_geometric_centerline_record_v1.0,16,216.482,283.0,0.42364414,0.59830867,512,474
114,geometric_skeleton,qa_rendered_geometric_centerline_record_v1.0,17,219.59,283.0,0.42972594,0.59830867,512,474
114,geometric_skeleton,qa_rendered_geometric_centerline_record_v1.0,18,222.698,283.0,0.43580774,0.59830867,512,474
114,geometric_skeleton,qa_rendered_geometric_centerline_record_v1.0,19,225.806,283.0,0.44188954,0.59830867,512,474
114,geometric_skeleton,qa_rendered_geometric_centerline_record_v1.0,20,228.913,283.0,0.44797134,0.59830867,512,474
114,geometric_skeleton,qa_rendered_geometric_centerline_record_v1.0,21,232.021,283.0,0.45405314,0.59830867,512,474
114,geometric_skeleton,qa_rendered_geometric_centerline_record_v1.0,22,235.129,283.0,0.46013494,0.59830867,512,474
114,geometric_skeleton,qa_rendered_geometric_centerline_record_v1.0,23,238.237,283.0,0.46621674,0.59830867,512,474
114,geometric_skeleton,qa_rendered_geometric_centerline_record_v1.0,24,241.345,283.0,0.47229854,0.59830867,512,474
114,geometric_skeleton,qa_rendered_geometric_centerline_record_v1.0,25,244.452,283.0,0.47838034,0.59830867,512,474
114,geometric_skeleton,qa_rendered_geometric_centerline_record_v1.0,26,247.56,283.0,0.48446214,0.59830867,512,474
114,geometric_skeleton,qa_rendered_geometric_centerline_record_v1.0,27,250.668,283.0,0.49054394,0.59830867,512,474
114,geometric_skeleton,qa_rendered_geometric_centerline_record_v1.0,28,253.776,283.0,0.49662574,0.59830867,512,474
114,geometric_skeleton,qa_rendered_geometric_centerline_record_v1.0,29,256.884,283.0,0.50270754,0.59830867,512,474
114,geometric_skeleton,qa_rendered_geometric_centerline_record_v1.0,30,259.701,283.701,0.50822112,0.59979068,512,474
114,geometric_skeleton,qa_rendered_geometric_centerline_record_v1.0,31,262.685,284.0,0.51406054,0.60042283,512,474
114,geometric_skeleton,qa_rendered_geometric_centerline_record_v1.0,32,265.793,284.0,0.52014234,0.60042283,512,474
114,geometric_skeleton,qa_rendered_geometric_centerline_record_v1.0,33,268.901,284.0,0.52622414,0.60042283,512,474
114,geometric_skeleton,qa_rendered_geometric_centerline_record_v1.0,34,271.713,284.713,0.53172799,0.60193024,512,474
114,geometric_skeleton,qa_rendered_geometric_centerline_record_v1.0,35,274.496,285.496,0.53717482,0.60358633,512,474
114,geometric_skeleton,qa_rendered_geometric_centerline_record_v1.0,36,277.396,286.0,0.54284835,0.60465116,512,474
114,geometric_skeleton,qa_rendered_geometric_centerline_record_v1.0,37,280.356,286.356,0.54864167,0.60540358,512,474
114,geometric_skeleton,qa_rendered_geometric_centerline_record_v1.0,38,283.139,287.139,0.5540885,0.60705967,512,474
114,geometric_skeleton,qa_rendered_geometric_centerline_record_v1.0,39,285.89,288.0,0.55947257,0.60887949,512,474
114,geometric_skeleton,qa_rendered_geometric_centerline_record_v1.0,40,288.998,288.0,0.56555437,0.60887949,512,474
114,geometric_skeleton,qa_rendered_geometric_centerline_record_v1.0,41,291.692,289.0,0.57082557,0.61099366,512,474
114,geometric_skeleton,qa_rendered_geometric_centerline_record_v1.0,42,294.8,289.0,0.57690737,0.61099366,512,474
114,geometric_skeleton,qa_rendered_geometric_centerline_record_v1.0,43,297.907,289.0,0.58298917,0.61099366,512,474
114,geometric_skeleton,qa_rendered_geometric_centerline_record_v1.0,44,300.601,290.0,0.58826038,0.61310782,512,474
114,geometric_skeleton,qa_rendered_geometric_centerline_record_v1.0,45,303.709,290.0,0.59434218,0.61310782,512,474
114,geometric_skeleton,qa_rendered_geometric_centerline_record_v1.0,46,306.402,291.0,0.59961338,0.61522199,512,474
114,geometric_skeleton,qa_rendered_geometric_centerline_record_v1.0,47,309.096,292.0,0.60488459,0.61733615,512,474
114,geometric_skeleton,qa_rendered_geometric_centerline_record_v1.0,48,312.204,292.0,0.61096639,0.61733615,512,474
114,geometric_skeleton,qa_rendered_geometric_centerline_record_v1.0,49,314.897,293.0,0.61623759,0.61945032,512,474
114,geometric_skeleton,qa_rendered_geometric_centerline_record_v1.0,50,318.005,293.0,0.62231939,0.61945032,512,474
114,geometric_skeleton,qa_rendered_geometric_centerline_record_v1.0,51,321.113,293.0,0.62840119,0.61945032,512,474
114,geometric_skeleton,qa_rendered_geometric_centerline_record_v1.0,52,324.221,293.0,0.63448299,0.61945032,512,474
114,geometric_skeleton,qa_rendered_geometric_centerline_record_v1.0,53,327.329,293.0,0.64056479,0.61945032,512,474
114,geometric_skeleton,qa_rendered_geometric_centerline_record_v1.0,54,330.436,293.0,0.64664659,0.61945032,512,474
114,geometric_skeleton,qa_rendered_geometric_centerline_record_v1.0,55,333.544,293.0,0.65272839,0.61945032,512,474
114,geometric_skeleton,qa_rendered_geometric_centerline_record_v1.0,56,336.652,293.0,0.65881019,0.61945032,512,474
114,geometric_skeleton,qa_rendered_geometric_centerline_record_v1.0,57,339.76,293.0,0.66489199,0.61945032,512,474
114,geometric_skeleton,qa_rendered_geometric_centerline_record_v1.0,58,342.868,293.0,0.67097379,0.61945032,512,474
114,geometric_skeleton,qa_rendered_geometric_centerline_record_v1.0,59,345.975,293.0,0.67705559,0.61945032,512,474
114,geometric_skeleton,qa_rendered_geometric_centerline_record_v1.0,60,349.083,293.0,0.68313739,0.61945032,512,474
114,geometric_skeleton,qa_rendered_geometric_centerline_record_v1.0,61,352.191,293.0,0.68921919,0.61945032,512,474
114,geometric_skeleton,qa_rendered_geometric_centerline_record_v1.0,62,355.299,293.0,0.69530099,0.61945032,512,474
114,geometric_skeleton,qa_rendered_geometric_centerline_record_v1.0,63,358.407,293.0,0.70138279,0.61945032,512,474
114,geometric_skeleton,qa_rendered_geometric_centerline_record_v1.0,64,361.514,293.0,0.70746459,0.61945032,512,474
114,geometric_skeleton,qa_rendered_geometric_centerline_record_v1.0,65,364.622,293.0,0.71354639,0.61945032,512,474
114,geometric_skeleton,qa_rendered_geometric_centerline_record_v1.0,66,367.73,293.0,0.71962819,0.61945032,512,474
114,geometric_skeleton,qa_rendered_geometric_centerline_record_v1.0,67,370.838,293.0,0.72570999,0.61945032,512,474
114,geometric_skeleton,qa_rendered_geometric_centerline_record_v1.0,68,373.946,293.0,0.73179179,0.61945032,512,474
114,geometric_skeleton,qa_rendered_geometric_centerline_record_v1.0,69,377.053,293.0,0.73787359,0.61945032,512,474
114,geometric_skeleton,qa_rendered_geometric_centerline_record_v1.0,70,380.161,293.0,0.74395539,0.61945032,512,474
114,geometric_skeleton,qa_rendered_geometric_centerline_record_v1.0,71,383.19,293.19,0.749883,0.61985246,512,474
114,geometric_skeleton,qa_rendered_geometric_centerline_record_v1.0,72,385.388,295.388,0.75418349,0.62449844,512,474
114,geometric_skeleton,qa_rendered_geometric_centerline_record_v1.0,73,388.242,296.0,0.75976901,0.62579281,512,474
114,geometric_skeleton,qa_rendered_geometric_centerline_record_v1.0,74,391.35,296.0,0.76585081,0.62579281,512,474
114,geometric_skeleton,qa_rendered_geometric_centerline_record_v1.0,75,394.458,296.0,0.77193261,0.62579281,512,474
114,geometric_skeleton,qa_rendered_geometric_centerline_record_v1.0,76,397.565,296.0,0.77801441,0.62579281,512,474
114,geometric_skeleton,qa_rendered_geometric_centerline_record_v1.0,77,400.476,296.476,0.78371037,0.62679915,512,474
114,geometric_skeleton,qa_rendered_geometric_centerline_record_v1.0,78,403.259,297.259,0.7891572,0.62845524,512,474
114,geometric_skeleton,qa_rendered_geometric_centerline_record_v1.0,79,406.06,298.0,0.79463862,0.63002114,512,474
114,geometric_skeleton,qa_rendered_geometric_centerline_record_v1.0,80,409.119,298.119,0.80062405,0.63027249,512,474
114,geometric_skeleton,qa_rendered_geometric_centerline_record_v1.0,81,411.862,299.0,0.80599163,0.63213531,512,474
114,geometric_skeleton,qa_rendered_geometric_centerline_record_v1.0,82,414.555,300.0,0.81126283,0.63424947,512,474
114,geometric_skeleton,qa_rendered_geometric_centerline_record_v1.0,83,417.249,301.0,0.81653404,0.63636364,512,474
114,geometric_skeleton,qa_rendered_geometric_centerline_record_v1.0,84,419.942,302.0,0.82180524,0.6384778,512,474
114,geometric_skeleton,qa_rendered_geometric_centerline_record_v1.0,85,422.636,303.0,0.82707645,0.64059197,512,474
114,geometric_skeleton,qa_rendered_geometric_centerline_record_v1.0,86,425.744,303.0,0.83315825,0.64059197,512,474
114,geometric_skeleton,qa_rendered_geometric_centerline_record_v1.0,87,428.852,303.0,0.83924005,0.64059197,512,474
114,geometric_skeleton,qa_rendered_geometric_centerline_record_v1.0,88,431.545,304.0,0.84451125,0.64270613,512,474
114,geometric_skeleton,qa_rendered_geometric_centerline_record_v1.0,89,434.653,304.0,0.85059305,0.64270613,512,474
114,geometric_skeleton,qa_rendered_geometric_centerline_record_v1.0,90,437.761,304.0,0.85667485,0.64270613,512,474
114,geometric_skeleton,qa_rendered_geometric_centerline_record_v1.0,91,440.454,305.0,0.86194606,0.6448203,512,474
114,geometric_skeleton,qa_rendered_geometric_centerline_record_v1.0,92,443.562,305.0,0.86802786,0.6448203,512,474
114,geometric_skeleton,qa_rendered_geometric_centerline_record_v1.0,93,446.256,306.0,0.87329907,0.64693446,512,474
114,geometric_skeleton,qa_rendered_geometric_centerline_record_v1.0,94,449.364,306.0,0.87938087,0.64693446,512,474
114,geometric_skeleton,qa_rendered_geometric_centerline_record_v1.0,95,452.057,307.0,0.88465207,0.64904863,512,474
114,geometric_skeleton,qa_rendered_geometric_centerline_record_v1.0,96,454.824,307.824,0.89006612,0.65079024,512,474
114,geometric_skeleton,qa_rendered_geometric_centerline_record_v1.0,97,457.859,308.0,0.89600508,0.65116279,512,474
114,geometric_skeleton,qa_rendered_geometric_centerline_record_v1.0,98,460.966,308.0,0.90208688,0.65116279,512,474
114,geometric_skeleton,qa_rendered_geometric_centerline_record_v1.0,99,464.074,308.0,0.90816868,0.65116279,512,474
114,geometric_skeleton,qa_rendered_geometric_centerline_record_v1.0,100,467.182,308.0,0.91425048,0.65116279,512,474
114,geometric_skeleton,qa_rendered_geometric_centerline_record_v1.0,101,470.29,308.0,0.92033228,0.65116279,512,474
114,geometric_skeleton,qa_rendered_geometric_centerline_record_v1.0,102,472.988,308.988,0.92561301,0.65325211,512,474
114,geometric_skeleton,qa_rendered_geometric_centerline_record_v1.0,103,476.091,309.0,0.93168528,0.65327696,512,474
114,geometric_skeleton,qa_rendered_geometric_centerline_record_v1.0,104,478.555,310.555,0.93650668,0.6565643,512,474
114,geometric_skeleton,qa_rendered_geometric_centerline_record_v1.0,105,480.752,312.752,0.94080716,0.66121027,512,474
114,geometric_skeleton,qa_rendered_geometric_centerline_record_v1.0,106,482.95,314.95,0.94510764,0.66585625,512,474
114,geometric_skeleton,qa_rendered_geometric_centerline_record_v1.0,107,482.974,318.026,0.94515415,0.6723599,512,474
114,geometric_skeleton,qa_rendered_geometric_centerline_record_v1.0,108,482.0,320.731,0.94324853,0.67807755,512,474
114,geometric_skeleton,qa_rendered_geometric_centerline_record_v1.0,109,480.7,323.3,0.94070449,0.68350952,512,474
114,geometric_skeleton,qa_rendered_geometric_centerline_record_v1.0,110,479.0,325.704,0.93737769,0.68859121,512,474
114,geometric_skeleton,qa_rendered_geometric_centerline_record_v1.0,111,477.012,327.988,0.9334873,0.6934207,512,474
114,geometric_skeleton,qa_rendered_geometric_centerline_record_v1.0,112,476.229,330.771,0.93195436,0.69930512,512,474
114,geometric_skeleton,qa_rendered_geometric_centerline_record_v1.0,113,476.0,333.784,0.93150685,0.70567527,512,474
114,geometric_skeleton,qa_rendered_geometric_centerline_record_v1.0,114,476.0,336.892,0.93150685,0.71224567,512,474
114,geometric_skeleton,qa_rendered_geometric_centerline_record_v1.0,115,476.0,340.0,0.93150685,0.71881607,512,474
115,geometric_skeleton,qa_rendered_geometric_centerline_record_v1.0,0,196.0,284.0,0.38356164,0.60042283,512,474
115,geometric_skeleton,qa_rendered_geometric_centerline_record_v1.0,1,198.816,282.592,0.38907159,0.59744653,512,474
115,geometric_skeleton,qa_rendered_geometric_centerline_record_v1.0,2,201.631,281.184,0.39458154,0.59447022,512,474
115,geometric_skeleton,qa_rendered_geometric_centerline_record_v1.0,3,204.736,281.0,0.40065666,0.59408034,512,474
115,geometric_skeleton,qa_rendered_geometric_centerline_record_v1.0,4,207.883,281.0,0.40681697,0.59408034,512,474
115,geometric_skeleton,qa_rendered_geometric_centerline_record_v1.0,5,211.031,281.0,0.41297728,0.59408034,512,474
115,geometric_skeleton,qa_rendered_geometric_centerline_record_v1.0,6,214.179,281.0,0.41913759,0.59408034,512,474
115,geometric_skeleton,qa_rendered_geometric_centerline_record_v1.0,7,217.327,281.0,0.42529791,0.59408034,512,474
115,geometric_skeleton,qa_rendered_geometric_centerline_record_v1.0,8,220.475,281.0,0.43145822,0.59408034,512,474
115,geometric_skeleton,qa_rendered_geometric_centerline_record_v1.0,9,223.623,281.0,0.43761853,0.59408034,512,474
115,geometric_skeleton,qa_rendered_geometric_centerline_record_v1.0,10,226.771,281.0,0.44377884,0.59408034,512,474
115,geometric_skeleton,qa_rendered_geometric_centerline_record_v1.0,11,229.919,281.0,0.44993915,0.59408034,512,474
115,geometric_skeleton,qa_rendered_geometric_centerline_record_v1.0,12,233.067,281.0,0.45609946,0.59408034,512,474
115,geometric_skeleton,qa_rendered_geometric_centerline_record_v1.0,13,236.215,281.0,0.46225977,0.59408034,512,474
115,geometric_skeleton,qa_rendered_geometric_centerline_record_v1.0,14,239.363,281.0,0.46842008,0.59408034,512,474
115,geometric_skeleton,qa_rendered_geometric_centerline_record_v1.0,15,242.511,281.0,0.4745804,0.59408034,512,474
115,geometric_skeleton,qa_rendered_geometric_centerline_record_v1.0,16,245.659,281.0,0.48074071,0.59408034,512,474
115,geometric_skeleton,qa_rendered_geometric_centerline_record_v1.0,17,248.806,281.0,0.48690102,0.59408034,512,474
115,geometric_skeleton,qa_rendered_geometric_centerline_record_v1.0,18,251.954,281.0,0.49306133,0.59408034,512,474
115,geometric_skeleton,qa_rendered_geometric_centerline_record_v1.0,19,255.102,281.0,0.49922164,0.59408034,512,474
115,geometric_skeleton,qa_rendered_geometric_centerline_record_v1.0,20,258.25,281.0,0.50538195,0.59408034,512,474
115,geometric_skeleton,qa_rendered_geometric_centerline_record_v1.0,21,260.989,281.989,0.51074091,0.59617041,512,474
115,geometric_skeleton,qa_rendered_geometric_centerline_record_v1.0,22,264.132,282.0,0.51689198,0.5961945,512,474
115,geometric_skeleton,qa_rendered_geometric_centerline_record_v1.0,23,266.905,282.905,0.52231879,0.59810761,512,474
115,geometric_skeleton,qa_rendered_geometric_centerline_record_v1.0,24,270.013,283.0,0.52840201,0.59830867,512,474
115,geometric_skeleton,qa_rendered_geometric_centerline_record_v1.0,25,272.821,283.821,0.53389666,0.60004481,512,474
115,geometric_skeleton,qa_rendered_geometric_centerline_record_v1.0,26,275.895,284.0,0.53991204,0.60042283,512,474
115,geometric_skeleton,qa_rendered_geometric_centerline_record_v1.0,27,278.737,284.737,0.54547454,0.60198201,512,474
115,geometric_skeleton,qa_rendered_geometric_centerline_record_v1.0,28,281.549,285.549,0.55097689,0.60369808,512,474
115,geometric_skeleton,qa_rendered_geometric_centerline_record_v1.0,29,284.361,286.361,0.55647925,0.60541415,512,474
115,geometric_skeleton,qa_rendered_geometric_centerline_record_v1.0,30,287.244,287.0,0.5621215,0.60676533,512,474
115,geometric_skeleton,qa_rendered_geometric_centerline_record_v1.0,31,290.277,287.277,0.56805712,0.60735135,512,474
115,geometric_skeleton,qa_rendered_geometric_centerline_record_v1.0,32,293.126,288.0,0.57363153,0.60887949,512,474
115,geometric_skeleton,qa_rendered_geometric_centerline_record_v1.0,33,296.193,288.193,0.579635,0.60928855,512,474
115,geometric_skeleton,qa_rendered_geometric_centerline_record_v1.0,34,299.007,289.0,0.58514156,0.61099366,512,474
115,geometric_skeleton,qa_rendered_geometric_centerline_record_v1.0,35,302.11,289.11,0.59121288,0.61122576,512,474
115,geometric_skeleton,qa_rendered_geometric_centerline_record_v1.0,36,304.889,290.0,0.59665159,0.61310782,512,474
115,geometric_skeleton,qa_rendered_geometric_centerline_record_v1.0,37,308.037,290.0,0.6028119,0.61310782,512,474
115,geometric_skeleton,qa_rendered_geometric_centerline_record_v1.0,38,311.185,290.0,0.60897221,0.61310782,512,474
115,geometric_skeleton,qa_rendered_geometric_centerline_record_v1.0,39,314.333,290.0,0.61513252,0.61310782,512,474
115,geometric_skeleton,qa_rendered_geometric_centerline_record_v1.0,40,317.481,290.0,0.62129283,0.61310782,512,474
115,geometric_skeleton,qa_rendered_geometric_centerline_record_v1.0,41,320.629,290.0,0.62745314,0.61310782,512,474
115,geometric_skeleton,qa_rendered_geometric_centerline_record_v1.0,42,323.776,290.0,0.63361345,0.61310782,512,474
115,geometric_skeleton,qa_rendered_geometric_centerline_record_v1.0,43,326.924,290.0,0.63977377,0.61310782,512,474
115,geometric_skeleton,qa_rendered_geometric_centerline_record_v1.0,44,330.072,290.0,0.64593408,0.61310782,512,474
115,geometric_skeleton,qa_rendered_geometric_centerline_record_v1.0,45,333.22,290.0,0.65209439,0.61310782,512,474
115,geometric_skeleton,qa_rendered_geometric_centerline_record_v1.0,46,336.368,290.0,0.6582547,0.61310782,512,474
115,geometric_skeleton,qa_rendered_geometric_centerline_record_v1.0,47,339.516,290.0,0.66441501,0.61310782,512,474
115,geometric_skeleton,qa_rendered_geometric_centerline_record_v1.0,48,342.664,290.0,0.67057532,0.61310782,512,474
115,geometric_skeleton,qa_rendered_geometric_centerline_record_v1.0,49,345.812,290.0,0.67673563,0.61310782,512,474
115,geometric_skeleton,qa_rendered_geometric_centerline_record_v1.0,50,348.96,290.0,0.68289595,0.61310782,512,474
115,geometric_skeleton,qa_rendered_geometric_centerline_record_v1.0,51,352.108,290.0,0.68905626,0.61310782,512,474
115,geometric_skeleton,qa_rendered_geometric_centerline_record_v1.0,52,355.256,290.0,0.69521657,0.61310782,512,474
115,geometric_skeleton,qa_rendered_geometric_centerline_record_v1.0,53,358.404,290.0,0.70137688,0.61310782,512,474
115,geometric_skeleton,qa_rendered_geometric_centerline_record_v1.0,54,361.552,290.0,0.70753719,0.61310782,512,474
115,geometric_skeleton,qa_rendered_geometric_centerline_record_v1.0,55,364.699,290.0,0.7136975,0.61310782,512,474
115,geometric_skeleton,qa_rendered_geometric_centerline_record_v1.0,56,367.847,290.0,0.71985781,0.61310782,512,474
115,geometric_skeleton,qa_rendered_geometric_centerline_record_v1.0,57,370.995,290.0,0.72601812,0.61310782,512,474
115,geometric_skeleton,qa_rendered_geometric_centerline_record_v1.0,58,374.143,290.0,0.73217844,0.61310782,512,474
115,geometric_skeleton,qa_rendered_geometric_centerline_record_v1.0,59,377.291,290.0,0.73833875,0.61310782,512,474
115,geometric_skeleton,qa_rendered_geometric_centerline_record_v1.0,60,380.439,290.0,0.74449906,0.61310782,512,474
115,geometric_skeleton,qa_rendered_geometric_centerline_record_v1.0,61,382.829,291.829,0.7491766,0.61697514,512,474
115,geometric_skeleton,qa_rendered_geometric_centerline_record_v1.0,62,385.906,292.0,0.75519849,0.61733615,512,474
115,geometric_skeleton,qa_rendered_geometric_centerline_record_v1.0,63,389.054,292.0,0.7613588,0.61733615,512,474
115,geometric_skeleton,qa_rendered_geometric_centerline_record_v1.0,64,392.202,292.0,0.76751912,0.61733615,512,474
115,geometric_skeleton,qa_rendered_geometric_centerline_record_v1.0,65,395.248,292.248,0.77347871,0.61785966,512,474
115,geometric_skeleton,qa_rendered_geometric_centerline_record_v1.0,66,398.084,293.0,0.77902914,0.61945032,512,474
115,geometric_skeleton,qa_rendered_geometric_centerline_record_v1.0,67,401.164,293.164,0.78505659,0.61979686,512,474
115,geometric_skeleton,qa_rendered_geometric_centerline_record_v1.0,68,403.966,294.0,0.79053917,0.62156448,512,474
115,geometric_skeleton,qa_rendered_geometric_centerline_record_v1.0,69,407.113,294.0,0.79669948,0.62156448,512,474
115,geometric_skeleton,qa_rendered_geometric_centerline_record_v1.0,70,410.185,294.185,0.80270999,0.62195519,512,474
115,geometric_skeleton,qa_rendered_geometric_centerline_record_v1.0,71,412.995,295.0,0.80820951,0.62367865,512,474
115,geometric_skeleton,qa_rendered_geometric_centerline_record_v1.0,72,416.101,295.101,0.81428787,0.62389239,512,474
115,geometric_skeleton,qa_rendered_geometric_centerline_record_v1.0,73,418.877,296.0,0.81971954,0.62579281,512,474
115,geometric_skeleton,qa_rendered_geometric_centerline_record_v1.0,74,422.025,296.0,0.82587985,0.62579281,512,474
115,geometric_skeleton,qa_rendered_geometric_centerline_record_v1.0,75,425.122,296.122,0.83194128,0.62605072,512,474
115,geometric_skeleton,qa_rendered_geometric_centerline_record_v1.0,76,427.906,297.0,0.83738988,0.62790698,512,474
115,geometric_skeleton,qa_rendered_geometric_centerline_record_v1.0,77,431.038,297.038,0.84351916,0.62798793,512,474
115,geometric_skeleton,qa_rendered_geometric_centerline_record_v1.0,78,433.788,298.0,0.84889991,0.63002114,512,474
115,geometric_skeleton,qa_rendered_geometric_centerline_record_v1.0,79,436.936,298.0,0.85506022,0.63002114,512,474
115,geometric_skeleton,qa_rendered_geometric_centerline_record_v1.0,80,440.084,298.0,0.86122053,0.63002114,512,474
115,geometric_skeleton,qa_rendered_geometric_centerline_record_v1.0,81,443.164,298.164,0.86724809,0.63036739,512,474
115,geometric_skeleton,qa_rendered_geometric_centerline_record_v1.0,82,445.965,299.0,0.87273056,0.63213531,512,474
115,geometric_skeleton,qa_rendered_geometric_centerline_record_v1.0,83,449.113,299.0,0.87889087,0.63213531,512,474
115,geometric_skeleton,qa_rendered_geometric_centerline_record_v1.0,84,452.261,299.0,0.88505118,0.63213531,512,474
115,geometric_skeleton,qa_rendered_geometric_centerline_record_v1.0,85,455.289,299.289,0.89097702,0.63274685,512,474
115,geometric_skeleton,qa_rendered_geometric_centerline_record_v1.0,86,458.143,300.0,0.89656121,0.63424947,512,474
115,geometric_skeleton,qa_rendered_geometric_centerline_record_v1.0,87,461.206,300.206,0.9025549,0.63468405,512,474
115,geometric_skeleton,qa_rendered_geometric_centerline_record_v1.0,88,464.024,301.0,0.90807124,0.63636364,512,474
115,geometric_skeleton,qa_rendered_geometric_centerline_record_v1.0,89,467.172,301.0,0.91423155,0.63636364,512,474
115,geometric_skeleton,qa_rendered_geometric_centerline_record_v1.0,90,470.32,301.0,0.92039186,0.63636364,512,474
115,geometric_skeleton,qa_rendered_geometric_centerline_record_v1.0,91,473.331,301.331,0.92628384,0.63706351,512,474
115,geometric_skeleton,qa_rendered_geometric_centerline_record_v1.0,92,476.202,302.0,0.93190189,0.6384778,512,474
115,geometric_skeleton,qa_rendered_geometric_centerline_record_v1.0,93,479.247,302.247,0.93786171,0.63900071,512,474
115,geometric_skeleton,qa_rendered_geometric_centerline_record_v1.0,94,481.766,303.766,0.94279089,0.64221172,512,474
115,geometric_skeleton,qa_rendered_geometric_centerline_record_v1.0,95,483.992,305.992,0.94714689,0.64691767,512,474
115,geometric_skeleton,qa_rendered_geometric_centerline_record_v1.0,96,486.218,308.218,0.95150288,0.65162362,512,474
115,geometric_skeleton,qa_rendered_geometric_centerline_record_v1.0,97,488.444,310.444,0.95585888,0.65632957,512,474
115,geometric_skeleton,qa_rendered_geometric_centerline_record_v1.0,98,490.67,312.67,0.96021488,0.66103553,512,474
115,geometric_skeleton,qa_rendered_geometric_centerline_record_v1.0,99,492.896,314.896,0.96457088,0.66574148,512,474
115,geometric_skeleton,qa_rendered_geometric_centerline_record_v1.0,100,495.172,317.0,0.96902547,0.67019027,512,474
115,geometric_skeleton,qa_rendered_geometric_centerline_record_v1.0,101,497.52,318.213,0.97362025,0.6727552,512,474
115,geometric_skeleton,qa_rendered_geometric_centerline_record_v1.0,102,498.76,321.107,0.97604692,0.67887232,512,474
115,geometric_skeleton,qa_rendered_geometric_centerline_record_v1.0,103,500.0,324.0,0.97847358,0.68498943,512,474
117,geometric_skeleton,qa_rendered_geometric_centerline_record_v1.0,0,106.0,238.0,0.2074364,0.50317125,512,474
117,geometric_skeleton,qa_rendered_geometric_centerline_record_v1.0,1,108.693,239.539,0.21270683,0.50642487,512,474
117,geometric_skeleton,qa_rendered_geometric_centerline_record_v1.0,2,111.386,241.078,0.21797726,0.5096785,512,474
117,geometric_skeleton,qa_rendered_geometric_centerline_record_v1.0,3,114.243,242.0,0.22356828,0.51162791,512,474
117,geometric_skeleton,qa_rendered_geometric_centerline_record_v1.0,4,117.345,242.0,0.2296385,0.51162791,512,474
117,geometric_skeleton,qa_rendered_geometric_centerline_record_v1.0,5,120.023,243.023,0.23487925,0.51379132,512,474
117,geometric_skeleton,qa_rendered_geometric_centerline_record_v1.0,6,122.721,244.0,0.24015776,0.51585624,512,474
117,geometric_skeleton,qa_rendered_geometric_centerline_record_v1.0,7,125.822,244.0,0.24622798,0.51585624,512,474
117,geometric_skeleton,qa_rendered_geometric_centerline_record_v1.0,8,128.924,244.0,0.2522982,0.51585624,512,474
117,geometric_skeleton,qa_rendered_geometric_centerline_record_v1.0,9,132.026,244.0,0.25836842,0.51585624,512,474
117,geometric_skeleton,qa_rendered_geometric_centerline_record_v1.0,10,135.128,244.0,0.26443864,0.51585624,512,474
117,geometric_skeleton,qa_rendered_geometric_centerline_record_v1.0,11,138.23,244.0,0.27050887,0.51585624,512,474
117,geometric_skeleton,qa_rendered_geometric_centerline_record_v1.0,12,141.332,244.0,0.27657909,0.51585624,512,474
117,geometric_skeleton,qa_rendered_geometric_centerline_record_v1.0,13,144.434,244.0,0.28264931,0.51585624,512,474
117,geometric_skeleton,qa_rendered_geometric_centerline_record_v1.0,14,147.536,244.0,0.28871953,0.51585624,512,474
117,geometric_skeleton,qa_rendered_geometric_centerline_record_v1.0,15,150.638,244.0,0.29478975,0.51585624,512,474
117,geometric_skeleton,qa_rendered_geometric_centerline_record_v1.0,16,153.739,244.0,0.30085997,0.51585624,512,474
117,geometric_skeleton,qa_rendered_geometric_centerline_record_v1.0,17,156.841,244.0,0.30693019,0.51585624,512,474
117,geometric_skeleton,qa_rendered_geometric_centerline_record_v1.0,18,159.943,244.0,0.31300042,0.51585624,512,474
117,geometric_skeleton,qa_rendered_geometric_centerline_record_v1.0,19,163.045,244.0,0.31907064,0.51585624,512,474
117,geometric_skeleton,qa_rendered_geometric_centerline_record_v1.0,20,166.147,244.0,0.32514086,0.51585624,512,474
117,geometric_skeleton,qa_rendered_geometric_centerline_record_v1.0,21,169.249,244.0,0.33121108,0.51585624,512,474
117,geometric_skeleton,qa_rendered_geometric_centerline_record_v1.0,22,172.351,244.0,0.3372813,0.51585624,512,474
117,geometric_skeleton,qa_rendered_geometric_centerline_record_v1.0,23,175.453,244.0,0.34335152,0.51585624,512,474
117,geometric_skeleton,qa_rendered_geometric_centerline_record_v1.0,24,178.555,244.0,0.34942174,0.51585624,512,474
117,geometric_skeleton,qa_rendered_geometric_centerline_record_v1.0,25,181.656,244.0,0.35549197,0.51585624,512,474
117,geometric_skeleton,qa_rendered_geometric_centerline_record_v1.0,26,184.758,244.0,0.36156219,0.51585624,512,474
117,geometric_skeleton,qa_rendered_geometric_centerline_record_v1.0,27,187.86,244.0,0.36763241,0.51585624,512,474
117,geometric_skeleton,qa_rendered_geometric_centerline_record_v1.0,28,190.962,244.0,0.37370263,0.51585624,512,474
117,geometric_skeleton,qa_rendered_geometric_centerline_record_v1.0,29,194.064,244.0,0.37977285,0.51585624,512,474
117,geometric_skeleton,qa_rendered_geometric_centerline_record_v1.0,30,197.166,244.0,0.38584307,0.51585624,512,474
117,geometric_skeleton,qa_rendered_geometric_centerline_record_v1.0,31,200.268,244.0,0.39191329,0.51585624,512,474
117,geometric_skeleton,qa_rendered_geometric_centerline_record_v1.0,32,203.261,244.261,0.39777168,0.51640873,512,474
117,geometric_skeleton,qa_rendered_geometric_centerline_record_v1.0,33,206.04,245.04,0.40321033,0.51805598,512,474
117,geometric_skeleton,qa_rendered_geometric_centerline_record_v1.0,34,208.745,246.0,0.40850277,0.52008457,512,474
117,geometric_skeleton,qa_rendered_geometric_centerline_record_v1.0,35,211.847,246.0,0.41457299,0.52008457,512,474
117,geometric_skeleton,qa_rendered_geometric_centerline_record_v1.0,36,214.949,246.0,0.42064321,0.52008457,512,474
117,geometric_skeleton,qa_rendered_geometric_centerline_record_v1.0,37,217.636,247.0,0.42590284,0.52219873,512,474
117,geometric_skeleton,qa_rendered_geometric_centerline_record_v1.0,38,220.738,247.0,0.43197306,0.52219873,512,474
117,geometric_skeleton,qa_rendered_geometric_centerline_record_v1.0,39,223.84,247.0,0.43804328,0.52219873,512,474
117,geometric_skeleton,qa_rendered_geometric_centerline_record_v1.0,40,226.942,247.0,0.44411351,0.52219873,512,474
117,geometric_skeleton,qa_rendered_geometric_centerline_record_v1.0,41,230.031,247.031,0.45015857,0.52226434,512,474
117,geometric_skeleton,qa_rendered_geometric_centerline_record_v1.0,42,232.732,248.0,0.45544335,0.5243129,512,474
117,geometric_skeleton,qa_rendered_geometric_centerline_record_v1.0,43,235.833,248.0,0.46151358,0.5243129,512,474
117,geometric_skeleton,qa_rendered_geometric_centerline_record_v1.0,44,238.521,247.0,0.4667732,0.52219873,512,474
117,geometric_skeleton,qa_rendered_geometric_centerline_record_v1.0,45,241.623,247.0,0.47284343,0.52219873,512,474
117,geometric_skeleton,qa_rendered_geometric_centerline_record_v1.0,46,244.725,247.0,0.47891365,0.52219873,512,474
117,geometric_skeleton,qa_rendered_geometric_centerline_record_v1.0,47,247.827,247.0,0.48498387,0.52219873,512,474
117,geometric_skeleton,qa_rendered_geometric_centerline_record_v1.0,48,250.929,247.0,0.49105409,0.52219873,512,474
117,geometric_skeleton,qa_rendered_geometric_centerline_record_v1.0,49,254.031,247.0,0.49712431,0.52219873,512,474
117,geometric_skeleton,qa_rendered_geometric_centerline_record_v1.0,50,257.132,247.0,0.50319453,0.52219873,512,474
117,geometric_skeleton,qa_rendered_geometric_centerline_record_v1.0,51,260.166,246.834,0.50913047,0.52184848,512,474
117,geometric_skeleton,qa_rendered_geometric_centerline_record_v1.0,52,262.922,246.0,0.51452438,0.52008457,512,474
117,geometric_skeleton,qa_rendered_geometric_centerline_record_v1.0,53,266.024,246.0,0.5205946,0.52008457,512,474
117,geometric_skeleton,qa_rendered_geometric_centerline_record_v1.0,54,269.089,245.911,0.52659276,0.51989661,512,474
117,geometric_skeleton,qa_rendered_geometric_centerline_record_v1.0,55,271.813,245.0,0.53192445,0.5179704,512,474
117,geometric_skeleton,qa_rendered_geometric_centerline_record_v1.0,56,274.915,245.0,0.53799467,0.5179704,512,474
117,geometric_skeleton,qa_rendered_geometric_centerline_record_v1.0,57,278.017,245.0,0.5440649,0.5179704,512,474
117,geometric_skeleton,qa_rendered_geometric_centerline_record_v1.0,58,281.119,245.0,0.55013512,0.5179704,512,474
117,geometric_skeleton,qa_rendered_geometric_centerline_record_v1.0,59,284.221,245.0,0.55620534,0.5179704,512,474
117,geometric_skeleton,qa_rendered_geometric_centerline_record_v1.0,60,287.323,245.0,0.56227556,0.5179704,512,474
117,geometric_skeleton,qa_rendered_geometric_centerline_record_v1.0,61,290.425,245.0,0.56834578,0.5179704,512,474
117,geometric_skeleton,qa_rendered_geometric_centerline_record_v1.0,62,293.527,245.0,0.574416,0.5179704,512,474
117,geometric_skeleton,qa_rendered_geometric_centerline_record_v1.0,63,296.628,245.0,0.58048622,0.5179704,512,474
117,geometric_skeleton,qa_rendered_geometric_centerline_record_v1.0,64,299.73,245.0,0.58655645,0.5179704,512,474
117,geometric_skeleton,qa_rendered_geometric_centerline_record_v1.0,65,302.588,244.412,0.59214965,0.51672627,512,474
117,geometric_skeleton,qa_rendered_geometric_centerline_record_v1.0,66,305.52,244.0,0.59788629,0.51585624,512,474
117,geometric_skeleton,qa_rendered_geometric_centerline_record_v1.0,67,308.44,243.56,0.60360013,0.51492671,512,474
117,geometric_skeleton,qa_rendered_geometric_centerline_record_v1.0,68,311.309,243.0,0.60921614,0.51374207,512,474
117,geometric_skeleton,qa_rendered_geometric_centerline_record_v1.0,69,314.291,242.709,0.6150506,0.51312715,512,474
117,geometric_skeleton,qa_rendered_geometric_centerline_record_v1.0,70,317.099,242.0,0.62054599,0.51162791,512,474
117,geometric_skeleton,qa_rendered_geometric_centerline_record_v1.0,71,320.142,241.858,0.62650107,0.5113276,512,474
117,geometric_skeleton,qa_rendered_geometric_centerline_record_v1.0,72,322.889,241.0,0.63187584,0.50951374,512,474
117,geometric_skeleton,qa_rendered_geometric_centerline_record_v1.0,73,325.99,241.0,0.63794606,0.50951374,512,474
117,geometric_skeleton,qa_rendered_geometric_centerline_record_v1.0,74,329.092,241.0,0.64401628,0.50951374,512,474
117,geometric_skeleton,qa_rendered_geometric_centerline_record_v1.0,75,332.194,241.0,0.65008651,0.50951374,512,474
117,geometric_skeleton,qa_rendered_geometric_centerline_record_v1.0,76,335.296,241.0,0.65615673,0.50951374,512,474
117,geometric_skeleton,qa_rendered_geometric_centerline_record_v1.0,77,338.281,240.719,0.66199884,0.5089188,512,474
117,geometric_skeleton,qa_rendered_geometric_centerline_record_v1.0,78,341.061,239.939,0.66743749,0.50727155,512,474
117,geometric_skeleton,qa_rendered_geometric_centerline_record_v1.0,79,343.773,239.0,0.6727462,0.50528541,512,474
117,geometric_skeleton,qa_rendered_geometric_centerline_record_v1.0,80,346.875,239.0,0.67881642,0.50528541,512,474
117,geometric_skeleton,qa_rendered_geometric_centerline_record_v1.0,81,349.563,238.0,0.68407605,0.50317125,512,474
117,geometric_skeleton,qa_rendered_geometric_centerline_record_v1.0,82,352.251,237.0,0.68933568,0.50105708,512,474
117,geometric_skeleton,qa_rendered_geometric_centerline_record_v1.0,83,355.352,237.0,0.6954059,0.50105708,512,474
117,geometric_skeleton,qa_rendered_geometric_centerline_record_v1.0,84,358.454,237.0,0.70147612,0.50105708,512,474
117,geometric_skeleton,qa_rendered_geometric_centerline_record_v1.0,85,361.142,236.0,0.70673575,0.49894292,512,474
117,geometric_skeleton,qa_rendered_geometric_centerline_record_v1.0,86,364.244,236.0,0.71280597,0.49894292,512,474
117,geometric_skeleton,qa_rendered_geometric_centerline_record_v1.0,87,367.346,236.0,0.71887619,0.49894292,512,474
117,geometric_skeleton,qa_rendered_geometric_centerline_record_v1.0,88,370.448,236.0,0.72494641,0.49894292,512,474
117,geometric_skeleton,qa_rendered_geometric_centerline_record_v1.0,89,373.55,236.0,0.73101664,0.49894292,512,474
117,geometric_skeleton,qa_rendered_geometric_centerline_record_v1.0,90,376.651,236.0,0.73708686,0.49894292,512,474
117,geometric_skeleton,qa_rendered_geometric_centerline_record_v1.0,91,379.339,235.0,0.74234648,0.49682875,512,474
117,geometric_skeleton,qa_rendered_geometric_centerline_record_v1.0,92,382.441,235.0,0.74841671,0.49682875,512,474
117,geometric_skeleton,qa_rendered_geometric_centerline_record_v1.0,93,385.129,234.0,0.75367633,0.49471459,512,474
117,geometric_skeleton,qa_rendered_geometric_centerline_record_v1.0,94,388.23,234.0,0.75974656,0.49471459,512,474
117,geometric_skeleton,qa_rendered_geometric_centerline_record_v1.0,95,391.332,234.0,0.76581678,0.49471459,512,474
117,geometric_skeleton,qa_rendered_geometric_centerline_record_v1.0,96,394.434,234.0,0.771887,0.49471459,512,474
117,geometric_skeleton,qa_rendered_geometric_centerline_record_v1.0,97,397.536,234.0,0.77795722,0.49471459,512,474
117,geometric_skeleton,qa_rendered_geometric_centerline_record_v1.0,98,400.638,234.0,0.78402744,0.49471459,512,474
117,geometric_skeleton,qa_rendered_geometric_centerline_record_v1.0,99,403.74,234.0,0.79009766,0.49471459,512,474
117,geometric_skeleton,qa_rendered_geometric_centerline_record_v1.0,100,406.842,234.0,0.79616788,0.49471459,512,474
117,geometric_skeleton,qa_rendered_geometric_centerline_record_v1.0,101,409.944,234.0,0.80223811,0.49471459,512,474
117,geometric_skeleton,qa_rendered_geometric_centerline_record_v1.0,102,413.046,234.0,0.80830833,0.49471459,512,474
117,geometric_skeleton,qa_rendered_geometric_centerline_record_v1.0,103,416.147,234.0,0.81437855,0.49471459,512,474
117,geometric_skeleton,qa_rendered_geometric_centerline_record_v1.0,104,419.176,233.824,0.82030586,0.49434187,512,474
117,geometric_skeleton,qa_rendered_geometric_centerline_record_v1.0,105,421.37,231.63,0.82459816,0.48970474,512,474
117,geometric_skeleton,qa_rendered_geometric_centerline_record_v1.0,106,423.796,230.0,0.82934684,0.48625793,512,474
117,geometric_skeleton,qa_rendered_geometric_centerline_record_v1.0,107,426.898,230.0,0.83541706,0.48625793,512,474
117,geometric_skeleton,qa_rendered_geometric_centerline_record_v1.0,108,430.0,230.0,0.84148728,0.48625793,512,474
119,geometric_skeleton,qa_rendered_geometric_centerline_record_v1.0,0,140.0,246.0,0.2739726,0.52008457,512,474
119,geometric_skeleton,qa_rendered_geometric_centerline_record_v1.0,1,142.91,247.247,0.27966688,0.52272103,512,474
119,geometric_skeleton,qa_rendered_geometric_centerline_record_v1.0,2,145.82,248.494,0.28536116,0.52535749,512,474
119,geometric_skeleton,qa_rendered_geometric_centerline_record_v1.0,3,148.33,247.67,0.29027474,0.5236144,512,474
119,geometric_skeleton,qa_rendered_geometric_centerline_record_v1.0,4,151.219,247.0,0.29592715,0.52219873,512,474
119,geometric_skeleton,qa_rendered_geometric_centerline_record_v1.0,5,154.385,247.0,0.30212234,0.52219873,512,474
119,geometric_skeleton,qa_rendered_geometric_centerline_record_v1.0,6,157.55,247.0,0.30831753,0.52219873,512,474
119,geometric_skeleton,qa_rendered_geometric_centerline_record_v1.0,7,160.716,247.0,0.31451273,0.52219873,512,474
119,geometric_skeleton,qa_rendered_geometric_centerline_record_v1.0,8,163.882,247.0,0.32070792,0.52219873,512,474
119,geometric_skeleton,qa_rendered_geometric_centerline_record_v1.0,9,167.047,247.0,0.32690311,0.52219873,512,474
119,geometric_skeleton,qa_rendered_geometric_centerline_record_v1.0,10,170.213,247.0,0.33309831,0.52219873,512,474
119,geometric_skeleton,qa_rendered_geometric_centerline_record_v1.0,11,172.975,247.975,0.3385031,0.52426022,512,474
119,geometric_skeleton,qa_rendered_geometric_centerline_record_v1.0,12,176.131,248.0,0.3446781,0.5243129,512,474
119,geometric_skeleton,qa_rendered_geometric_centerline_record_v1.0,13,179.296,248.0,0.35087329,0.5243129,512,474
119,geometric_skeleton,qa_rendered_geometric_centerline_record_v1.0,14,182.462,248.0,0.35706848,0.5243129,512,474
119,geometric_skeleton,qa_rendered_geometric_centerline_record_v1.0,15,185.214,249.0,0.36245308,0.52642706,512,474
119,geometric_skeleton,qa_rendered_geometric_centerline_record_v1.0,16,188.379,249.0,0.36864827,0.52642706,512,474
119,geometric_skeleton,qa_rendered_geometric_centerline_record_v1.0,17,191.545,249.0,0.37484347,0.52642706,512,474
119,geometric_skeleton,qa_rendered_geometric_centerline_record_v1.0,18,194.297,250.0,0.38022806,0.52854123,512,474
119,geometric_skeleton,qa_rendered_geometric_centerline_record_v1.0,19,197.462,250.0,0.38642326,0.52854123,512,474
119,geometric_skeleton,qa_rendered_geometric_centerline_record_v1.0,20,200.214,251.0,0.39180785,0.53065539,512,474
119,geometric_skeleton,qa_rendered_geometric_centerline_record_v1.0,21,203.38,251.0,0.39800305,0.53065539,512,474
119,geometric_skeleton,qa_rendered_geometric_centerline_record_v1.0,22,206.131,252.0,0.40338765,0.53276956,512,474
119,geometric_skeleton,qa_rendered_geometric_centerline_record_v1.0,23,209.297,252.0,0.40958284,0.53276956,512,474
119,geometric_skeleton,qa_rendered_geometric_centerline_record_v1.0,24,212.048,253.0,0.41496744,0.53488372,512,474
119,geometric_skeleton,qa_rendered_geometric_centerline_record_v1.0,25,215.214,253.0,0.42116263,0.53488372,512,474
119,geometric_skeleton,qa_rendered_geometric_centerline_record_v1.0,26,217.976,253.976,0.42656693,0.53694651,512,474
119,geometric_skeleton,qa_rendered_geometric_centerline_record_v1.0,27,221.131,254.0,0.43274242,0.53699789,512,474
119,geometric_skeleton,qa_rendered_geometric_centerline_record_v1.0,28,223.917,254.917,0.43819413,0.538937,512,474
119,geometric_skeleton,qa_rendered_geometric_centerline_record_v1.0,29,226.742,255.742,0.44372115,0.54067972,512,474
119,geometric_skeleton,qa_rendered_geometric_centerline_record_v1.0,30,229.8,256.0,0.44970681,0.54122622,512,474
119,geometric_skeleton,qa_rendered_geometric_centerline_record_v1.0,31,232.683,256.683,0.45534836,0.54267021,512,474
119,geometric_skeleton,qa_rendered_geometric_centerline_record_v1.0,32,235.507,257.507,0.46087537,0.54441293,512,474
119,geometric_skeleton,qa_rendered_geometric_centerline_record_v1.0,33,238.039,259.039,0.46582921,0.54765059,512,474
119,geometric_skeleton,qa_rendered_geometric_centerline_record_v1.0,34,240.806,260.0,0.4712452,0.54968288,512,474
119,geometric_skeleton,qa_rendered_geometric_centerline_record_v1.0,35,243.394,261.394,0.47631007,0.55263096,512,474
119,geometric_skeleton,qa_rendered_geometric_centerline_record_v1.0,36,245.895,263.0,0.48120381,0.55602537,512,474
119,geometric_skeleton,qa_rendered_geometric_centerline_record_v1.0,37,248.647,264.0,0.48658841,0.55813953,512,474
119,geometric_skeleton,qa_rendered_geometric_centerline_record_v1.0,38,251.398,265.0,0.491973,0.5602537,512,474
119,geometric_skeleton,qa_rendered_geometric_centerline_record_v1.0,39,254.15,266.0,0.4973576,0.56236786,512,474
119,geometric_skeleton,qa_rendered_geometric_centerline_record_v1.0,40,256.93,266.93,0.50279879,0.56433443,512,474
119,geometric_skeleton,qa_rendered_geometric_centerline_record_v1.0,41,259.754,267.754,0.50832581,0.56607714,512,474
119,geometric_skeleton,qa_rendered_geometric_centerline_record_v1.0,42,262.819,268.0,0.51432199,0.56659619,512,474
119,geometric_skeleton,qa_rendered_geometric_centerline_record_v1.0,43,265.984,268.0,0.52051719,0.56659619,512,474
119,geometric_skeleton,qa_rendered_geometric_centerline_record_v1.0,44,269.15,268.0,0.52671238,0.56659619,512,474
119,geometric_skeleton,qa_rendered_geometric_centerline_record_v1.0,45,272.316,268.0,0.53290757,0.56659619,512,474
119,geometric_skeleton,qa_rendered_geometric_centerline_record_v1.0,46,275.482,268.0,0.53910276,0.56659619,512,474
119,geometric_skeleton,qa_rendered_geometric_centerline_record_v1.0,47,278.647,268.0,0.54529796,0.56659619,512,474
119,geometric_skeleton,qa_rendered_geometric_centerline_record_v1.0,48,281.813,268.0,0.55149315,0.56659619,512,474
119,geometric_skeleton,qa_rendered_geometric_centerline_record_v1.0,49,284.979,268.0,0.55768834,0.56659619,512,474
119,geometric_skeleton,qa_rendered_geometric_centerline_record_v1.0,50,288.144,268.0,0.56388353,0.56659619,512,474
119,geometric_skeleton,qa_rendered_geometric_centerline_record_v1.0,51,291.31,268.0,0.57007873,0.56659619,512,474
119,geometric_skeleton,qa_rendered_geometric_centerline_record_v1.0,52,294.476,268.0,0.57627392,0.56659619,512,474
119,geometric_skeleton,qa_rendered_geometric_centerline_record_v1.0,53,297.642,268.0,0.58246911,0.56659619,512,474
119,geometric_skeleton,qa_rendered_geometric_centerline_record_v1.0,54,300.807,268.0,0.5886643,0.56659619,512,474
119,geometric_skeleton,qa_rendered_geometric_centerline_record_v1.0,55,303.559,269.0,0.5940489,0.56871036,512,474
119,geometric_skeleton,qa_rendered_geometric_centerline_record_v1.0,56,306.725,269.0,0.6002441,0.56871036,512,474
119,geometric_skeleton,qa_rendered_geometric_centerline_record_v1.0,57,309.476,270.0,0.60562869,0.57082452,512,474
119,geometric_skeleton,qa_rendered_geometric_centerline_record_v1.0,58,312.642,270.0,0.61182389,0.57082452,512,474
119,geometric_skeleton,qa_rendered_geometric_centerline_record_v1.0,59,315.394,271.0,0.61720848,0.57293869,512,474
119,geometric_skeleton,qa_rendered_geometric_centerline_record_v1.0,60,318.559,271.0,0.62340368,0.57293869,512,474
119,geometric_skeleton,qa_rendered_geometric_centerline_record_v1.0,61,321.311,272.0,0.62878828,0.57505285,512,474
119,geometric_skeleton,qa_rendered_geometric_centerline_record_v1.0,62,324.062,273.0,0.63417287,0.57716702,512,474
119,geometric_skeleton,qa_rendered_geometric_centerline_record_v1.0,63,327.228,273.0,0.64036807,0.57716702,512,474
119,geometric_skeleton,qa_rendered_geometric_centerline_record_v1.0,64,330.394,273.0,0.64656326,0.57716702,512,474
119,geometric_skeleton,qa_rendered_geometric_centerline_record_v1.0,65,333.56,273.0,0.65275845,0.57716702,512,474
119,geometric_skeleton,qa_rendered_geometric_centerline_record_v1.0,66,336.725,273.0,0.65895364,0.57716702,512,474
119,geometric_skeleton,qa_rendered_geometric_centerline_record_v1.0,67,339.891,273.0,0.66514884,0.57716702,512,474
119,geometric_skeleton,qa_rendered_geometric_centerline_record_v1.0,68,343.057,273.0,0.67134403,0.57716702,512,474
119,geometric_skeleton,qa_rendered_geometric_centerline_record_v1.0,69,345.864,273.864,0.67683849,0.57899465,512,474
119,geometric_skeleton,qa_rendered_geometric_centerline_record_v1.0,70,348.56,275.0,0.68211323,0.58139535,512,474
119,geometric_skeleton,qa_rendered_geometric_centerline_record_v1.0,71,351.726,275.0,0.68830842,0.58139535,512,474
119,geometric_skeleton,qa_rendered_geometric_centerline_record_v1.0,72,354.891,275.0,0.69450361,0.58139535,512,474
119,geometric_skeleton,qa_rendered_geometric_centerline_record_v1.0,73,357.643,276.0,0.69988821,0.58350951,512,474
119,geometric_skeleton,qa_rendered_geometric_centerline_record_v1.0,74,360.809,276.0,0.7060834,0.58350951,512,474
119,geometric_skeleton,qa_rendered_geometric_centerline_record_v1.0,75,363.974,276.0,0.7122786,0.58350951,512,474
119,geometric_skeleton,qa_rendered_geometric_centerline_record_v1.0,76,367.14,276.0,0.71847379,0.58350951,512,474
119,geometric_skeleton,qa_rendered_geometric_centerline_record_v1.0,77,370.306,276.0,0.72466898,0.58350951,512,474
119,geometric_skeleton,qa_rendered_geometric_centerline_record_v1.0,78,373.333,276.333,0.73059387,0.58421452,512,474
119,geometric_skeleton,qa_rendered_geometric_centerline_record_v1.0,79,376.223,277.0,0.73624877,0.58562368,512,474
119,geometric_skeleton,qa_rendered_geometric_centerline_record_v1.0,80,379.389,277.0,0.74244396,0.58562368,512,474
119,geometric_skeleton,qa_rendered_geometric_centerline_record_v1.0,81,382.555,277.0,0.74863916,0.58562368,512,474
119,geometric_skeleton,qa_rendered_geometric_centerline_record_v1.0,82,385.72,277.0,0.75483435,0.58562368,512,474
119,geometric_skeleton,qa_rendered_geometric_centerline_record_v1.0,83,388.627,277.627,0.76052165,0.58694834,512,474
119,geometric_skeleton,qa_rendered_geometric_centerline_record_v1.0,84,391.638,278.0,0.76641414,0.58773784,512,474
119,geometric_skeleton,qa_rendered_geometric_centerline_record_v1.0,85,394.803,278.0,0.77260933,0.58773784,512,474
119,geometric_skeleton,qa_rendered_geometric_centerline_record_v1.0,86,397.685,278.685,0.77824905,0.58918661,512,474
119,geometric_skeleton,qa_rendered_geometric_centerline_record_v1.0,87,400.721,279.0,0.78418912,0.58985201,512,474
119,geometric_skeleton,qa_rendered_geometric_centerline_record_v1.0,88,403.627,279.627,0.78987626,0.5911771,512,474
119,geometric_skeleton,qa_rendered_geometric_centerline_record_v1.0,89,406.638,280.0,0.79576892,0.59196617,512,474
119,geometric_skeleton,qa_rendered_geometric_centerline_record_v1.0,90,409.804,280.0,0.80196411,0.59196617,512,474
119,geometric_skeleton,qa_rendered_geometric_centerline_record_v1.0,91,412.969,280.0,0.8081593,0.59196617,512,474
119,geometric_skeleton,qa_rendered_geometric_centerline_record_v1.0,92,416.135,280.0,0.81435449,0.59196617,512,474
119,geometric_skeleton,qa_rendered_geometric_centerline_record_v1.0,93,419.301,280.0,0.82054969,0.59196617,512,474
119,geometric_skeleton,qa_rendered_geometric_centerline_record_v1.0,94,422.467,280.0,0.82674488,0.59196617,512,474
119,geometric_skeleton,qa_rendered_geometric_centerline_record_v1.0,95,425.632,280.0,0.83294007,0.59196617,512,474
119,geometric_skeleton,qa_rendered_geometric_centerline_record_v1.0,96,428.798,280.0,0.83913526,0.59196617,512,474
119,geometric_skeleton,qa_rendered_geometric_centerline_record_v1.0,97,431.964,280.0,0.84533046,0.59196617,512,474
119,geometric_skeleton,qa_rendered_geometric_centerline_record_v1.0,98,435.13,280.0,0.85152565,0.59196617,512,474
119,geometric_skeleton,qa_rendered_geometric_centerline_record_v1.0,99,437.881,279.0,0.85691025,0.58985201,512,474
119,geometric_skeleton,qa_rendered_geometric_centerline_record_v1.0,100,440.633,278.0,0.86229485,0.58773784,512,474
119,geometric_skeleton,qa_rendered_geometric_centerline_record_v1.0,101,442.979,276.021,0.86688606,0.58355439,512,474
119,geometric_skeleton,qa_rendered_geometric_centerline_record_v1.0,102,445.51,274.49,0.8718399,0.58031673,512,474
119,geometric_skeleton,qa_rendered_geometric_centerline_record_v1.0,103,447.749,272.251,0.87622056,0.57558413,512,474
119,geometric_skeleton,qa_rendered_geometric_centerline_record_v1.0,104,449.987,270.013,0.88060122,0.57085154,512,474
119,geometric_skeleton,qa_rendered_geometric_centerline_record_v1.0,105,452.0,267.681,0.88454012,0.56592125,512,474
119,geometric_skeleton,qa_rendered_geometric_centerline_record_v1.0,106,452.0,264.515,0.88454012,0.55922835,512,474
119,geometric_skeleton,qa_rendered_geometric_centerline_record_v1.0,107,453.167,261.833,0.88682436,0.55355762,512,474
119,geometric_skeleton,qa_rendered_geometric_centerline_record_v1.0,108,454.0,259.012,0.88845401,0.54759397,512,474
119,geometric_skeleton,qa_rendered_geometric_centerline_record_v1.0,109,455.105,256.268,0.89061564,0.5417925,512,474
119,geometric_skeleton,qa_rendered_geometric_centerline_record_v1.0,110,455.552,253.134,0.89149177,0.53516686,512,474
119,geometric_skeleton,qa_rendered_geometric_centerline_record_v1.0,111,456.0,250.0,0.89236791,0.52854123,512,474
120,geometric_skeleton,qa_rendered_geometric_centerline_record_v1.0,0,168.0,292.0,0.32876712,0.61733615,512,474
120,geometric_skeleton,qa_rendered_geometric_centerline_record_v1.0,1,170.853,293.223,0.33435102,0.61992151,512,474
120,geometric_skeleton,qa_rendered_geometric_centerline_record_v1.0,2,173.707,294.446,0.33993492,0.62250687,512,474
120,geometric_skeleton,qa_rendered_geometric_centerline_record_v1.0,3,176.2,296.2,0.34481451,0.6262161,512,474
120,geometric_skeleton,qa_rendered_geometric_centerline_record_v1.0,4,178.973,297.0,0.35024131,0.62790698,512,474
120,geometric_skeleton,qa_rendered_geometric_centerline_record_v1.0,5,182.078,297.0,0.35631641,0.62790698,512,474
120,geometric_skeleton,qa_rendered_geometric_centerline_record_v1.0,6,185.182,297.0,0.36239151,0.62790698,512,474
120,geometric_skeleton,qa_rendered_geometric_centerline_record_v1.0,7,188.286,297.0,0.36846661,0.62790698,512,474
120,geometric_skeleton,qa_rendered_geometric_centerline_record_v1.0,8,191.391,297.0,0.37454171,0.62790698,512,474
120,geometric_skeleton,qa_rendered_geometric_centerline_record_v1.0,9,194.495,297.0,0.38061682,0.62790698,512,474
120,geometric_skeleton,qa_rendered_geometric_centerline_record_v1.0,10,197.424,296.576,0.38634826,0.62701066,512,474
120,geometric_skeleton,qa_rendered_geometric_centerline_record_v1.0,11,200.29,296.0,0.39195643,0.62579281,512,474
120,geometric_skeleton,qa_rendered_geometric_centerline_record_v1.0,12,203.394,296.0,0.39803153,0.62579281,512,474
120,geometric_skeleton,qa_rendered_geometric_centerline_record_v1.0,13,206.498,296.0,0.40410663,0.62579281,512,474
120,geometric_skeleton,qa_rendered_geometric_centerline_record_v1.0,14,209.603,296.0,0.41018173,0.62579281,512,474
120,geometric_skeleton,qa_rendered_geometric_centerline_record_v1.0,15,212.707,296.0,0.41625683,0.62579281,512,474
120,geometric_skeleton,qa_rendered_geometric_centerline_record_v1.0,16,215.812,296.0,0.42233193,0.62579281,512,474
120,geometric_skeleton,qa_rendered_geometric_centerline_record_v1.0,17,218.916,296.0,0.42840704,0.62579281,512,474
120,geometric_skeleton,qa_rendered_geometric_centerline_record_v1.0,18,222.02,296.0,0.43448214,0.62579281,512,474
120,geometric_skeleton,qa_rendered_geometric_centerline_record_v1.0,19,225.125,296.0,0.44055724,0.62579281,512,474
120,geometric_skeleton,qa_rendered_geometric_centerline_record_v1.0,20,228.229,296.0,0.44663234,0.62579281,512,474
120,geometric_skeleton,qa_rendered_geometric_centerline_record_v1.0,21,231.334,296.0,0.45270744,0.62579281,512,474
120,geometric_skeleton,qa_rendered_geometric_centerline_record_v1.0,22,234.438,296.0,0.45878254,0.62579281,512,474
120,geometric_skeleton,qa_rendered_geometric_centerline_record_v1.0,23,237.542,296.0,0.46485765,0.62579281,512,474
120,geometric_skeleton,qa_rendered_geometric_centerline_record_v1.0,24,240.647,296.0,0.47093275,0.62579281,512,474
120,geometric_skeleton,qa_rendered_geometric_centerline_record_v1.0,25,243.751,296.0,0.47700785,0.62579281,512,474
120,geometric_skeleton,qa_rendered_geometric_centerline_record_v1.0,26,246.855,296.0,0.48308295,0.62579281,512,474
120,geometric_skeleton,qa_rendered_geometric_centerline_record_v1.0,27,249.96,296.0,0.48915805,0.62579281,512,474
120,geometric_skeleton,qa_rendered_geometric_centerline_record_v1.0,28,253.064,296.0,0.49523316,0.62579281,512,474
120,geometric_skeleton,qa_rendered_geometric_centerline_record_v1.0,29,255.754,297.0,0.50049766,0.62790698,512,474
120,geometric_skeleton,qa_rendered_geometric_centerline_record_v1.0,30,258.859,297.0,0.50657276,0.62790698,512,474
120,geometric_skeleton,qa_rendered_geometric_centerline_record_v1.0,31,261.963,297.0,0.51264787,0.62790698,512,474
120,geometric_skeleton,qa_rendered_geometric_centerline_record_v1.0,32,264.653,298.0,0.51791237,0.63002114,512,474
120,geometric_skeleton,qa_rendered_geometric_centerline_record_v1.0,33,267.343,299.0,0.52317688,0.63213531,512,474
120,geometric_skeleton,qa_rendered_geometric_centerline_record_v1.0,34,270.448,299.0,0.52925198,0.63213531,512,474
120,geometric_skeleton,qa_rendered_geometric_centerline_record_v1.0,35,273.138,300.0,0.53451649,0.63424947,512,474
120,geometric_skeleton,qa_rendered_geometric_centerline_record_v1.0,36,275.878,300.878,0.53987953,0.63610664,512,474
120,geometric_skeleton,qa_rendered_geometric_centerline_record_v1.0,37,278.659,301.659,0.54532163,0.63775762,512,474
120,geometric_skeleton,qa_rendered_geometric_centerline_record_v1.0,38,281.623,302.0,0.55112061,0.6384778,512,474
120,geometric_skeleton,qa_rendered_geometric_centerline_record_v1.0,39,284.514,302.514,0.55677901,0.63956463,512,474
120,geometric_skeleton,qa_rendered_geometric_centerline_record_v1.0,40,287.417,303.0,0.56246022,0.64059197,512,474
120,geometric_skeleton,qa_rendered_geometric_centerline_record_v1.0,41,290.369,303.369,0.56823638,0.64137165,512,474
120,geometric_skeleton,qa_rendered_geometric_centerline_record_v1.0,42,293.212,304.0,0.57379983,0.64270613,512,474
120,geometric_skeleton,qa_rendered_geometric_centerline_record_v1.0,43,296.316,304.0,0.57987493,0.64270613,512,474
120,geometric_skeleton,qa_rendered_geometric_centerline_record_v1.0,44,299.42,304.0,0.58595003,0.64270613,512,474
120,geometric_skeleton,qa_rendered_geometric_centerline_record_v1.0,45,302.525,304.0,0.59202513,0.64270613,512,474
120,geometric_skeleton,qa_rendered_geometric_centerline_record_v1.0,46,305.629,304.0,0.59810023,0.64270613,512,474
120,geometric_skeleton,qa_rendered_geometric_centerline_record_v1.0,47,308.734,304.0,0.60417534,0.64270613,512,474
120,geometric_skeleton,qa_rendered_geometric_centerline_record_v1.0,48,311.838,304.0,0.61025044,0.64270613,512,474
120,geometric_skeleton,qa_rendered_geometric_centerline_record_v1.0,49,314.942,304.0,0.61632554,0.64270613,512,474
120,geometric_skeleton,qa_rendered_geometric_centerline_record_v1.0,50,318.047,304.0,0.62240064,0.64270613,512,474
120,geometric_skeleton,qa_rendered_geometric_centerline_record_v1.0,51,321.151,304.0,0.62847574,0.64270613,512,474
120,geometric_skeleton,qa_rendered_geometric_centerline_record_v1.0,52,324.255,304.0,0.63455084,0.64270613,512,474
120,geometric_skeleton,qa_rendered_geometric_centerline_record_v1.0,53,327.36,304.0,0.64062595,0.64270613,512,474
120,geometric_skeleton,qa_rendered_geometric_centerline_record_v1.0,54,330.464,304.0,0.64670105,0.64270613,512,474
120,geometric_skeleton,qa_rendered_geometric_centerline_record_v1.0,55,333.569,304.0,0.65277615,0.64270613,512,474
120,geometric_skeleton,qa_rendered_geometric_centerline_record_v1.0,56,336.673,304.0,0.65885125,0.64270613,512,474
120,geometric_skeleton,qa_rendered_geometric_centerline_record_v1.0,57,339.777,304.0,0.66492635,0.64270613,512,474
120,geometric_skeleton,qa_rendered_geometric_centerline_record_v1.0,58,342.882,304.0,0.67100146,0.64270613,512,474
120,geometric_skeleton,qa_rendered_geometric_centerline_record_v1.0,59,345.986,304.0,0.67707656,0.64270613,512,474
120,geometric_skeleton,qa_rendered_geometric_centerline_record_v1.0,60,349.09,304.0,0.68315166,0.64270613,512,474
120,geometric_skeleton,qa_rendered_geometric_centerline_record_v1.0,61,352.195,304.0,0.68922676,0.64270613,512,474
120,geometric_skeleton,qa_rendered_geometric_centerline_record_v1.0,62,355.299,304.0,0.69530186,0.64270613,512,474
120,geometric_skeleton,qa_rendered_geometric_centerline_record_v1.0,63,358.404,304.0,0.70137696,0.64270613,512,474
120,geometric_skeleton,qa_rendered_geometric_centerline_record_v1.0,64,361.508,304.0,0.70745207,0.64270613,512,474
120,geometric_skeleton,qa_rendered_geometric_centerline_record_v1.0,65,364.612,304.0,0.71352717,0.64270613,512,474
120,geometric_skeleton,qa_rendered_geometric_centerline_record_v1.0,66,367.717,304.0,0.71960227,0.64270613,512,474
120,geometric_skeleton,qa_rendered_geometric_centerline_record_v1.0,67,370.821,304.0,0.72567737,0.64270613,512,474
120,geometric_skeleton,qa_rendered_geometric_centerline_record_v1.0,68,373.926,304.0,0.73175247,0.64270613,512,474
120,geometric_skeleton,qa_rendered_geometric_centerline_record_v1.0,69,376.616,305.0,0.73701698,0.6448203,512,474
120,geometric_skeleton,qa_rendered_geometric_centerline_record_v1.0,70,379.72,305.0,0.74309208,0.6448203,512,474
120,geometric_skeleton,qa_rendered_geometric_centerline_record_v1.0,71,382.824,305.0,0.74916718,0.6448203,512,474
120,geometric_skeleton,qa_rendered_geometric_centerline_record_v1.0,72,385.929,305.0,0.75524229,0.6448203,512,474
120,geometric_skeleton,qa_rendered_geometric_centerline_record_v1.0,73,389.033,305.0,0.76131739,0.6448203,512,474
120,geometric_skeleton,qa_rendered_geometric_centerline_record_v1.0,74,392.138,305.0,0.76739249,0.6448203,512,474
120,geometric_skeleton,qa_rendered_geometric_centerline_record_v1.0,75,395.171,305.171,0.77332892,0.64518198,512,474
120,geometric_skeleton,qa_rendered_geometric_centerline_record_v1.0,76,397.932,306.0,0.7787321,0.64693446,512,474
120,geometric_skeleton,qa_rendered_geometric_centerline_record_v1.0,77,401.036,306.0,0.7848072,0.64693446,512,474
120,geometric_skeleton,qa_rendered_geometric_centerline_record_v1.0,78,404.141,306.0,0.7908823,0.64693446,512,474
120,geometric_skeleton,qa_rendered_geometric_centerline_record_v1.0,79,407.245,306.0,0.7969574,0.64693446,512,474
120,geometric_skeleton,qa_rendered_geometric_centerline_record_v1.0,80,410.35,306.0,0.80303251,0.64693446,512,474
120,geometric_skeleton,qa_rendered_geometric_centerline_record_v1.0,81,413.321,306.321,0.80884739,0.64761315,512,474
120,geometric_skeleton,qa_rendered_geometric_centerline_record_v1.0,82,416.144,307.0,0.81437212,0.64904863,512,474
120,geometric_skeleton,qa_rendered_geometric_centerline_record_v1.0,83,419.176,307.176,0.82030477,0.64942016,512,474
120,geometric_skeleton,qa_rendered_geometric_centerline_record_v1.0,84,421.939,308.0,0.82571173,0.65116279,512,474
120,geometric_skeleton,qa_rendered_geometric_centerline_record_v1.0,85,424.629,309.0,0.83097623,0.65327696,512,474
120,geometric_skeleton,qa_rendered_geometric_centerline_record_v1.0,86,427.733,309.0,0.83705133,0.65327696,512,474
120,geometric_skeleton,qa_rendered_geometric_centerline_record_v1.0,87,430.838,309.0,0.84312644,0.65327696,512,474
120,geometric_skeleton,qa_rendered_geometric_centerline_record_v1.0,88,433.528,310.0,0.84839094,0.65539112,512,474
120,geometric_skeleton,qa_rendered_geometric_centerline_record_v1.0,89,436.632,310.0,0.85446605,0.65539112,512,474
120,geometric_skeleton,qa_rendered_geometric_centerline_record_v1.0,90,439.737,310.0,0.86054115,0.65539112,512,474
120,geometric_skeleton,qa_rendered_geometric_centerline_record_v1.0,91,442.841,310.0,0.86661625,0.65539112,512,474
120,geometric_skeleton,qa_rendered_geometric_centerline_record_v1.0,92,445.945,310.0,0.87269135,0.65539112,512,474
120,geometric_skeleton,qa_rendered_geometric_centerline_record_v1.0,93,449.05,310.0,0.87876645,0.65539112,512,474
120,geometric_skeleton,qa_rendered_geometric_centerline_record_v1.0,94,452.154,310.0,0.88484155,0.65539112,512,474
120,geometric_skeleton,qa_rendered_geometric_centerline_record_v1.0,95,455.258,310.0,0.89091666,0.65539112,512,474
120,geometric_skeleton,qa_rendered_geometric_centerline_record_v1.0,96,458.363,310.0,0.89699176,0.65539112,512,474
120,geometric_skeleton,qa_rendered_geometric_centerline_record_v1.0,97,461.467,310.0,0.90306686,0.65539112,512,474
120,geometric_skeleton,qa_rendered_geometric_centerline_record_v1.0,98,464.572,310.0,0.90914196,0.65539112,512,474
120,geometric_skeleton,qa_rendered_geometric_centerline_record_v1.0,99,467.676,310.0,0.91521706,0.65539112,512,474
120,geometric_skeleton,qa_rendered_geometric_centerline_record_v1.0,100,470.78,310.0,0.92129217,0.65539112,512,474
120,geometric_skeleton,qa_rendered_geometric_centerline_record_v1.0,101,473.885,310.0,0.92736727,0.65539112,512,474
120,geometric_skeleton,qa_rendered_geometric_centerline_record_v1.0,102,476.699,309.301,0.93287547,0.65391255,512,474
120,geometric_skeleton,qa_rendered_geometric_centerline_record_v1.0,103,479.48,308.52,0.93831757,0.65226157,512,474
120,geometric_skeleton,qa_rendered_geometric_centerline_record_v1.0,104,481.968,307.032,0.94318649,0.64911565,512,474
120,geometric_skeleton,qa_rendered_geometric_centerline_record_v1.0,105,484.456,305.544,0.94805541,0.64596974,512,474
120,geometric_skeleton,qa_rendered_geometric_centerline_record_v1.0,106,486.651,303.349,0.95235116,0.64132888,512,474
120,geometric_skeleton,qa_rendered_geometric_centerline_record_v1.0,107,488.847,301.153,0.9566469,0.63668802,512,474
120,geometric_skeleton,qa_rendered_geometric_centerline_record_v1.0,108,491.042,298.958,0.96094265,0.63204716,512,474
120,geometric_skeleton,qa_rendered_geometric_centerline_record_v1.0,109,492.0,296.251,0.962818,0.6263232,512,474
120,geometric_skeleton,qa_rendered_geometric_centerline_record_v1.0,110,492.92,293.391,0.9646176,0.62027634,512,474
120,geometric_skeleton,qa_rendered_geometric_centerline_record_v1.0,111,494.46,290.695,0.9676317,0.61457792,512,474
120,geometric_skeleton,qa_rendered_geometric_centerline_record_v1.0,112,496.0,288.0,0.97064579,0.60887949,512,474
122,geometric_skeleton,qa_rendered_geometric_centerline_record_v1.0,0,128.0,258.0,0.25048924,0.54545455,512,474
122,geometric_skeleton,qa_rendered_geometric_centerline_record_v1.0,1,130.794,259.397,0.25595685,0.54840798,512,474
122,geometric_skeleton,qa_rendered_geometric_centerline_record_v1.0,2,133.588,260.794,0.26142447,0.55136142,512,474
122,geometric_skeleton,qa_rendered_geometric_centerline_record_v1.0,3,136.663,261.0,0.26744226,0.55179704,512,474
122,geometric_skeleton,qa_rendered_geometric_centerline_record_v1.0,4,139.787,261.0,0.27355525,0.55179704,512,474
122,geometric_skeleton,qa_rendered_geometric_centerline_record_v1.0,5,142.91,261.0,0.27966823,0.55179704,512,474
122,geometric_skeleton,qa_rendered_geometric_centerline_record_v1.0,6,146.024,261.024,0.28576161,0.55184817,512,474
122,geometric_skeleton,qa_rendered_geometric_centerline_record_v1.0,7,148.744,262.0,0.2910836,0.55391121,512,474
122,geometric_skeleton,qa_rendered_geometric_centerline_record_v1.0,8,151.867,262.0,0.29719658,0.55391121,512,474
122,geometric_skeleton,qa_rendered_geometric_centerline_record_v1.0,9,154.991,262.0,0.30330956,0.55391121,512,474
122,geometric_skeleton,qa_rendered_geometric_centerline_record_v1.0,10,158.115,262.0,0.30942254,0.55391121,512,474
122,geometric_skeleton,qa_rendered_geometric_centerline_record_v1.0,11,161.239,262.0,0.31553553,0.55391121,512,474
122,geometric_skeleton,qa_rendered_geometric_centerline_record_v1.0,12,164.362,262.0,0.32164851,0.55391121,512,474
122,geometric_skeleton,qa_rendered_geometric_centerline_record_v1.0,13,167.486,262.0,0.32776149,0.55391121,512,474
122,geometric_skeleton,qa_rendered_geometric_centerline_record_v1.0,14,170.61,262.0,0.33387447,0.55391121,512,474
122,geometric_skeleton,qa_rendered_geometric_centerline_record_v1.0,15,173.734,262.0,0.33998745,0.55391121,512,474
122,geometric_skeleton,qa_rendered_geometric_centerline_record_v1.0,16,176.857,262.0,0.34610044,0.55391121,512,474
122,geometric_skeleton,qa_rendered_geometric_centerline_record_v1.0,17,179.981,262.0,0.35221342,0.55391121,512,474
122,geometric_skeleton,qa_rendered_geometric_centerline_record_v1.0,18,183.105,262.0,0.3583264,0.55391121,512,474
122,geometric_skeleton,qa_rendered_geometric_centerline_record_v1.0,19,186.229,262.0,0.36443938,0.55391121,512,474
122,geometric_skeleton,qa_rendered_geometric_centerline_record_v1.0,20,188.956,262.956,0.36977728,0.55593275,512,474
122,geometric_skeleton,qa_rendered_geometric_centerline_record_v1.0,21,192.062,263.0,0.37585475,0.55602537,512,474
122,geometric_skeleton,qa_rendered_geometric_centerline_record_v1.0,22,195.186,263.0,0.38196773,0.55602537,512,474
122,geometric_skeleton,qa_rendered_geometric_centerline_record_v1.0,23,198.309,263.0,0.38808072,0.55602537,512,474
122,geometric_skeleton,qa_rendered_geometric_centerline_record_v1.0,24,201.433,263.0,0.3941937,0.55602537,512,474
122,geometric_skeleton,qa_rendered_geometric_centerline_record_v1.0,25,204.557,263.0,0.40030668,0.55602537,512,474
122,geometric_skeleton,qa_rendered_geometric_centerline_record_v1.0,26,207.68,263.0,0.40641966,0.55602537,512,474
122,geometric_skeleton,qa_rendered_geometric_centerline_record_v1.0,27,210.804,263.0,0.41253264,0.55602537,512,474
122,geometric_skeleton,qa_rendered_geometric_centerline_record_v1.0,28,213.928,263.0,0.41864563,0.55602537,512,474
122,geometric_skeleton,qa_rendered_geometric_centerline_record_v1.0,29,216.637,264.0,0.42394801,0.55813953,512,474
122,geometric_skeleton,qa_rendered_geometric_centerline_record_v1.0,30,219.761,264.0,0.430061,0.55813953,512,474
122,geometric_skeleton,qa_rendered_geometric_centerline_record_v1.0,31,222.885,264.0,0.43617398,0.55813953,512,474
122,geometric_skeleton,qa_rendered_geometric_centerline_record_v1.0,32,226.009,264.0,0.44228696,0.55813953,512,474
122,geometric_skeleton,qa_rendered_geometric_centerline_record_v1.0,33,228.718,265.0,0.44758935,0.5602537,512,474
122,geometric_skeleton,qa_rendered_geometric_centerline_record_v1.0,34,231.842,265.0,0.45370233,0.5602537,512,474
122,geometric_skeleton,qa_rendered_geometric_centerline_record_v1.0,35,234.966,265.0,0.45981531,0.5602537,512,474
122,geometric_skeleton,qa_rendered_geometric_centerline_record_v1.0,36,238.089,265.0,0.46592829,0.5602537,512,474
122,geometric_skeleton,qa_rendered_geometric_centerline_record_v1.0,37,241.213,265.0,0.47204127,0.5602537,512,474
122,geometric_skeleton,qa_rendered_geometric_centerline_record_v1.0,38,244.337,265.0,0.47815426,0.5602537,512,474
122,geometric_skeleton,qa_rendered_geometric_centerline_record_v1.0,39,247.461,265.0,0.48426724,0.5602537,512,474
122,geometric_skeleton,qa_rendered_geometric_centerline_record_v1.0,40,250.584,265.0,0.49038022,0.5602537,512,474
122,geometric_skeleton,qa_rendered_geometric_centerline_record_v1.0,41,253.708,265.0,0.4964932,0.5602537,512,474
122,geometric_skeleton,qa_rendered_geometric_centerline_record_v1.0,42,256.832,265.0,0.50260618,0.5602537,512,474
122,geometric_skeleton,qa_rendered_geometric_centerline_record_v1.0,43,259.383,263.617,0.50759832,0.55733035,512,474
122,geometric_skeleton,qa_rendered_geometric_centerline_record_v1.0,44,262.251,263.0,0.51321096,0.55602537,512,474
122,geometric_skeleton,qa_rendered_geometric_centerline_record_v1.0,45,265.375,263.0,0.51932394,0.55602537,512,474
122,geometric_skeleton,qa_rendered_geometric_centerline_record_v1.0,46,268.498,263.0,0.52543692,0.55602537,512,474
122,geometric_skeleton,qa_rendered_geometric_centerline_record_v1.0,47,271.622,263.0,0.53154991,0.55602537,512,474
122,geometric_skeleton,qa_rendered_geometric_centerline_record_v1.0,48,274.746,263.0,0.53766289,0.55602537,512,474
122,geometric_skeleton,qa_rendered_geometric_centerline_record_v1.0,49,277.455,262.0,0.54296528,0.55391121,512,474
122,geometric_skeleton,qa_rendered_geometric_centerline_record_v1.0,50,280.165,261.0,0.54826766,0.55179704,512,474
122,geometric_skeleton,qa_rendered_geometric_centerline_record_v1.0,51,282.874,260.0,0.55357005,0.54968288,512,474
122,geometric_skeleton,qa_rendered_geometric_centerline_record_v1.0,52,285.584,259.0,0.55887244,0.54756871,512,474
122,geometric_skeleton,qa_rendered_geometric_centerline_record_v1.0,53,288.708,259.0,0.56498542,0.54756871,512,474
122,geometric_skeleton,qa_rendered_geometric_centerline_record_v1.0,54,291.417,258.0,0.57028781,0.54545455,512,474
122,geometric_skeleton,qa_rendered_geometric_centerline_record_v1.0,55,294.541,258.0,0.57640079,0.54545455,512,474
122,geometric_skeleton,qa_rendered_geometric_centerline_record_v1.0,56,297.665,258.0,0.58251377,0.54545455,512,474
122,geometric_skeleton,qa_rendered_geometric_centerline_record_v1.0,57,300.788,258.0,0.58862675,0.54545455,512,474
122,geometric_skeleton,qa_rendered_geometric_centerline_record_v1.0,58,303.912,258.0,0.59473974,0.54545455,512,474
122,geometric_skeleton,qa_rendered_geometric_centerline_record_v1.0,59,307.036,258.0,0.60085272,0.54545455,512,474
122,geometric_skeleton,qa_rendered_geometric_centerline_record_v1.0,60,310.159,258.0,0.6069657,0.54545455,512,474
122,geometric_skeleton,qa_rendered_geometric_centerline_record_v1.0,61,313.283,258.0,0.61307868,0.54545455,512,474
122,geometric_skeleton,qa_rendered_geometric_centerline_record_v1.0,62,316.407,258.0,0.61919166,0.54545455,512,474
122,geometric_skeleton,qa_rendered_geometric_centerline_record_v1.0,63,319.531,258.0,0.62530465,0.54545455,512,474
122,geometric_skeleton,qa_rendered_geometric_centerline_record_v1.0,64,322.654,258.0,0.63141763,0.54545455,512,474
122,geometric_skeleton,qa_rendered_geometric_centerline_record_v1.0,65,325.778,258.0,0.63753061,0.54545455,512,474
122,geometric_skeleton,qa_rendered_geometric_centerline_record_v1.0,66,328.902,258.0,0.64364359,0.54545455,512,474
122,geometric_skeleton,qa_rendered_geometric_centerline_record_v1.0,67,332.026,258.0,0.64975657,0.54545455,512,474
122,geometric_skeleton,qa_rendered_geometric_centerline_record_v1.0,68,335.149,258.0,0.65586956,0.54545455,512,474
122,geometric_skeleton,qa_rendered_geometric_centerline_record_v1.0,69,338.273,258.0,0.66198254,0.54545455,512,474
122,geometric_skeleton,qa_rendered_geometric_centerline_record_v1.0,70,341.397,258.0,0.66809552,0.54545455,512,474
122,geometric_skeleton,qa_rendered_geometric_centerline_record_v1.0,71,344.521,258.0,0.6742085,0.54545455,512,474
122,geometric_skeleton,qa_rendered_geometric_centerline_record_v1.0,72,347.644,258.0,0.68032148,0.54545455,512,474
122,geometric_skeleton,qa_rendered_geometric_centerline_record_v1.0,73,350.768,258.0,0.68643447,0.54545455,512,474
122,geometric_skeleton,qa_rendered_geometric_centerline_record_v1.0,74,353.892,258.0,0.69254745,0.54545455,512,474
122,geometric_skeleton,qa_rendered_geometric_centerline_record_v1.0,75,357.015,258.0,0.69866043,0.54545455,512,474
122,geometric_skeleton,qa_rendered_geometric_centerline_record_v1.0,76,359.806,257.194,0.70412044,0.54375149,512,474
122,geometric_skeleton,qa_rendered_geometric_centerline_record_v1.0,77,362.849,257.0,0.7100758,0.54334038,512,474
122,geometric_skeleton,qa_rendered_geometric_centerline_record_v1.0,78,365.972,257.0,0.71618878,0.54334038,512,474
122,geometric_skeleton,qa_rendered_geometric_centerline_record_v1.0,79,368.775,256.225,0.72167345,0.54170163,512,474
122,geometric_skeleton,qa_rendered_geometric_centerline_record_v1.0,80,371.806,256.0,0.72760415,0.54122622,512,474
122,geometric_skeleton,qa_rendered_geometric_centerline_record_v1.0,81,374.929,256.0,0.73371713,0.54122622,512,474
122,geometric_skeleton,qa_rendered_geometric_centerline_record_v1.0,82,377.745,255.255,0.73922645,0.53965176,512,474
122,geometric_skeleton,qa_rendered_geometric_centerline_record_v1.0,83,380.763,255.0,0.7451325,0.53911205,512,474
122,geometric_skeleton,qa_rendered_geometric_centerline_record_v1.0,84,383.886,255.0,0.75124548,0.53911205,512,474
122,geometric_skeleton,qa_rendered_geometric_centerline_record_v1.0,85,386.714,254.286,0.75677946,0.5376019,512,474
122,geometric_skeleton,qa_rendered_geometric_centerline_record_v1.0,86,389.509,253.491,0.76224834,0.53592198,512,474
122,geometric_skeleton,qa_rendered_geometric_centerline_record_v1.0,87,392.304,252.696,0.76771723,0.53424207,512,474
122,geometric_skeleton,qa_rendered_geometric_centerline_record_v1.0,88,395.098,251.902,0.77318611,0.53256215,512,474
122,geometric_skeleton,qa_rendered_geometric_centerline_record_v1.0,89,397.848,251.0,0.77856802,0.53065539,512,474
122,geometric_skeleton,qa_rendered_geometric_centerline_record_v1.0,90,400.558,250.0,0.78387041,0.52854123,512,474
122,geometric_skeleton,qa_rendered_geometric_centerline_record_v1.0,91,403.267,249.0,0.78917279,0.52642706,512,474
122,geometric_skeleton,qa_rendered_geometric_centerline_record_v1.0,92,406.391,249.0,0.79528578,0.52642706,512,474
122,geometric_skeleton,qa_rendered_geometric_centerline_record_v1.0,93,409.515,249.0,0.80139876,0.52642706,512,474
122,geometric_skeleton,qa_rendered_geometric_centerline_record_v1.0,94,412.224,248.0,0.80670115,0.5243129,512,474
122,geometric_skeleton,qa_rendered_geometric_centerline_record_v1.0,95,415.348,248.0,0.81281413,0.5243129,512,474
122,geometric_skeleton,qa_rendered_geometric_centerline_record_v1.0,96,418.472,248.0,0.81892711,0.5243129,512,474
122,geometric_skeleton,qa_rendered_geometric_centerline_record_v1.0,97,421.181,247.0,0.8242295,0.52219873,512,474
122,geometric_skeleton,qa_rendered_geometric_centerline_record_v1.0,98,424.305,247.0,0.83034248,0.52219873,512,474
122,geometric_skeleton,qa_rendered_geometric_centerline_record_v1.0,99,427.429,247.0,0.83645546,0.52219873,512,474
122,geometric_skeleton,qa_rendered_geometric_centerline_record_v1.0,100,430.138,246.0,0.84175785,0.52008457,512,474
122,geometric_skeleton,qa_rendered_geometric_centerline_record_v1.0,101,433.262,246.0,0.84787083,0.52008457,512,474
122,geometric_skeleton,qa_rendered_geometric_centerline_record_v1.0,102,435.972,245.0,0.85317322,0.5179704,512,474
122,geometric_skeleton,qa_rendered_geometric_centerline_record_v1.0,103,439.095,245.0,0.8592862,0.5179704,512,474
122,geometric_skeleton,qa_rendered_geometric_centerline_record_v1.0,104,441.805,244.0,0.86458859,0.51585624,512,474
122,geometric_skeleton,qa_rendered_geometric_centerline_record_v1.0,105,444.929,244.0,0.87070157,0.51585624,512,474
122,geometric_skeleton,qa_rendered_geometric_centerline_record_v1.0,106,448.052,244.0,0.87681455,0.51585624,512,474
122,geometric_skeleton,qa_rendered_geometric_centerline_record_v1.0,107,451.176,244.0,0.88292753,0.51585624,512,474
122,geometric_skeleton,qa_rendered_geometric_centerline_record_v1.0,108,454.3,244.0,0.88904052,0.51585624,512,474
122,geometric_skeleton,qa_rendered_geometric_centerline_record_v1.0,109,457.009,243.0,0.8943429,0.51374207,512,474
122,geometric_skeleton,qa_rendered_geometric_centerline_record_v1.0,110,460.133,243.0,0.90045589,0.51374207,512,474
122,geometric_skeleton,qa_rendered_geometric_centerline_record_v1.0,111,463.257,243.0,0.90656887,0.51374207,512,474
122,geometric_skeleton,qa_rendered_geometric_centerline_record_v1.0,112,466.38,243.0,0.91268185,0.51374207,512,474
122,geometric_skeleton,qa_rendered_geometric_centerline_record_v1.0,113,469.504,243.0,0.91879483,0.51374207,512,474
122,geometric_skeleton,qa_rendered_geometric_centerline_record_v1.0,114,472.444,243.444,0.92454792,0.51468073,512,474
122,geometric_skeleton,qa_rendered_geometric_centerline_record_v1.0,115,474.653,245.653,0.92887045,0.51935053,512,474
122,geometric_skeleton,qa_rendered_geometric_centerline_record_v1.0,116,476.862,247.862,0.93319298,0.52402033,512,474
122,geometric_skeleton,qa_rendered_geometric_centerline_record_v1.0,117,479.0,250.1,0.93737769,0.5287518,512,474
122,geometric_skeleton,qa_rendered_geometric_centerline_record_v1.0,118,480.572,252.572,0.94045427,0.53397914,512,474
122,geometric_skeleton,qa_rendered_geometric_centerline_record_v1.0,119,482.074,255.074,0.94339303,0.53926816,512,474
122,geometric_skeleton,qa_rendered_geometric_centerline_record_v1.0,120,483.576,257.576,0.94633179,0.54455718,512,474
122,geometric_skeleton,qa_rendered_geometric_centerline_record_v1.0,121,484.37,260.37,0.94788678,0.55046543,512,474
122,geometric_skeleton,qa_rendered_geometric_centerline_record_v1.0,122,485.165,263.165,0.94944177,0.55637367,512,474
122,geometric_skeleton,qa_rendered_geometric_centerline_record_v1.0,123,487.374,265.374,0.95376431,0.56104347,512,474
122,geometric_skeleton,qa_rendered_geometric_centerline_record_v1.0,124,489.116,267.815,0.9571751,0.56620576,512,474
122,geometric_skeleton,qa_rendered_geometric_centerline_record_v1.0,125,489.558,270.908,0.9580396,0.57274347,512,474
122,geometric_skeleton,qa_rendered_geometric_centerline_record_v1.0,126,490.0,274.0,0.95890411,0.57928118,512,474
123,geometric_skeleton,qa_rendered_geometric_centerline_record_v1.0,0,124.0,208.0,0.24266145,0.4397463,512,474
123,geometric_skeleton,qa_rendered_geometric_centerline_record_v1.0,1,127.155,208.0,0.24883654,0.4397463,512,474
123,geometric_skeleton,qa_rendered_geometric_centerline_record_v1.0,2,130.311,208.0,0.25501162,0.4397463,512,474
123,geometric_skeleton,qa_rendered_geometric_centerline_record_v1.0,3,133.037,209.037,0.2603462,0.4419385,512,474
123,geometric_skeleton,qa_rendered_geometric_centerline_record_v1.0,4,135.268,211.268,0.26471265,0.44665574,512,474
123,geometric_skeleton,qa_rendered_geometric_centerline_record_v1.0,5,138.12,212.0,0.27029451,0.44820296,512,474
123,geometric_skeleton,qa_rendered_geometric_centerline_record_v1.0,6,141.195,212.195,0.27631142,0.44861551,512,474
123,geometric_skeleton,qa_rendered_geometric_centerline_record_v1.0,7,144.012,213.012,0.28182422,0.45034287,512,474
123,geometric_skeleton,qa_rendered_geometric_centerline_record_v1.0,8,146.758,214.0,0.28719859,0.45243129,512,474
123,geometric_skeleton,qa_rendered_geometric_centerline_record_v1.0,9,149.914,214.0,0.29337368,0.45243129,512,474
123,geometric_skeleton,qa_rendered_geometric_centerline_record_v1.0,10,152.655,215.0,0.29873817,0.45454545,512,474
123,geometric_skeleton,qa_rendered_geometric_centerline_record_v1.0,11,155.811,215.0,0.30491326,0.45454545,512,474
123,geometric_skeleton,qa_rendered_geometric_centerline_record_v1.0,12,158.966,215.0,0.31108835,0.45454545,512,474
123,geometric_skeleton,qa_rendered_geometric_centerline_record_v1.0,13,162.086,215.086,0.31719373,0.45472726,512,474
123,geometric_skeleton,qa_rendered_geometric_centerline_record_v1.0,14,164.863,216.0,0.32262793,0.45665962,512,474
123,geometric_skeleton,qa_rendered_geometric_centerline_record_v1.0,15,168.013,216.013,0.3287925,0.45668704,512,474
123,geometric_skeleton,qa_rendered_geometric_centerline_record_v1.0,16,170.76,217.0,0.33416751,0.45877378,512,474
123,geometric_skeleton,qa_rendered_geometric_centerline_record_v1.0,17,173.915,217.0,0.3403426,0.45877378,512,474
123,geometric_skeleton,qa_rendered_geometric_centerline_record_v1.0,18,177.05,217.05,0.34647726,0.45887924,512,474
123,geometric_skeleton,qa_rendered_geometric_centerline_record_v1.0,19,179.812,218.0,0.35188218,0.46088795,512,474
123,geometric_skeleton,qa_rendered_geometric_centerline_record_v1.0,20,182.967,218.0,0.35805727,0.46088795,512,474
123,geometric_skeleton,qa_rendered_geometric_centerline_record_v1.0,21,186.087,218.087,0.36416201,0.46107143,512,474
123,geometric_skeleton,qa_rendered_geometric_centerline_record_v1.0,22,188.864,219.0,0.36959685,0.46300211,512,474
123,geometric_skeleton,qa_rendered_geometric_centerline_record_v1.0,23,191.605,220.0,0.37496135,0.46511628,512,474
123,geometric_skeleton,qa_rendered_geometric_centerline_record_v1.0,24,194.761,220.0,0.38113644,0.46511628,512,474
123,geometric_skeleton,qa_rendered_geometric_centerline_record_v1.0,25,197.916,220.0,0.38731152,0.46511628,512,474
123,geometric_skeleton,qa_rendered_geometric_centerline_record_v1.0,26,201.072,220.0,0.39348661,0.46511628,512,474
123,geometric_skeleton,qa_rendered_geometric_centerline_record_v1.0,27,204.227,220.0,0.3996617,0.46511628,512,474
123,geometric_skeleton,qa_rendered_geometric_centerline_record_v1.0,28,207.383,220.0,0.40583679,0.46511628,512,474
123,geometric_skeleton,qa_rendered_geometric_centerline_record_v1.0,29,210.538,220.0,0.41201188,0.46511628,512,474
123,geometric_skeleton,qa_rendered_geometric_centerline_record_v1.0,30,213.49,220.49,0.41778944,0.46615308,512,474
123,geometric_skeleton,qa_rendered_geometric_centerline_record_v1.0,31,216.435,221.0,0.42355146,0.46723044,512,474
123,geometric_skeleton,qa_rendered_geometric_centerline_record_v1.0,32,219.59,221.0,0.42972655,0.46723044,512,474
123,geometric_skeleton,qa_rendered_geometric_centerline_record_v1.0,33,222.746,221.0,0.43590164,0.46723044,512,474
123,geometric_skeleton,qa_rendered_geometric_centerline_record_v1.0,34,225.901,221.0,0.44207672,0.46723044,512,474
123,geometric_skeleton,qa_rendered_geometric_centerline_record_v1.0,35,228.747,221.747,0.44764615,0.46881011,512,474
123,geometric_skeleton,qa_rendered_geometric_centerline_record_v1.0,36,231.798,222.0,0.45361631,0.46934461,512,474
123,geometric_skeleton,qa_rendered_geometric_centerline_record_v1.0,37,234.953,222.0,0.45979139,0.46934461,512,474
123,geometric_skeleton,qa_rendered_geometric_centerline_record_v1.0,38,237.784,222.784,0.4653309,0.47100231,512,474
123,geometric_skeleton,qa_rendered_geometric_centerline_record_v1.0,39,240.85,223.0,0.47133098,0.47145877,512,474
123,geometric_skeleton,qa_rendered_geometric_centerline_record_v1.0,40,244.006,223.0,0.47750606,0.47145877,512,474
123,geometric_skeleton,qa_rendered_geometric_centerline_record_v1.0,41,247.161,223.0,0.48368115,0.47145877,512,474
123,geometric_skeleton,qa_rendered_geometric_centerline_record_v1.0,42,250.317,223.0,0.48985624,0.47145877,512,474
123,geometric_skeleton,qa_rendered_geometric_centerline_record_v1.0,43,253.058,224.0,0.49522073,0.47357294,512,474
123,geometric_skeleton,qa_rendered_geometric_centerline_record_v1.0,44,256.213,224.0,0.50139582,0.47357294,512,474
123,geometric_skeleton,qa_rendered_geometric_centerline_record_v1.0,45,258.968,224.968,0.50678638,0.47561912,512,474
123,geometric_skeleton,qa_rendered_geometric_centerline_record_v1.0,46,261.785,225.785,0.51229918,0.47734648,512,474
123,geometric_skeleton,qa_rendered_geometric_centerline_record_v1.0,47,264.602,226.602,0.51781198,0.47907383,512,474
123,geometric_skeleton,qa_rendered_geometric_centerline_record_v1.0,48,267.593,227.0,0.52366439,0.47991543,512,474
123,geometric_skeleton,qa_rendered_geometric_centerline_record_v1.0,49,270.529,227.529,0.52941076,0.48103361,512,474
123,geometric_skeleton,qa_rendered_geometric_centerline_record_v1.0,50,273.489,228.0,0.53520398,0.4820296,512,474
123,geometric_skeleton,qa_rendered_geometric_centerline_record_v1.0,51,276.645,228.0,0.54137906,0.4820296,512,474
123,geometric_skeleton,qa_rendered_geometric_centerline_record_v1.0,52,279.8,228.0,0.54755415,0.4820296,512,474
123,geometric_skeleton,qa_rendered_geometric_centerline_record_v1.0,53,282.956,228.0,0.55372924,0.4820296,512,474
123,geometric_skeleton,qa_rendered_geometric_centerline_record_v1.0,54,286.111,228.0,0.55990433,0.4820296,512,474
123,geometric_skeleton,qa_rendered_geometric_centerline_record_v1.0,55,288.896,228.896,0.56535344,0.48392306,512,474
123,geometric_skeleton,qa_rendered_geometric_centerline_record_v1.0,56,292.008,229.0,0.57144391,0.48414376,512,474
123,geometric_skeleton,qa_rendered_geometric_centerline_record_v1.0,57,295.163,229.0,0.577619,0.48414376,512,474
123,geometric_skeleton,qa_rendered_geometric_centerline_record_v1.0,58,297.933,229.933,0.58303819,0.48611526,512,474
123,geometric_skeleton,qa_rendered_geometric_centerline_record_v1.0,59,301.06,230.0,0.58915858,0.48625793,512,474
123,geometric_skeleton,qa_rendered_geometric_centerline_record_v1.0,60,304.216,230.0,0.59533367,0.48625793,512,474
123,geometric_skeleton,qa_rendered_geometric_centerline_record_v1.0,61,306.969,230.969,0.60072295,0.48830745,512,474
123,geometric_skeleton,qa_rendered_geometric_centerline_record_v1.0,62,310.112,231.0,0.60687325,0.48837209,512,474
123,geometric_skeleton,qa_rendered_geometric_centerline_record_v1.0,63,313.268,231.0,0.61304834,0.48837209,512,474
123,geometric_skeleton,qa_rendered_geometric_centerline_record_v1.0,64,316.423,231.0,0.61922343,0.48837209,512,474
123,geometric_skeleton,qa_rendered_geometric_centerline_record_v1.0,65,319.579,231.0,0.62539852,0.48837209,512,474
123,geometric_skeleton,qa_rendered_geometric_centerline_record_v1.0,66,322.734,231.0,0.6315736,0.48837209,512,474
123,geometric_skeleton,qa_rendered_geometric_centerline_record_v1.0,67,325.89,231.0,0.63774869,0.48837209,512,474
123,geometric_skeleton,qa_rendered_geometric_centerline_record_v1.0,68,329.045,231.0,0.64392378,0.48837209,512,474
123,geometric_skeleton,qa_rendered_geometric_centerline_record_v1.0,69,332.201,231.0,0.65009887,0.48837209,512,474
123,geometric_skeleton,qa_rendered_geometric_centerline_record_v1.0,70,335.356,231.0,0.65627396,0.48837209,512,474
123,geometric_skeleton,qa_rendered_geometric_centerline_record_v1.0,71,338.511,231.0,0.66244905,0.48837209,512,474
123,geometric_skeleton,qa_rendered_geometric_centerline_record_v1.0,72,341.667,231.0,0.66862413,0.48837209,512,474
123,geometric_skeleton,qa_rendered_geometric_centerline_record_v1.0,73,344.408,232.0,0.67398863,0.49048626,512,474
123,geometric_skeleton,qa_rendered_geometric_centerline_record_v1.0,74,347.564,232.0,0.68016372,0.49048626,512,474
123,geometric_skeleton,qa_rendered_geometric_centerline_record_v1.0,75,350.305,233.0,0.68552821,0.49260042,512,474
123,geometric_skeleton,qa_rendered_geometric_centerline_record_v1.0,76,353.46,233.0,0.6917033,0.49260042,512,474
123,geometric_skeleton,qa_rendered_geometric_centerline_record_v1.0,77,356.616,233.0,0.69787839,0.49260042,512,474
123,geometric_skeleton,qa_rendered_geometric_centerline_record_v1.0,78,359.771,233.0,0.70405347,0.49260042,512,474
123,geometric_skeleton,qa_rendered_geometric_centerline_record_v1.0,79,362.927,233.0,0.71022856,0.49260042,512,474
123,geometric_skeleton,qa_rendered_geometric_centerline_record_v1.0,80,366.082,233.0,0.71640365,0.49260042,512,474
123,geometric_skeleton,qa_rendered_geometric_centerline_record_v1.0,81,369.238,233.0,0.72257874,0.49260042,512,474
123,geometric_skeleton,qa_rendered_geometric_centerline_record_v1.0,82,371.692,234.692,0.7273821,0.49617812,512,474
123,geometric_skeleton,qa_rendered_geometric_centerline_record_v1.0,83,374.72,235.0,0.73330773,0.49682875,512,474
123,geometric_skeleton,qa_rendered_geometric_centerline_record_v1.0,84,377.876,235.0,0.73948282,0.49682875,512,474
123,geometric_skeleton,qa_rendered_geometric_centerline_record_v1.0,85,381.031,235.0,0.7456579,0.49682875,512,474
123,geometric_skeleton,qa_rendered_geometric_centerline_record_v1.0,86,384.132,235.132,0.751726,0.4971078,512,474
123,geometric_skeleton,qa_rendered_geometric_centerline_record_v1.0,87,386.928,236.0,0.75719749,0.49894292,512,474
123,geometric_skeleton,qa_rendered_geometric_centerline_record_v1.0,88,390.083,236.0,0.76337257,0.49894292,512,474
123,geometric_skeleton,qa_rendered_geometric_centerline_record_v1.0,89,393.169,236.169,0.76941076,0.49929999,512,474
123,geometric_skeleton,qa_rendered_geometric_centerline_record_v1.0,90,395.98,237.0,0.77491216,0.50105708,512,474
123,geometric_skeleton,qa_rendered_geometric_centerline_record_v1.0,91,399.096,237.096,0.78100953,0.50125977,512,474
123,geometric_skeleton,qa_rendered_geometric_centerline_record_v1.0,92,401.877,238.0,0.78645174,0.50317125,512,474
123,geometric_skeleton,qa_rendered_geometric_centerline_record_v1.0,93,405.032,238.0,0.79262683,0.50317125,512,474
123,geometric_skeleton,qa_rendered_geometric_centerline_record_v1.0,94,408.133,238.133,0.79869428,0.50345197,512,474
123,geometric_skeleton,qa_rendered_geometric_centerline_record_v1.0,95,410.929,239.0,0.80416641,0.50528541,512,474
123,geometric_skeleton,qa_rendered_geometric_centerline_record_v1.0,96,414.06,239.06,0.81029306,0.50541174,512,474
123,geometric_skeleton,qa_rendered_geometric_centerline_record_v1.0,97,416.826,240.0,0.81570599,0.50739958,512,474
123,geometric_skeleton,qa_rendered_geometric_centerline_record_v1.0,98,419.981,240.0,0.82188108,0.50739958,512,474
123,geometric_skeleton,qa_rendered_geometric_centerline_record_v1.0,99,423.097,240.097,0.82797781,0.50760394,512,474
123,geometric_skeleton,qa_rendered_geometric_centerline_record_v1.0,100,425.878,241.0,0.83342066,0.50951374,512,474
123,geometric_skeleton,qa_rendered_geometric_centerline_record_v1.0,101,429.033,241.0,0.83959575,0.50951374,512,474
123,geometric_skeleton,qa_rendered_geometric_centerline_record_v1.0,102,432.189,241.0,0.84577084,0.50951374,512,474
123,geometric_skeleton,qa_rendered_geometric_centerline_record_v1.0,103,435.344,241.0,0.85194593,0.50951374,512,474
123,geometric_skeleton,qa_rendered_geometric_centerline_record_v1.0,104,438.5,241.0,0.85812101,0.50951374,512,474
123,geometric_skeleton,qa_rendered_geometric_centerline_record_v1.0,105,441.655,241.0,0.8642961,0.50951374,512,474
123,geometric_skeleton,qa_rendered_geometric_centerline_record_v1.0,106,444.811,241.0,0.87047119,0.50951374,512,474
123,geometric_skeleton,qa_rendered_geometric_centerline_record_v1.0,107,447.966,241.0,0.87664628,0.50951374,512,474
123,geometric_skeleton,qa_rendered_geometric_centerline_record_v1.0,108,451.122,241.0,0.88282137,0.50951374,512,474
123,geometric_skeleton,qa_rendered_geometric_centerline_record_v1.0,109,454.277,241.0,0.88899646,0.50951374,512,474
123,geometric_skeleton,qa_rendered_geometric_centerline_record_v1.0,110,457.018,240.0,0.89436095,0.50739958,512,474
123,geometric_skeleton,qa_rendered_geometric_centerline_record_v1.0,111,459.83,239.17,0.89986318,0.50564464,512,474
123,geometric_skeleton,qa_rendered_geometric_centerline_record_v1.0,112,462.354,237.646,0.9048028,0.50242234,512,474
123,geometric_skeleton,qa_rendered_geometric_centerline_record_v1.0,113,464.585,235.415,0.90916925,0.49770511,512,474
123,geometric_skeleton,qa_rendered_geometric_centerline_record_v1.0,114,466.817,233.183,0.91353569,0.49298787,512,474
123,geometric_skeleton,qa_rendered_geometric_centerline_record_v1.0,115,469.048,230.952,0.91790214,0.48827063,512,474
123,geometric_skeleton,qa_rendered_geometric_centerline_record_v1.0,116,470.0,228.191,0.91976517,0.48243313,512,474
123,geometric_skeleton,qa_rendered_geometric_centerline_record_v1.0,117,471.0,225.45,0.92172211,0.47663766,512,474
123,geometric_skeleton,qa_rendered_geometric_centerline_record_v1.0,118,471.0,222.294,0.92172211,0.46996648,512,474
123,geometric_skeleton,qa_rendered_geometric_centerline_record_v1.0,119,471.609,219.391,0.92291399,0.46382865,512,474
123,geometric_skeleton,qa_rendered_geometric_centerline_record_v1.0,120,473.0,216.812,0.92563601,0.45837554,512,474
123,geometric_skeleton,qa_rendered_geometric_centerline_record_v1.0,121,473.0,213.656,0.92563601,0.45170436,512,474
123,geometric_skeleton,qa_rendered_geometric_centerline_record_v1.0,122,473.96,210.848,0.92751435,0.44576786,512,474
123,geometric_skeleton,qa_rendered_geometric_centerline_record_v1.0,123,475.98,208.424,0.93146755,0.44064292,512,474
123,geometric_skeleton,qa_rendered_geometric_centerline_record_v1.0,124,478.0,206.0,0.93542074,0.43551797,512,474
124,geometric_skeleton,qa_rendered_geometric_centerline_record_v1.0,0,118.0,230.0,0.23091977,0.48625793,512,474
124,geometric_skeleton,qa_rendered_geometric_centerline_record_v1.0,1,120.964,229.153,0.23672045,0.48446744,512,474
124,geometric_skeleton,qa_rendered_geometric_centerline_record_v1.0,2,123.928,228.306,0.24252113,0.48267696,512,474
124,geometric_skeleton,qa_rendered_geometric_centerline_record_v1.0,3,126.968,228.0,0.24847001,0.4820296,512,474
124,geometric_skeleton,qa_rendered_geometric_centerline_record_v1.0,4,130.051,228.0,0.25450281,0.4820296,512,474
124,geometric_skeleton,qa_rendered_geometric_centerline_record_v1.0,5,132.509,229.509,0.25931263,0.48521935,512,474
124,geometric_skeleton,qa_rendered_geometric_centerline_record_v1.0,6,135.388,230.0,0.26494723,0.48625793,512,474
124,geometric_skeleton,qa_rendered_geometric_centerline_record_v1.0,7,138.471,230.0,0.27098003,0.48625793,512,474
124,geometric_skeleton,qa_rendered_geometric_centerline_record_v1.0,8,141.139,231.0,0.27620224,0.48837209,512,474
124,geometric_skeleton,qa_rendered_geometric_centerline_record_v1.0,9,144.222,231.0,0.28223504,0.48837209,512,474
124,geometric_skeleton,qa_rendered_geometric_centerline_record_v1.0,10,147.305,231.0,0.28826784,0.48837209,512,474
124,geometric_skeleton,qa_rendered_geometric_centerline_record_v1.0,11,150.388,231.0,0.29430064,0.48837209,512,474
124,geometric_skeleton,qa_rendered_geometric_centerline_record_v1.0,12,153.47,231.0,0.30033345,0.48837209,512,474
124,geometric_skeleton,qa_rendered_geometric_centerline_record_v1.0,13,156.553,231.0,0.30636625,0.48837209,512,474
124,geometric_skeleton,qa_rendered_geometric_centerline_record_v1.0,14,159.636,231.0,0.31239905,0.48837209,512,474
124,geometric_skeleton,qa_rendered_geometric_centerline_record_v1.0,15,162.719,231.0,0.31843185,0.48837209,512,474
124,geometric_skeleton,qa_rendered_geometric_centerline_record_v1.0,16,165.801,231.0,0.32446465,0.48837209,512,474
124,geometric_skeleton,qa_rendered_geometric_centerline_record_v1.0,17,168.884,231.0,0.33049746,0.48837209,512,474
124,geometric_skeleton,qa_rendered_geometric_centerline_record_v1.0,18,171.967,231.0,0.33653026,0.48837209,512,474
124,geometric_skeleton,qa_rendered_geometric_centerline_record_v1.0,19,175.05,231.0,0.34256306,0.48837209,512,474
124,geometric_skeleton,qa_rendered_geometric_centerline_record_v1.0,20,178.094,231.094,0.34851992,0.48857015,512,474
124,geometric_skeleton,qa_rendered_geometric_centerline_record_v1.0,21,180.801,232.0,0.35381807,0.49048626,512,474
124,geometric_skeleton,qa_rendered_geometric_centerline_record_v1.0,22,183.884,232.0,0.35985087,0.49048626,512,474
124,geometric_skeleton,qa_rendered_geometric_centerline_record_v1.0,23,186.138,234.0,0.36426248,0.49471459,512,474
124,geometric_skeleton,qa_rendered_geometric_centerline_record_v1.0,24,189.221,234.0,0.37029529,0.49471459,512,474
124,geometric_skeleton,qa_rendered_geometric_centerline_record_v1.0,25,192.304,234.0,0.37632809,0.49471459,512,474
124,geometric_skeleton,qa_rendered_geometric_centerline_record_v1.0,26,195.386,234.0,0.38236089,0.49471459,512,474
124,geometric_skeleton,qa_rendered_geometric_centerline_record_v1.0,27,198.469,234.0,0.38839369,0.49471459,512,474
124,geometric_skeleton,qa_rendered_geometric_centerline_record_v1.0,28,201.552,234.0,0.39442649,0.49471459,512,474
124,geometric_skeleton,qa_rendered_geometric_centerline_record_v1.0,29,204.635,234.0,0.4004593,0.49471459,512,474
124,geometric_skeleton,qa_rendered_geometric_centerline_record_v1.0,30,207.717,234.0,0.4064921,0.49471459,512,474
124,geometric_skeleton,qa_rendered_geometric_centerline_record_v1.0,31,210.8,234.0,0.4125249,0.49471459,512,474
124,geometric_skeleton,qa_rendered_geometric_centerline_record_v1.0,32,213.883,234.0,0.4185577,0.49471459,512,474
124,geometric_skeleton,qa_rendered_geometric_centerline_record_v1.0,33,216.966,234.0,0.4245905,0.49471459,512,474
124,geometric_skeleton,qa_rendered_geometric_centerline_record_v1.0,34,220.049,234.0,0.43062331,0.49471459,512,474
124,geometric_skeleton,qa_rendered_geometric_centerline_record_v1.0,35,223.131,234.0,0.43665611,0.49471459,512,474
124,geometric_skeleton,qa_rendered_geometric_centerline_record_v1.0,36,226.214,234.0,0.44268891,0.49471459,512,474
124,geometric_skeleton,qa_rendered_geometric_centerline_record_v1.0,37,229.297,234.0,0.44872171,0.49471459,512,474
124,geometric_skeleton,qa_rendered_geometric_centerline_record_v1.0,38,232.38,234.0,0.45475451,0.49471459,512,474
124,geometric_skeleton,qa_rendered_geometric_centerline_record_v1.0,39,235.462,234.0,0.46078732,0.49471459,512,474
124,geometric_skeleton,qa_rendered_geometric_centerline_record_v1.0,40,238.545,234.0,0.46682012,0.49471459,512,474
124,geometric_skeleton,qa_rendered_geometric_centerline_record_v1.0,41,241.628,234.0,0.47285292,0.49471459,512,474
124,geometric_skeleton,qa_rendered_geometric_centerline_record_v1.0,42,244.711,234.0,0.47888572,0.49471459,512,474
124,geometric_skeleton,qa_rendered_geometric_centerline_record_v1.0,43,247.793,234.0,0.48491852,0.49471459,512,474
124,geometric_skeleton,qa_rendered_geometric_centerline_record_v1.0,44,250.462,233.0,0.49014073,0.49260042,512,474
124,geometric_skeleton,qa_rendered_geometric_centerline_record_v1.0,45,253.545,233.0,0.49617353,0.49260042,512,474
124,geometric_skeleton,qa_rendered_geometric_centerline_record_v1.0,46,256.627,233.0,0.50220634,0.49260042,512,474
124,geometric_skeleton,qa_rendered_geometric_centerline_record_v1.0,47,259.502,232.498,0.50783207,0.49153872,512,474
124,geometric_skeleton,qa_rendered_geometric_centerline_record_v1.0,48,262.268,231.732,0.51324426,0.48992005,512,474
124,geometric_skeleton,qa_rendered_geometric_centerline_record_v1.0,49,265.033,230.967,0.51865644,0.48830139,512,474
124,geometric_skeleton,qa_rendered_geometric_centerline_record_v1.0,50,267.302,229.0,0.52309517,0.48414376,512,474
124,geometric_skeleton,qa_rendered_geometric_centerline_record_v1.0,51,269.97,228.0,0.52831737,0.4820296,512,474
124,geometric_skeleton,qa_rendered_geometric_centerline_record_v1.0,52,272.452,226.548,0.53317348,0.47896058,512,474
124,geometric_skeleton,qa_rendered_geometric_centerline_record_v1.0,53,274.924,225.076,0.53801249,0.47584697,512,474
124,geometric_skeleton,qa_rendered_geometric_centerline_record_v1.0,54,277.69,224.31,0.54342468,0.47422831,512,474
124,geometric_skeleton,qa_rendered_geometric_centerline_record_v1.0,55,280.644,224.0,0.54920621,0.47357294,512,474
124,geometric_skeleton,qa_rendered_geometric_centerline_record_v1.0,56,283.514,223.486,0.55482223,0.47248592,512,474
124,geometric_skeleton,qa_rendered_geometric_centerline_record_v1.0,57,286.28,222.72,0.56023442,0.47086725,512,474
124,geometric_skeleton,qa_rendered_geometric_centerline_record_v1.0,58,289.064,222.0,0.56568342,0.46934461,512,474
124,geometric_skeleton,qa_rendered_geometric_centerline_record_v1.0,59,292.147,222.0,0.57171623,0.46934461,512,474
124,geometric_skeleton,qa_rendered_geometric_centerline_record_v1.0,60,295.23,222.0,0.57774903,0.46934461,512,474
124,geometric_skeleton,qa_rendered_geometric_centerline_record_v1.0,61,298.313,222.0,0.58378183,0.46934461,512,474
124,geometric_skeleton,qa_rendered_geometric_centerline_record_v1.0,62,301.395,222.0,0.58981463,0.46934461,512,474
124,geometric_skeleton,qa_rendered_geometric_centerline_record_v1.0,63,304.478,222.0,0.59584743,0.46934461,512,474
124,geometric_skeleton,qa_rendered_geometric_centerline_record_v1.0,64,307.561,222.0,0.60188024,0.46934461,512,474
124,geometric_skeleton,qa_rendered_geometric_centerline_record_v1.0,65,310.644,222.0,0.60791304,0.46934461,512,474
124,geometric_skeleton,qa_rendered_geometric_centerline_record_v1.0,66,313.726,222.0,0.61394584,0.46934461,512,474
124,geometric_skeleton,qa_rendered_geometric_centerline_record_v1.0,67,316.809,222.0,0.61997864,0.46934461,512,474
124,geometric_skeleton,qa_rendered_geometric_centerline_record_v1.0,68,319.892,222.0,0.62601144,0.46934461,512,474
124,geometric_skeleton,qa_rendered_geometric_centerline_record_v1.0,69,322.975,222.0,0.63204424,0.46934461,512,474
124,geometric_skeleton,qa_rendered_geometric_centerline_record_v1.0,70,325.748,222.748,0.63747099,0.47092532,512,474
124,geometric_skeleton,qa_rendered_geometric_centerline_record_v1.0,71,328.726,223.0,0.64329925,0.47145877,512,474
124,geometric_skeleton,qa_rendered_geometric_centerline_record_v1.0,72,331.572,223.572,0.64886854,0.4726677,512,474
124,geometric_skeleton,qa_rendered_geometric_centerline_record_v1.0,73,334.477,224.0,0.65455426,0.47357294,512,474
124,geometric_skeleton,qa_rendered_geometric_centerline_record_v1.0,74,337.396,224.396,0.66026609,0.47441009,512,474
124,geometric_skeleton,qa_rendered_geometric_centerline_record_v1.0,75,340.229,225.0,0.66580927,0.4756871,512,474
124,geometric_skeleton,qa_rendered_geometric_centerline_record_v1.0,76,343.311,225.0,0.67184208,0.4756871,512,474
124,geometric_skeleton,qa_rendered_geometric_centerline_record_v1.0,77,346.394,225.0,0.67787488,0.4756871,512,474
124,geometric_skeleton,qa_rendered_geometric_centerline_record_v1.0,78,349.477,225.0,0.68390768,0.4756871,512,474
124,geometric_skeleton,qa_rendered_geometric_centerline_record_v1.0,79,352.396,225.396,0.68961974,0.47652365,512,474
124,geometric_skeleton,qa_rendered_geometric_centerline_record_v1.0,80,355.228,226.0,0.69516269,0.47780127,512,474
124,geometric_skeleton,qa_rendered_geometric_centerline_record_v1.0,81,358.311,226.0,0.70119549,0.47780127,512,474
124,geometric_skeleton,qa_rendered_geometric_centerline_record_v1.0,82,361.394,226.0,0.70722829,0.47780127,512,474
124,geometric_skeleton,qa_rendered_geometric_centerline_record_v1.0,83,364.476,226.0,0.7132611,0.47780127,512,474
124,geometric_skeleton,qa_rendered_geometric_centerline_record_v1.0,84,367.559,226.0,0.7192939,0.47780127,512,474
124,geometric_skeleton,qa_rendered_geometric_centerline_record_v1.0,85,370.642,226.0,0.7253267,0.47780127,512,474
124,geometric_skeleton,qa_rendered_geometric_centerline_record_v1.0,86,373.725,226.0,0.7313595,0.47780127,512,474
124,geometric_skeleton,qa_rendered_geometric_centerline_record_v1.0,87,376.807,226.0,0.7373923,0.47780127,512,474
124,geometric_skeleton,qa_rendered_geometric_centerline_record_v1.0,88,379.89,226.0,0.74342511,0.47780127,512,474
124,geometric_skeleton,qa_rendered_geometric_centerline_record_v1.0,89,382.973,226.0,0.74945791,0.47780127,512,474
124,geometric_skeleton,qa_rendered_geometric_centerline_record_v1.0,90,386.056,226.0,0.75549071,0.47780127,512,474
124,geometric_skeleton,qa_rendered_geometric_centerline_record_v1.0,91,389.139,226.0,0.76152351,0.47780127,512,474
124,geometric_skeleton,qa_rendered_geometric_centerline_record_v1.0,92,392.221,226.0,0.76755631,0.47780127,512,474
124,geometric_skeleton,qa_rendered_geometric_centerline_record_v1.0,93,395.304,226.0,0.77358911,0.47780127,512,474
124,geometric_skeleton,qa_rendered_geometric_centerline_record_v1.0,94,398.387,226.0,0.77962192,0.47780127,512,474
124,geometric_skeleton,qa_rendered_geometric_centerline_record_v1.0,95,401.47,226.0,0.78565472,0.47780127,512,474
124,geometric_skeleton,qa_rendered_geometric_centerline_record_v1.0,96,404.552,226.0,0.79168752,0.47780127,512,474
124,geometric_skeleton,qa_rendered_geometric_centerline_record_v1.0,97,407.635,226.0,0.79772032,0.47780127,512,474
124,geometric_skeleton,qa_rendered_geometric_centerline_record_v1.0,98,410.304,227.0,0.80294253,0.47991543,512,474
124,geometric_skeleton,qa_rendered_geometric_centerline_record_v1.0,99,413.386,227.0,0.80897533,0.47991543,512,474
124,geometric_skeleton,qa_rendered_geometric_centerline_record_v1.0,100,416.469,227.0,0.81500813,0.47991543,512,474
124,geometric_skeleton,qa_rendered_geometric_centerline_record_v1.0,101,419.552,227.0,0.82104094,0.47991543,512,474
124,geometric_skeleton,qa_rendered_geometric_centerline_record_v1.0,102,422.635,227.0,0.82707374,0.47991543,512,474
124,geometric_skeleton,qa_rendered_geometric_centerline_record_v1.0,103,425.717,227.0,0.83310654,0.47991543,512,474
124,geometric_skeleton,qa_rendered_geometric_centerline_record_v1.0,104,428.8,227.0,0.83913934,0.47991543,512,474
124,geometric_skeleton,qa_rendered_geometric_centerline_record_v1.0,105,431.883,227.0,0.84517214,0.47991543,512,474
124,geometric_skeleton,qa_rendered_geometric_centerline_record_v1.0,106,434.966,227.0,0.85120495,0.47991543,512,474
124,geometric_skeleton,qa_rendered_geometric_centerline_record_v1.0,107,438.048,227.0,0.85723775,0.47991543,512,474
124,geometric_skeleton,qa_rendered_geometric_centerline_record_v1.0,108,441.131,227.0,0.86327055,0.47991543,512,474
124,geometric_skeleton,qa_rendered_geometric_centerline_record_v1.0,109,443.858,226.142,0.86860751,0.47810056,512,474
124,geometric_skeleton,qa_rendered_geometric_centerline_record_v1.0,110,446.038,223.962,0.87287334,0.47349201,512,474
124,geometric_skeleton,qa_rendered_geometric_centerline_record_v1.0,111,448.0,221.692,0.87671233,0.46869246,512,474
124,geometric_skeleton,qa_rendered_geometric_centerline_record_v1.0,112,449.0,219.023,0.87866928,0.4630507,512,474
124,geometric_skeleton,qa_rendered_geometric_centerline_record_v1.0,113,450.0,216.354,0.88062622,0.45740895,512,474
124,geometric_skeleton,qa_rendered_geometric_centerline_record_v1.0,114,451.0,213.686,0.88258317,0.4517672,512,474
124,geometric_skeleton,qa_rendered_geometric_centerline_record_v1.0,115,451.988,211.012,0.88451612,0.44611472,512,474
124,geometric_skeleton,qa_rendered_geometric_centerline_record_v1.0,116,453.46,208.54,0.88739819,0.44088695,512,474
124,geometric_skeleton,qa_rendered_geometric_centerline_record_v1.0,117,454.872,206.104,0.89016035,0.43573691,512,474
124,geometric_skeleton,qa_rendered_geometric_centerline_record_v1.0,118,454.436,203.052,0.88930718,0.42928494,512,474
124,geometric_skeleton,qa_rendered_geometric_centerline_record_v1.0,119,454.0,200.0,0.88845401,0.42283298,512,474
125,geometric_skeleton,qa_rendered_geometric_centerline_record_v1.0,0,144.0,230.0,0.28180039,0.48625793,512,474
125,geometric_skeleton,qa_rendered_geometric_centerline_record_v1.0,1,147.084,230.385,0.28783498,0.48707285,512,474
125,geometric_skeleton,qa_rendered_geometric_centerline_record_v1.0,2,150.167,230.771,0.29386957,0.48788778,512,474
125,geometric_skeleton,qa_rendered_geometric_centerline_record_v1.0,3,153.261,231.0,0.29992322,0.48837209,512,474
125,geometric_skeleton,qa_rendered_geometric_centerline_record_v1.0,4,155.954,232.0,0.30519418,0.49048626,512,474
125,geometric_skeleton,qa_rendered_geometric_centerline_record_v1.0,5,158.233,234.0,0.30965454,0.49471459,512,474
125,geometric_skeleton,qa_rendered_geometric_centerline_record_v1.0,6,161.241,234.241,0.31554056,0.49522458,512,474
125,geometric_skeleton,qa_rendered_geometric_centerline_record_v1.0,7,163.732,235.732,0.32041404,0.49837542,512,474
125,geometric_skeleton,qa_rendered_geometric_centerline_record_v1.0,8,166.515,236.515,0.3258607,0.50003133,512,474
125,geometric_skeleton,qa_rendered_geometric_centerline_record_v1.0,9,169.298,237.298,0.33130736,0.50168724,512,474
125,geometric_skeleton,qa_rendered_geometric_centerline_record_v1.0,10,172.115,238.0,0.33681993,0.50317125,512,474
125,geometric_skeleton,qa_rendered_geometric_centerline_record_v1.0,11,175.223,238.0,0.34290149,0.50317125,512,474
125,geometric_skeleton,qa_rendered_geometric_centerline_record_v1.0,12,178.33,238.0,0.34898304,0.50317125,512,474
125,geometric_skeleton,qa_rendered_geometric_centerline_record_v1.0,13,181.438,238.0,0.35506459,0.50317125,512,474
125,geometric_skeleton,qa_rendered_geometric_centerline_record_v1.0,14,184.546,238.0,0.36114615,0.50317125,512,474
125,geometric_skeleton,qa_rendered_geometric_centerline_record_v1.0,15,187.653,238.0,0.3672277,0.50317125,512,474
125,geometric_skeleton,qa_rendered_geometric_centerline_record_v1.0,16,190.538,238.538,0.37287305,0.50430894,512,474
125,geometric_skeleton,qa_rendered_geometric_centerline_record_v1.0,17,193.454,239.0,0.37858021,0.50528541,512,474
125,geometric_skeleton,qa_rendered_geometric_centerline_record_v1.0,18,196.398,239.398,0.38433955,0.50612581,512,474
125,geometric_skeleton,qa_rendered_geometric_centerline_record_v1.0,19,199.256,240.0,0.38993273,0.50739958,512,474
125,geometric_skeleton,qa_rendered_geometric_centerline_record_v1.0,20,202.363,240.0,0.39601428,0.50739958,512,474
125,geometric_skeleton,qa_rendered_geometric_centerline_record_v1.0,21,205.333,240.333,0.40182588,0.50810365,512,474
125,geometric_skeleton,qa_rendered_geometric_centerline_record_v1.0,22,208.164,241.0,0.40736679,0.50951374,512,474
125,geometric_skeleton,qa_rendered_geometric_centerline_record_v1.0,23,210.9,241.9,0.4127192,0.51141546,512,474
125,geometric_skeleton,qa_rendered_geometric_centerline_record_v1.0,24,213.966,242.0,0.4187193,0.51162791,512,474
125,geometric_skeleton,qa_rendered_geometric_centerline_record_v1.0,25,217.073,242.0,0.42480086,0.51162791,512,474
125,geometric_skeleton,qa_rendered_geometric_centerline_record_v1.0,26,220.181,242.0,0.43088241,0.51162791,512,474
125,geometric_skeleton,qa_rendered_geometric_centerline_record_v1.0,27,223.289,242.0,0.43696397,0.51162791,512,474
125,geometric_skeleton,qa_rendered_geometric_centerline_record_v1.0,28,226.28,242.28,0.44281839,0.51222029,512,474
125,geometric_skeleton,qa_rendered_geometric_centerline_record_v1.0,29,229.09,243.0,0.44831648,0.51374207,512,474
125,geometric_skeleton,qa_rendered_geometric_centerline_record_v1.0,30,232.14,243.14,0.45428489,0.51403716,512,474
125,geometric_skeleton,qa_rendered_geometric_centerline_record_v1.0,31,234.891,244.0,0.45966899,0.51585624,512,474
125,geometric_skeleton,qa_rendered_geometric_centerline_record_v1.0,32,237.999,244.0,0.46575054,0.51585624,512,474
125,geometric_skeleton,qa_rendered_geometric_centerline_record_v1.0,33,240.692,245.0,0.4710215,0.5179704,512,474
125,geometric_skeleton,qa_rendered_geometric_centerline_record_v1.0,34,243.8,245.0,0.47710306,0.5179704,512,474
125,geometric_skeleton,qa_rendered_geometric_centerline_record_v1.0,35,246.907,245.0,0.48318461,0.5179704,512,474
125,geometric_skeleton,qa_rendered_geometric_centerline_record_v1.0,36,250.015,245.0,0.48926616,0.5179704,512,474
125,geometric_skeleton,qa_rendered_geometric_centerline_record_v1.0,37,253.123,245.0,0.49534772,0.5179704,512,474
125,geometric_skeleton,qa_rendered_geometric_centerline_record_v1.0,38,256.23,245.0,0.50142927,0.5179704,512,474
125,geometric_skeleton,qa_rendered_geometric_centerline_record_v1.0,39,259.338,245.0,0.50751082,0.5179704,512,474
125,geometric_skeleton,qa_rendered_geometric_centerline_record_v1.0,40,262.446,245.0,0.51359238,0.5179704,512,474
125,geometric_skeleton,qa_rendered_geometric_centerline_record_v1.0,41,265.553,245.0,0.51967393,0.5179704,512,474
125,geometric_skeleton,qa_rendered_geometric_centerline_record_v1.0,42,268.661,245.0,0.52575548,0.5179704,512,474
125,geometric_skeleton,qa_rendered_geometric_centerline_record_v1.0,43,271.544,245.544,0.53139642,0.5191196,512,474
125,geometric_skeleton,qa_rendered_geometric_centerline_record_v1.0,44,274.048,247.0,0.5362974,0.52219873,512,474
125,geometric_skeleton,qa_rendered_geometric_centerline_record_v1.0,45,277.156,247.0,0.54237896,0.52219873,512,474
125,geometric_skeleton,qa_rendered_geometric_centerline_record_v1.0,46,280.263,247.0,0.54846051,0.52219873,512,474
125,geometric_skeleton,qa_rendered_geometric_centerline_record_v1.0,47,283.371,247.0,0.55454206,0.52219873,512,474
125,geometric_skeleton,qa_rendered_geometric_centerline_record_v1.0,48,286.479,247.0,0.56062362,0.52219873,512,474
125,geometric_skeleton,qa_rendered_geometric_centerline_record_v1.0,49,289.586,247.0,0.56670517,0.52219873,512,474
125,geometric_skeleton,qa_rendered_geometric_centerline_record_v1.0,50,292.694,247.0,0.57278672,0.52219873,512,474
125,geometric_skeleton,qa_rendered_geometric_centerline_record_v1.0,51,295.802,247.0,0.57886828,0.52219873,512,474
125,geometric_skeleton,qa_rendered_geometric_centerline_record_v1.0,52,298.909,247.0,0.58494983,0.52219873,512,474
125,geometric_skeleton,qa_rendered_geometric_centerline_record_v1.0,53,302.017,247.0,0.59103138,0.52219873,512,474
125,geometric_skeleton,qa_rendered_geometric_centerline_record_v1.0,54,304.795,246.205,0.59646828,0.52051735,512,474
125,geometric_skeleton,qa_rendered_geometric_centerline_record_v1.0,55,307.818,246.0,0.6023839,0.52008457,512,474
125,geometric_skeleton,qa_rendered_geometric_centerline_record_v1.0,56,310.655,245.345,0.60793478,0.51870048,512,474
125,geometric_skeleton,qa_rendered_geometric_centerline_record_v1.0,57,313.619,245.0,0.61373641,0.5179704,512,474
125,geometric_skeleton,qa_rendered_geometric_centerline_record_v1.0,58,316.727,245.0,0.61981796,0.5179704,512,474
125,geometric_skeleton,qa_rendered_geometric_centerline_record_v1.0,59,319.835,245.0,0.62589952,0.5179704,512,474
125,geometric_skeleton,qa_rendered_geometric_centerline_record_v1.0,60,322.942,245.0,0.63198107,0.5179704,512,474
125,geometric_skeleton,qa_rendered_geometric_centerline_record_v1.0,61,326.05,245.0,0.63806262,0.5179704,512,474
125,geometric_skeleton,qa_rendered_geometric_centerline_record_v1.0,62,329.158,245.0,0.64414418,0.5179704,512,474
125,geometric_skeleton,qa_rendered_geometric_centerline_record_v1.0,63,332.265,245.0,0.65022573,0.5179704,512,474
125,geometric_skeleton,qa_rendered_geometric_centerline_record_v1.0,64,335.373,245.0,0.65630728,0.5179704,512,474
125,geometric_skeleton,qa_rendered_geometric_centerline_record_v1.0,65,338.481,245.0,0.66238884,0.5179704,512,474
125,geometric_skeleton,qa_rendered_geometric_centerline_record_v1.0,66,341.588,245.0,0.66847039,0.5179704,512,474
125,geometric_skeleton,qa_rendered_geometric_centerline_record_v1.0,67,344.696,245.0,0.67455195,0.5179704,512,474
125,geometric_skeleton,qa_rendered_geometric_centerline_record_v1.0,68,347.39,246.0,0.6798229,0.52008457,512,474
125,geometric_skeleton,qa_rendered_geometric_centerline_record_v1.0,69,350.497,246.0,0.68590446,0.52008457,512,474
125,geometric_skeleton,qa_rendered_geometric_centerline_record_v1.0,70,353.191,247.0,0.69117542,0.52219873,512,474
125,geometric_skeleton,qa_rendered_geometric_centerline_record_v1.0,71,355.918,247.918,0.69651281,0.52413963,512,474
125,geometric_skeleton,qa_rendered_geometric_centerline_record_v1.0,72,358.992,248.0,0.70252793,0.5243129,512,474
125,geometric_skeleton,qa_rendered_geometric_centerline_record_v1.0,73,361.777,248.777,0.70797931,0.5259565,512,474
125,geometric_skeleton,qa_rendered_geometric_centerline_record_v1.0,74,364.793,249.0,0.71388044,0.52642706,512,474
125,geometric_skeleton,qa_rendered_geometric_centerline_record_v1.0,75,367.637,249.637,0.71944581,0.52777338,512,474
125,geometric_skeleton,qa_rendered_geometric_centerline_record_v1.0,76,370.594,250.0,0.72523296,0.52854123,512,474
125,geometric_skeleton,qa_rendered_geometric_centerline_record_v1.0,77,373.496,250.496,0.7309123,0.52959025,512,474
125,geometric_skeleton,qa_rendered_geometric_centerline_record_v1.0,78,376.395,251.0,0.73658547,0.53065539,512,474
125,geometric_skeleton,qa_rendered_geometric_centerline_record_v1.0,79,379.356,251.356,0.7423788,0.53140712,512,474
125,geometric_skeleton,qa_rendered_geometric_centerline_record_v1.0,80,382.196,252.0,0.74793798,0.53276956,512,474
125,geometric_skeleton,qa_rendered_geometric_centerline_record_v1.0,81,385.304,252.0,0.75401954,0.53276956,512,474
125,geometric_skeleton,qa_rendered_geometric_centerline_record_v1.0,82,388.412,252.0,0.76010109,0.53276956,512,474
125,geometric_skeleton,qa_rendered_geometric_centerline_record_v1.0,83,391.367,252.367,0.76588497,0.53354592,512,474
125,geometric_skeleton,qa_rendered_geometric_centerline_record_v1.0,84,394.213,253.0,0.7714536,0.53488372,512,474
125,geometric_skeleton,qa_rendered_geometric_centerline_record_v1.0,85,397.32,253.0,0.77753516,0.53488372,512,474
125,geometric_skeleton,qa_rendered_geometric_centerline_record_v1.0,86,400.428,253.0,0.78361671,0.53488372,512,474
125,geometric_skeleton,qa_rendered_geometric_centerline_record_v1.0,87,403.536,253.0,0.78969826,0.53488372,512,474
125,geometric_skeleton,qa_rendered_geometric_centerline_record_v1.0,88,406.643,253.0,0.79577982,0.53488372,512,474
125,geometric_skeleton,qa_rendered_geometric_centerline_record_v1.0,89,409.531,252.469,0.80143082,0.53376078,512,474
125,geometric_skeleton,qa_rendered_geometric_centerline_record_v1.0,90,412.445,252.0,0.80713233,0.53276956,512,474
125,geometric_skeleton,qa_rendered_geometric_centerline_record_v1.0,91,415.391,251.609,0.81289732,0.53194391,512,474
125,geometric_skeleton,qa_rendered_geometric_centerline_record_v1.0,92,418.246,251.0,0.81848484,0.53065539,512,474
125,geometric_skeleton,qa_rendered_geometric_centerline_record_v1.0,93,421.353,251.0,0.82456639,0.53065539,512,474
125,geometric_skeleton,qa_rendered_geometric_centerline_record_v1.0,94,424.326,250.674,0.83038366,0.52996607,512,474
125,geometric_skeleton,qa_rendered_geometric_centerline_record_v1.0,95,427.155,250.0,0.83591891,0.52854123,512,474
125,geometric_skeleton,qa_rendered_geometric_centerline_record_v1.0,96,430.262,250.0,0.84200046,0.52854123,512,474
125,geometric_skeleton,qa_rendered_geometric_centerline_record_v1.0,97,433.262,249.738,0.84786999,0.52798823,512,474
125,geometric_skeleton,qa_rendered_geometric_centerline_record_v1.0,98,436.063,249.0,0.85335297,0.52642706,512,474
125,geometric_skeleton,qa_rendered_geometric_centerline_record_v1.0,99,439.171,249.0,0.85943453,0.52642706,512,474
125,geometric_skeleton,qa_rendered_geometric_centerline_record_v1.0,100,442.197,248.803,0.86535633,0.5260104,512,474
125,geometric_skeleton,qa_rendered_geometric_centerline_record_v1.0,101,444.972,248.0,0.87078704,0.5243129,512,474
125,geometric_skeleton,qa_rendered_geometric_centerline_record_v1.0,102,448.08,248.0,0.87686859,0.5243129,512,474
125,geometric_skeleton,qa_rendered_geometric_centerline_record_v1.0,103,451.188,248.0,0.88295015,0.5243129,512,474
125,geometric_skeleton,qa_rendered_geometric_centerline_record_v1.0,104,454.295,248.0,0.8890317,0.5243129,512,474
125,geometric_skeleton,qa_rendered_geometric_centerline_record_v1.0,105,457.403,248.0,0.89511325,0.5243129,512,474
125,geometric_skeleton,qa_rendered_geometric_centerline_record_v1.0,106,460.511,248.0,0.90119481,0.5243129,512,474
125,geometric_skeleton,qa_rendered_geometric_centerline_record_v1.0,107,463.618,248.0,0.90727636,0.5243129,512,474
125,geometric_skeleton,qa_rendered_geometric_centerline_record_v1.0,108,466.726,248.0,0.91335791,0.5243129,512,474
125,geometric_skeleton,qa_rendered_geometric_centerline_record_v1.0,109,469.834,248.0,0.91943947,0.5243129,512,474
125,geometric_skeleton,qa_rendered_geometric_centerline_record_v1.0,110,472.941,248.0,0.92552102,0.5243129,512,474
125,geometric_skeleton,qa_rendered_geometric_centerline_record_v1.0,111,476.049,248.0,0.93160257,0.5243129,512,474
125,geometric_skeleton,qa_rendered_geometric_centerline_record_v1.0,112,478.525,246.475,0.93644802,0.52108892,512,474
125,geometric_skeleton,qa_rendered_geometric_centerline_record_v1.0,113,480.722,244.278,0.94074833,0.51644314,512,474
125,geometric_skeleton,qa_rendered_geometric_centerline_record_v1.0,114,482.92,242.08,0.94504864,0.51179735,512,474
125,geometric_skeleton,qa_rendered_geometric_centerline_record_v1.0,115,485.0,239.834,0.94911937,0.50704883,512,474
125,geometric_skeleton,qa_rendered_geometric_centerline_record_v1.0,116,485.0,236.726,0.94911937,0.5004787,512,474
125,geometric_skeleton,qa_rendered_geometric_centerline_record_v1.0,117,485.0,233.619,0.94911937,0.49390856,512,474
125,geometric_skeleton,qa_rendered_geometric_centerline_record_v1.0,118,485.0,230.511,0.94911937,0.48733843,512,474
125,geometric_skeleton,qa_rendered_geometric_centerline_record_v1.0,119,485.0,227.403,0.94911937,0.48076829,512,474
125,geometric_skeleton,qa_rendered_geometric_centerline_record_v1.0,120,485.0,224.296,0.94911937,0.47419816,512,474
125,geometric_skeleton,qa_rendered_geometric_centerline_record_v1.0,121,485.0,221.188,0.94911937,0.46762802,512,474
125,geometric_skeleton,qa_rendered_geometric_centerline_record_v1.0,122,487.064,218.936,0.95315946,0.46286579,512,474
125,geometric_skeleton,qa_rendered_geometric_centerline_record_v1.0,123,488.0,216.215,0.95499022,0.4571149,512,474
125,geometric_skeleton,qa_rendered_geometric_centerline_record_v1.0,124,488.0,213.108,0.95499022,0.45054476,512,474
125,geometric_skeleton,qa_rendered_geometric_centerline_record_v1.0,125,488.0,210.0,0.95499022,0.44397463,512,474
126,geometric_skeleton,qa_rendered_geometric_centerline_record_v1.0,0,102.0,146.0,0.19960861,0.30866808,512,474
126,geometric_skeleton,qa_rendered_geometric_centerline_record_v1.0,1,104.395,148.395,0.20429516,0.31373113,512,474
126,geometric_skeleton,qa_rendered_geometric_centerline_record_v1.0,2,106.79,150.79,0.20898171,0.31879419,512,474
126,geometric_skeleton,qa_rendered_geometric_centerline_record_v1.0,3,109.184,153.184,0.21366826,0.32385725,512,474
126,geometric_skeleton,qa_rendered_geometric_centerline_record_v1.0,4,111.579,155.579,0.21835481,0.32892031,512,474
126,geometric_skeleton,qa_rendered_geometric_centerline_record_v1.0,5,114.267,157.267,0.22361453,0.33248843,512,474
126,geometric_skeleton,qa_rendered_geometric_centerline_record_v1.0,6,116.936,159.0,0.22883758,0.33615222,512,474
126,geometric_skeleton,qa_rendered_geometric_centerline_record_v1.0,7,119.494,161.0,0.23384417,0.34038055,512,474
126,geometric_skeleton,qa_rendered_geometric_centerline_record_v1.0,8,122.467,162.0,0.23966136,0.34249471,512,474
126,geometric_skeleton,qa_rendered_geometric_centerline_record_v1.0,9,125.44,163.0,0.24547855,0.34460888,512,474
126,geometric_skeleton,qa_rendered_geometric_centerline_record_v1.0,10,127.999,164.999,0.25048634,0.34883408,512,474
126,geometric_skeleton,qa_rendered_geometric_centerline_record_v1.0,11,130.979,165.979,0.25631924,0.35090726,512,474
126,geometric_skeleton,qa_rendered_geometric_centerline_record_v1.0,12,133.96,166.96,0.26215215,0.35298044,512,474
126,geometric_skeleton,qa_rendered_geometric_centerline_record_v1.0,13,136.94,167.94,0.26798505,0.35505361,512,474
126,geometric_skeleton,qa_rendered_geometric_centerline_record_v1.0,14,139.921,168.921,0.27381795,0.35712679,512,474
126,geometric_skeleton,qa_rendered_geometric_centerline_record_v1.0,15,143.275,169.0,0.28038167,0.35729387,512,474
126,geometric_skeleton,qa_rendered_geometric_centerline_record_v1.0,16,146.662,169.0,0.28700946,0.35729387,512,474
126,geometric_skeleton,qa_rendered_geometric_centerline_record_v1.0,17,149.634,170.0,0.29282664,0.35940803,512,474
126,geometric_skeleton,qa_rendered_geometric_centerline_record_v1.0,18,152.607,171.0,0.29864383,0.3615222,512,474
126,geometric_skeleton,qa_rendered_geometric_centerline_record_v1.0,19,155.58,172.0,0.30446102,0.36363636,512,474
126,geometric_skeleton,qa_rendered_geometric_centerline_record_v1.0,20,158.552,173.0,0.31027821,0.36575053,512,474
126,geometric_skeleton,qa_rendered_geometric_centerline_record_v1.0,21,161.111,175.0,0.3152848,0.36997886,512,474
126,geometric_skeleton,qa_rendered_geometric_centerline_record_v1.0,22,163.766,176.766,0.32048117,0.37371222,512,474
126,geometric_skeleton,qa_rendered_geometric_centerline_record_v1.0,23,166.746,177.746,0.32631407,0.37578539,512,474
126,geometric_skeleton,qa_rendered_geometric_centerline_record_v1.0,24,169.727,178.727,0.33214698,0.37785857,512,474
126,geometric_skeleton,qa_rendered_geometric_centerline_record_v1.0,25,172.415,180.415,0.3374067,0.38142669,512,474
126,geometric_skeleton,qa_rendered_geometric_centerline_record_v1.0,26,175.395,181.395,0.3432396,0.38349987,512,474
126,geometric_skeleton,qa_rendered_geometric_centerline_record_v1.0,27,178.376,182.376,0.34907251,0.38557305,512,474
126,geometric_skeleton,qa_rendered_geometric_centerline_record_v1.0,28,181.357,183.357,0.35490541,0.38764622,512,474
126,geometric_skeleton,qa_rendered_geometric_centerline_record_v1.0,29,184.337,184.337,0.36073831,0.3897194,512,474
126,geometric_skeleton,qa_rendered_geometric_centerline_record_v1.0,30,187.318,185.318,0.36657121,0.39179258,512,474
126,geometric_skeleton,qa_rendered_geometric_centerline_record_v1.0,31,190.422,186.0,0.37264608,0.39323467,512,474
126,geometric_skeleton,qa_rendered_geometric_centerline_record_v1.0,32,193.572,186.572,0.3788102,0.394444,512,474
126,geometric_skeleton,qa_rendered_geometric_centerline_record_v1.0,33,196.553,187.553,0.3846431,0.39651717,512,474
126,geometric_skeleton,qa_rendered_geometric_centerline_record_v1.0,34,199.754,188.0,0.39090824,0.397463,512,474
126,geometric_skeleton,qa_rendered_geometric_centerline_record_v1.0,35,202.807,188.807,0.39688208,0.39916859,512,474
126,geometric_skeleton,qa_rendered_geometric_centerline_record_v1.0,36,205.787,189.787,0.40271498,0.40124177,512,474
126,geometric_skeleton,qa_rendered_geometric_centerline_record_v1.0,37,208.768,190.768,0.40854789,0.40331495,512,474
126,geometric_skeleton,qa_rendered_geometric_centerline_record_v1.0,38,211.456,192.456,0.41380761,0.40688306,512,474
126,geometric_skeleton,qa_rendered_geometric_centerline_record_v1.0,39,214.436,193.436,0.41964051,0.40895624,512,474
126,geometric_skeleton,qa_rendered_geometric_centerline_record_v1.0,40,217.124,195.124,0.42490024,0.41252436,512,474
126,geometric_skeleton,qa_rendered_geometric_centerline_record_v1.0,41,219.812,196.812,0.43015997,0.41609248,512,474
126,geometric_skeleton,qa_rendered_geometric_centerline_record_v1.0,42,222.499,198.499,0.43541969,0.4196606,512,474
126,geometric_skeleton,qa_rendered_geometric_centerline_record_v1.0,43,225.265,200.0,0.44083115,0.42283298,512,474
126,geometric_skeleton,qa_rendered_geometric_centerline_record_v1.0,44,228.168,201.168,0.44651232,0.42530189,512,474
126,geometric_skeleton,qa_rendered_geometric_centerline_record_v1.0,45,230.796,203.0,0.45165493,0.42917548,512,474
126,geometric_skeleton,qa_rendered_geometric_centerline_record_v1.0,46,233.354,205.0,0.45666152,0.43340381,512,474
126,geometric_skeleton,qa_rendered_geometric_centerline_record_v1.0,47,236.327,206.0,0.46247871,0.43551797,512,474
126,geometric_skeleton,qa_rendered_geometric_centerline_record_v1.0,48,238.919,207.919,0.46755122,0.43957437,512,474
126,geometric_skeleton,qa_rendered_geometric_centerline_record_v1.0,49,241.899,208.899,0.47338413,0.44164754,512,474
126,geometric_skeleton,qa_rendered_geometric_centerline_record_v1.0,50,244.587,210.587,0.47864385,0.44521566,512,474
126,geometric_skeleton,qa_rendered_geometric_centerline_record_v1.0,51,247.568,211.568,0.48447675,0.44728884,512,474
126,geometric_skeleton,qa_rendered_geometric_centerline_record_v1.0,52,250.255,213.255,0.48973648,0.45085696,512,474
126,geometric_skeleton,qa_rendered_geometric_centerline_record_v1.0,53,253.236,214.236,0.49556938,0.45293014,512,474
126,geometric_skeleton,qa_rendered_geometric_centerline_record_v1.0,54,256.217,215.217,0.50140229,0.45500332,512,474
126,geometric_skeleton,qa_rendered_geometric_centerline_record_v1.0,55,259.197,216.197,0.50723519,0.45707649,512,474
126,geometric_skeleton,qa_rendered_geometric_centerline_record_v1.0,56,262.251,217.0,0.51321221,0.45877378,512,474
126,geometric_skeleton,qa_rendered_geometric_centerline_record_v1.0,57,265.638,217.0,0.51983999,0.45877378,512,474
126,geometric_skeleton,qa_rendered_geometric_centerline_record_v1.0,58,268.725,217.725,0.52588025,0.46030615,512,474
126,geometric_skeleton,qa_rendered_geometric_centerline_record_v1.0,59,271.998,218.0,0.53228496,0.46088795,512,474
126,geometric_skeleton,qa_rendered_geometric_centerline_record_v1.0,60,275.384,218.0,0.53891274,0.46088795,512,474
126,geometric_skeleton,qa_rendered_geometric_centerline_record_v1.0,61,278.357,219.0,0.54472993,0.46300211,512,474
126,geometric_skeleton,qa_rendered_geometric_centerline_record_v1.0,62,281.744,219.0,0.55135771,0.46300211,512,474
126,geometric_skeleton,qa_rendered_geometric_centerline_record_v1.0,63,285.131,219.0,0.55798549,0.46300211,512,474
126,geometric_skeleton,qa_rendered_geometric_centerline_record_v1.0,64,288.103,220.0,0.56380268,0.46511628,512,474
126,geometric_skeleton,qa_rendered_geometric_centerline_record_v1.0,65,291.49,220.0,0.57043046,0.46511628,512,474
126,geometric_skeleton,qa_rendered_geometric_centerline_record_v1.0,66,294.463,221.0,0.57624765,0.46723044,512,474
126,geometric_skeleton,qa_rendered_geometric_centerline_record_v1.0,67,297.849,221.0,0.58287543,0.46723044,512,474
126,geometric_skeleton,qa_rendered_geometric_centerline_record_v1.0,68,301.167,221.167,0.58936786,0.46758346,512,474
126,geometric_skeleton,qa_rendered_geometric_centerline_record_v1.0,69,304.209,222.0,0.5953204,0.46934461,512,474
126,geometric_skeleton,qa_rendered_geometric_centerline_record_v1.0,70,307.421,222.421,0.60160684,0.47023488,512,474
126,geometric_skeleton,qa_rendered_geometric_centerline_record_v1.0,71,310.402,223.402,0.60743975,0.47230806,512,474
126,geometric_skeleton,qa_rendered_geometric_centerline_record_v1.0,72,313.382,224.382,0.61327265,0.47438123,512,474
126,geometric_skeleton,qa_rendered_geometric_centerline_record_v1.0,73,316.513,225.0,0.61939975,0.4756871,512,474
126,geometric_skeleton,qa_rendered_geometric_centerline_record_v1.0,74,319.9,225.0,0.62602753,0.4756871,512,474
126,geometric_skeleton,qa_rendered_geometric_centerline_record_v1.0,75,323.287,225.0,0.63265531,0.4756871,512,474
126,geometric_skeleton,qa_rendered_geometric_centerline_record_v1.0,76,326.674,225.0,0.63928309,0.4756871,512,474
126,geometric_skeleton,qa_rendered_geometric_centerline_record_v1.0,77,329.164,227.164,0.64415669,0.4802623,512,474
126,geometric_skeleton,qa_rendered_geometric_centerline_record_v1.0,78,331.852,228.852,0.64941642,0.48383042,512,474
126,geometric_skeleton,qa_rendered_geometric_centerline_record_v1.0,79,334.832,229.832,0.65524932,0.4859036,512,474
126,geometric_skeleton,qa_rendered_geometric_centerline_record_v1.0,80,337.813,230.813,0.66108222,0.48797678,512,474
126,geometric_skeleton,qa_rendered_geometric_centerline_record_v1.0,81,340.794,231.794,0.66691513,0.49004996,512,474
126,geometric_skeleton,qa_rendered_geometric_centerline_record_v1.0,82,343.774,232.774,0.67274803,0.49212313,512,474
126,geometric_skeleton,qa_rendered_geometric_centerline_record_v1.0,83,346.755,233.755,0.67858093,0.49419631,512,474
126,geometric_skeleton,qa_rendered_geometric_centerline_record_v1.0,84,349.735,234.735,0.68441383,0.49626949,512,474
126,geometric_skeleton,qa_rendered_geometric_centerline_record_v1.0,85,352.716,235.716,0.69024674,0.49834267,512,474
126,geometric_skeleton,qa_rendered_geometric_centerline_record_v1.0,86,355.985,236.0,0.69664438,0.49894292,512,474
126,geometric_skeleton,qa_rendered_geometric_centerline_record_v1.0,87,358.97,236.97,0.70248572,0.50099408,512,474
126,geometric_skeleton,qa_rendered_geometric_centerline_record_v1.0,88,362.345,237.0,0.70908934,0.50105708,512,474
126,geometric_skeleton,qa_rendered_geometric_centerline_record_v1.0,89,365.317,238.0,0.71490653,0.50317125,512,474
126,geometric_skeleton,qa_rendered_geometric_centerline_record_v1.0,90,368.704,238.0,0.72153431,0.50317125,512,474
126,geometric_skeleton,qa_rendered_geometric_centerline_record_v1.0,91,372.091,238.0,0.7281621,0.50317125,512,474
126,geometric_skeleton,qa_rendered_geometric_centerline_record_v1.0,92,375.063,239.0,0.73397928,0.50528541,512,474
126,geometric_skeleton,qa_rendered_geometric_centerline_record_v1.0,93,378.036,240.0,0.73979647,0.50739958,512,474
126,geometric_skeleton,qa_rendered_geometric_centerline_record_v1.0,94,381.423,240.0,0.74642425,0.50739958,512,474
126,geometric_skeleton,qa_rendered_geometric_centerline_record_v1.0,95,384.572,240.572,0.752588,0.50860987,512,474
126,geometric_skeleton,qa_rendered_geometric_centerline_record_v1.0,96,387.368,242.0,0.75805863,0.51162791,512,474
126,geometric_skeleton,qa_rendered_geometric_centerline_record_v1.0,97,390.341,243.0,0.76387582,0.51374207,512,474
126,geometric_skeleton,qa_rendered_geometric_centerline_record_v1.0,98,393.313,244.0,0.769693,0.51585624,512,474
126,geometric_skeleton,qa_rendered_geometric_centerline_record_v1.0,99,396.7,244.0,0.77632079,0.51585624,512,474
126,geometric_skeleton,qa_rendered_geometric_centerline_record_v1.0,100,400.087,244.0,0.78294857,0.51585624,512,474
126,geometric_skeleton,qa_rendered_geometric_centerline_record_v1.0,101,403.474,244.0,0.78957635,0.51585624,512,474
126,geometric_skeleton,qa_rendered_geometric_centerline_record_v1.0,102,406.86,244.0,0.79620413,0.51585624,512,474
126,geometric_skeleton,qa_rendered_geometric_centerline_record_v1.0,103,410.247,244.0,0.80283191,0.51585624,512,474
126,geometric_skeleton,qa_rendered_geometric_centerline_record_v1.0,104,413.634,244.0,0.80945969,0.51585624,512,474
126,geometric_skeleton,qa_rendered_geometric_centerline_record_v1.0,105,417.021,244.0,0.81608748,0.51585624,512,474
126,geometric_skeleton,qa_rendered_geometric_centerline_record_v1.0,106,419.993,243.0,0.82190466,0.51374207,512,474
126,geometric_skeleton,qa_rendered_geometric_centerline_record_v1.0,107,422.552,241.0,0.82691126,0.50951374,512,474
126,geometric_skeleton,qa_rendered_geometric_centerline_record_v1.0,108,425.078,238.922,0.83185479,0.50512094,512,474
126,geometric_skeleton,qa_rendered_geometric_centerline_record_v1.0,109,427.473,236.527,0.83654134,0.50005788,512,474
126,geometric_skeleton,qa_rendered_geometric_centerline_record_v1.0,110,429.867,234.133,0.84122789,0.49499482,512,474
126,geometric_skeleton,qa_rendered_geometric_centerline_record_v1.0,111,432.0,231.629,0.84540117,0.48970208,512,474
126,geometric_skeleton,qa_rendered_geometric_centerline_record_v1.0,112,433.243,228.757,0.84783345,0.48363025,512,474
126,geometric_skeleton,qa_rendered_geometric_centerline_record_v1.0,113,435.0,226.098,0.85127202,0.47800874,512,474
126,geometric_skeleton,qa_rendered_geometric_centerline_record_v1.0,114,435.16,222.721,0.85158481,0.47086953,512,474
126,geometric_skeleton,qa_rendered_geometric_centerline_record_v1.0,115,435.58,219.361,0.85240689,0.46376457,512,474
126,geometric_skeleton,qa_rendered_geometric_centerline_record_v1.0,116,436.0,216.0,0.85322896,0.45665962,512,474
127,geometric_skeleton,qa_rendered_geometric_centerline_record_v1.0,0,114.0,216.0,0.22309198,0.45665962,512,474
127,geometric_skeleton,qa_rendered_geometric_centerline_record_v1.0,1,117.186,216.398,0.22932776,0.45750171,512,474
127,geometric_skeleton,qa_rendered_geometric_centerline_record_v1.0,2,120.373,216.797,0.23556355,0.45834381,512,474
127,geometric_skeleton,qa_rendered_geometric_centerline_record_v1.0,3,123.111,218.111,0.24092228,0.46112323,512,474
127,geometric_skeleton,qa_rendered_geometric_centerline_record_v1.0,4,125.382,220.382,0.24536597,0.46592391,512,474
127,geometric_skeleton,qa_rendered_geometric_centerline_record_v1.0,5,127.653,222.653,0.24980965,0.47072459,512,474
127,geometric_skeleton,qa_rendered_geometric_centerline_record_v1.0,6,129.923,224.923,0.25425333,0.47552527,512,474
127,geometric_skeleton,qa_rendered_geometric_centerline_record_v1.0,7,132.487,226.487,0.25927019,0.47883101,512,474
127,geometric_skeleton,qa_rendered_geometric_centerline_record_v1.0,8,135.344,227.344,0.26486022,0.48064181,512,474
127,geometric_skeleton,qa_rendered_geometric_centerline_record_v1.0,9,138.2,228.2,0.27045026,0.4824526,512,474
127,geometric_skeleton,qa_rendered_geometric_centerline_record_v1.0,10,141.057,229.057,0.27604029,0.4842634,512,474
127,geometric_skeleton,qa_rendered_geometric_centerline_record_v1.0,11,143.877,230.0,0.28155988,0.48625793,512,474
127,geometric_skeleton,qa_rendered_geometric_centerline_record_v1.0,12,147.088,230.0,0.2878442,0.48625793,512,474
127,geometric_skeleton,qa_rendered_geometric_centerline_record_v1.0,13,150.3,230.0,0.29412852,0.48625793,512,474
127,geometric_skeleton,qa_rendered_geometric_centerline_record_v1.0,14,153.511,230.0,0.30041283,0.48625793,512,474
127,geometric_skeleton,qa_rendered_geometric_centerline_record_v1.0,15,156.722,230.0,0.30669715,0.48625793,512,474
127,geometric_skeleton,qa_rendered_geometric_centerline_record_v1.0,16,159.66,230.66,0.31244639,0.48765349,512,474
127,geometric_skeleton,qa_rendered_geometric_centerline_record_v1.0,17,162.731,231.0,0.31845518,0.48837209,512,474
127,geometric_skeleton,qa_rendered_geometric_centerline_record_v1.0,18,165.666,231.666,0.32419963,0.48978015,512,474
127,geometric_skeleton,qa_rendered_geometric_centerline_record_v1.0,19,168.739,232.0,0.33021322,0.49048626,512,474
127,geometric_skeleton,qa_rendered_geometric_centerline_record_v1.0,20,171.95,232.0,0.33649753,0.49048626,512,474
127,geometric_skeleton,qa_rendered_geometric_centerline_record_v1.0,21,174.821,232.821,0.34211609,0.49222267,512,474
127,geometric_skeleton,qa_rendered_geometric_centerline_record_v1.0,22,177.959,233.0,0.34825557,0.49260042,512,474
127,geometric_skeleton,qa_rendered_geometric_centerline_record_v1.0,23,180.827,233.827,0.35386934,0.49434932,512,474
127,geometric_skeleton,qa_rendered_geometric_centerline_record_v1.0,24,183.967,234.0,0.36001361,0.49471459,512,474
127,geometric_skeleton,qa_rendered_geometric_centerline_record_v1.0,25,186.833,234.833,0.36562258,0.49647598,512,474
127,geometric_skeleton,qa_rendered_geometric_centerline_record_v1.0,26,189.975,235.0,0.37177164,0.49682875,512,474
127,geometric_skeleton,qa_rendered_geometric_centerline_record_v1.0,27,192.839,235.839,0.37737583,0.49860264,512,474
127,geometric_skeleton,qa_rendered_geometric_centerline_record_v1.0,28,195.696,236.696,0.38296586,0.50041344,512,474
127,geometric_skeleton,qa_rendered_geometric_centerline_record_v1.0,29,198.781,237.0,0.3890034,0.50105708,512,474
127,geometric_skeleton,qa_rendered_geometric_centerline_record_v1.0,30,201.701,237.701,0.39471911,0.5025401,512,474
127,geometric_skeleton,qa_rendered_geometric_centerline_record_v1.0,31,204.789,238.0,0.40076143,0.50317125,512,474
127,geometric_skeleton,qa_rendered_geometric_centerline_record_v1.0,32,207.707,238.707,0.40647236,0.50466675,512,474
127,geometric_skeleton,qa_rendered_geometric_centerline_record_v1.0,33,210.564,239.564,0.41206239,0.50647755,512,474
127,geometric_skeleton,qa_rendered_geometric_centerline_record_v1.0,34,213.42,240.42,0.41765243,0.50828835,512,474
127,geometric_skeleton,qa_rendered_geometric_centerline_record_v1.0,35,216.277,241.277,0.42324246,0.51009915,512,474
127,geometric_skeleton,qa_rendered_geometric_centerline_record_v1.0,36,219.133,242.133,0.4288325,0.51190995,512,474
127,geometric_skeleton,qa_rendered_geometric_centerline_record_v1.0,37,221.986,243.0,0.43441436,0.51374207,512,474
127,geometric_skeleton,qa_rendered_geometric_centerline_record_v1.0,38,225.139,243.139,0.44058574,0.51403661,512,474
127,geometric_skeleton,qa_rendered_geometric_centerline_record_v1.0,39,227.994,244.0,0.44617239,0.51585624,512,474
127,geometric_skeleton,qa_rendered_geometric_centerline_record_v1.0,40,230.791,245.0,0.45164611,0.5179704,512,474
127,geometric_skeleton,qa_rendered_geometric_centerline_record_v1.0,41,234.002,245.002,0.45792902,0.51797406,512,474
127,geometric_skeleton,qa_rendered_geometric_centerline_record_v1.0,42,236.8,246.0,0.46340415,0.52008457,512,474
127,geometric_skeleton,qa_rendered_geometric_centerline_record_v1.0,43,240.008,246.008,0.46968227,0.52010072,512,474
127,geometric_skeleton,qa_rendered_geometric_centerline_record_v1.0,44,242.808,247.0,0.47516218,0.52219873,512,474
127,geometric_skeleton,qa_rendered_geometric_centerline_record_v1.0,45,245.605,248.0,0.48063591,0.5243129,512,474
127,geometric_skeleton,qa_rendered_geometric_centerline_record_v1.0,46,248.402,249.0,0.48610963,0.52642706,512,474
127,geometric_skeleton,qa_rendered_geometric_centerline_record_v1.0,47,251.199,250.0,0.49158335,0.52854123,512,474
127,geometric_skeleton,qa_rendered_geometric_centerline_record_v1.0,48,253.996,251.0,0.49705707,0.53065539,512,474
127,geometric_skeleton,qa_rendered_geometric_centerline_record_v1.0,49,256.379,253.0,0.5017202,0.53488372,512,474
127,geometric_skeleton,qa_rendered_geometric_centerline_record_v1.0,50,259.176,254.0,0.50719392,0.53699789,512,474
127,geometric_skeleton,qa_rendered_geometric_centerline_record_v1.0,51,261.688,255.688,0.51210984,0.54056687,512,474
127,geometric_skeleton,qa_rendered_geometric_centerline_record_v1.0,52,264.545,256.545,0.51769988,0.54237767,512,474
127,geometric_skeleton,qa_rendered_geometric_centerline_record_v1.0,53,267.401,257.401,0.52328991,0.54418847,512,474
127,geometric_skeleton,qa_rendered_geometric_centerline_record_v1.0,54,270.258,258.258,0.52887995,0.54599927,512,474
127,geometric_skeleton,qa_rendered_geometric_centerline_record_v1.0,55,273.114,259.114,0.53446998,0.54781007,512,474
127,geometric_skeleton,qa_rendered_geometric_centerline_record_v1.0,56,275.959,260.0,0.54003624,0.54968288,512,474
127,geometric_skeleton,qa_rendered_geometric_centerline_record_v1.0,57,278.756,261.0,0.54550996,0.55179704,512,474
127,geometric_skeleton,qa_rendered_geometric_centerline_record_v1.0,58,281.553,262.0,0.55098369,0.55391121,512,474
127,geometric_skeleton,qa_rendered_geometric_centerline_record_v1.0,59,284.764,262.0,0.557268,0.55391121,512,474
127,geometric_skeleton,qa_rendered_geometric_centerline_record_v1.0,60,287.561,263.0,0.56274172,0.55602537,512,474
127,geometric_skeleton,qa_rendered_geometric_centerline_record_v1.0,61,290.772,263.0,0.56902604,0.55602537,512,474
127,geometric_skeleton,qa_rendered_geometric_centerline_record_v1.0,62,293.984,263.0,0.57531035,0.55602537,512,474
127,geometric_skeleton,qa_rendered_geometric_centerline_record_v1.0,63,297.195,263.0,0.58159467,0.55602537,512,474
127,geometric_skeleton,qa_rendered_geometric_centerline_record_v1.0,64,300.406,263.0,0.58787898,0.55602537,512,474
127,geometric_skeleton,qa_rendered_geometric_centerline_record_v1.0,65,303.617,263.0,0.5941633,0.55602537,512,474
127,geometric_skeleton,qa_rendered_geometric_centerline_record_v1.0,66,306.829,263.0,0.60044761,0.55602537,512,474
127,geometric_skeleton,qa_rendered_geometric_centerline_record_v1.0,67,309.735,263.735,0.60613582,0.55758013,512,474
127,geometric_skeleton,qa_rendered_geometric_centerline_record_v1.0,68,312.837,264.0,0.61220565,0.55813953,512,474
127,geometric_skeleton,qa_rendered_geometric_centerline_record_v1.0,69,315.741,264.741,0.61788906,0.55970679,512,474
127,geometric_skeleton,qa_rendered_geometric_centerline_record_v1.0,70,318.845,265.0,0.62396368,0.5602537,512,474
127,geometric_skeleton,qa_rendered_geometric_centerline_record_v1.0,71,321.747,265.747,0.62964231,0.56183344,512,474
127,geometric_skeleton,qa_rendered_geometric_centerline_record_v1.0,72,324.604,266.604,0.63523234,0.56364424,512,474
127,geometric_skeleton,qa_rendered_geometric_centerline_record_v1.0,73,327.46,267.46,0.64082238,0.56545504,512,474
127,geometric_skeleton,qa_rendered_geometric_centerline_record_v1.0,74,330.317,268.317,0.64641241,0.56726584,512,474
127,geometric_skeleton,qa_rendered_geometric_centerline_record_v1.0,75,333.245,269.0,0.65214288,0.56871036,512,474
127,geometric_skeleton,qa_rendered_geometric_centerline_record_v1.0,76,336.456,269.0,0.6584272,0.56871036,512,474
127,geometric_skeleton,qa_rendered_geometric_centerline_record_v1.0,77,339.668,269.0,0.66471151,0.56871036,512,474
127,geometric_skeleton,qa_rendered_geometric_centerline_record_v1.0,78,342.621,269.621,0.67049208,0.57002422,512,474
127,geometric_skeleton,qa_rendered_geometric_centerline_record_v1.0,79,345.676,270.0,0.67646955,0.57082452,512,474
127,geometric_skeleton,qa_rendered_geometric_centerline_record_v1.0,80,348.887,270.0,0.68275387,0.57082452,512,474
127,geometric_skeleton,qa_rendered_geometric_centerline_record_v1.0,81,352.099,270.0,0.68903818,0.57082452,512,474
127,geometric_skeleton,qa_rendered_geometric_centerline_record_v1.0,82,355.31,270.0,0.6953225,0.57082452,512,474
127,geometric_skeleton,qa_rendered_geometric_centerline_record_v1.0,83,357.783,271.783,0.70016179,0.57459339,512,474
127,geometric_skeleton,qa_rendered_geometric_centerline_record_v1.0,84,360.49,273.0,0.70545934,0.57716702,512,474
127,geometric_skeleton,qa_rendered_geometric_centerline_record_v1.0,85,363.496,273.496,0.71134186,0.57821499,512,474
127,geometric_skeleton,qa_rendered_geometric_centerline_record_v1.0,86,366.498,274.0,0.71721738,0.57928118,512,474
127,geometric_skeleton,qa_rendered_geometric_centerline_record_v1.0,87,369.709,274.0,0.72350169,0.57928118,512,474
127,geometric_skeleton,qa_rendered_geometric_centerline_record_v1.0,88,372.651,274.651,0.72925831,0.5806575,512,474
127,geometric_skeleton,qa_rendered_geometric_centerline_record_v1.0,89,375.718,275.0,0.73525973,0.58139535,512,474
127,geometric_skeleton,qa_rendered_geometric_centerline_record_v1.0,90,378.929,275.0,0.74154405,0.58139535,512,474
127,geometric_skeleton,qa_rendered_geometric_centerline_record_v1.0,91,381.806,275.806,0.74717477,0.58310002,512,474
127,geometric_skeleton,qa_rendered_geometric_centerline_record_v1.0,92,384.937,276.0,0.75330208,0.58350951,512,474
127,geometric_skeleton,qa_rendered_geometric_centerline_record_v1.0,93,388.149,276.0,0.7595864,0.58350951,512,474
127,geometric_skeleton,qa_rendered_geometric_centerline_record_v1.0,94,391.36,276.0,0.76587071,0.58350951,512,474
127,geometric_skeleton,qa_rendered_geometric_centerline_record_v1.0,95,394.157,277.0,0.77134443,0.58562368,512,474
127,geometric_skeleton,qa_rendered_geometric_centerline_record_v1.0,96,397.368,277.0,0.77762875,0.58562368,512,474
127,geometric_skeleton,qa_rendered_geometric_centerline_record_v1.0,97,400.58,277.0,0.78391306,0.58562368,512,474
127,geometric_skeleton,qa_rendered_geometric_centerline_record_v1.0,98,403.377,278.0,0.78938678,0.58773784,512,474
127,geometric_skeleton,qa_rendered_geometric_centerline_record_v1.0,99,406.588,278.0,0.7956711,0.58773784,512,474
127,geometric_skeleton,qa_rendered_geometric_centerline_record_v1.0,100,409.799,278.0,0.80195542,0.58773784,512,474
127,geometric_skeleton,qa_rendered_geometric_centerline_record_v1.0,101,413.011,278.0,0.80823973,0.58773784,512,474
127,geometric_skeleton,qa_rendered_geometric_centerline_record_v1.0,102,416.222,278.0,0.81452405,0.58773784,512,474
127,geometric_skeleton,qa_rendered_geometric_centerline_record_v1.0,103,419.433,278.0,0.82080836,0.58773784,512,474
127,geometric_skeleton,qa_rendered_geometric_centerline_record_v1.0,104,422.644,278.0,0.82709268,0.58773784,512,474
127,geometric_skeleton,qa_rendered_geometric_centerline_record_v1.0,105,425.856,278.0,0.83337699,0.58773784,512,474
127,geometric_skeleton,qa_rendered_geometric_centerline_record_v1.0,106,429.067,278.0,0.83966131,0.58773784,512,474
127,geometric_skeleton,qa_rendered_geometric_centerline_record_v1.0,107,432.278,278.0,0.84594562,0.58773784,512,474
127,geometric_skeleton,qa_rendered_geometric_centerline_record_v1.0,108,435.489,278.0,0.85222994,0.58773784,512,474
127,geometric_skeleton,qa_rendered_geometric_centerline_record_v1.0,109,438.701,278.0,0.85851425,0.58773784,512,474
127,geometric_skeleton,qa_rendered_geometric_centerline_record_v1.0,110,441.645,278.645,0.86427579,0.58910133,512,474
127,geometric_skeleton,qa_rendered_geometric_centerline_record_v1.0,111,444.501,279.501,0.86986583,0.59091213,512,474
127,geometric_skeleton,qa_rendered_geometric_centerline_record_v1.0,112,447.358,280.358,0.87545586,0.59272293,512,474
127,geometric_skeleton,qa_rendered_geometric_centerline_record_v1.0,113,449.629,282.629,0.87989954,0.59752361,512,474
127,geometric_skeleton,qa_rendered_geometric_centerline_record_v1.0,114,451.899,284.899,0.88434322,0.60232429,512,474
127,geometric_skeleton,qa_rendered_geometric_centerline_record_v1.0,115,454.17,287.17,0.88878691,0.60712497,512,474
127,geometric_skeleton,qa_rendered_geometric_centerline_record_v1.0,116,455.734,289.734,0.89184682,0.61254487,512,474
127,geometric_skeleton,qa_rendered_geometric_centerline_record_v1.0,117,456.0,292.835,0.89236791,0.61910087,512,474
127,geometric_skeleton,qa_rendered_geometric_centerline_record_v1.0,118,456.0,296.046,0.89236791,0.62589006,512,474
127,geometric_skeleton,qa_rendered_geometric_centerline_record_v1.0,119,456.0,299.257,0.89236791,0.63267925,512,474
127,geometric_skeleton,qa_rendered_geometric_centerline_record_v1.0,120,457.038,302.038,0.89440007,0.63855906,512,474
127,geometric_skeleton,qa_rendered_geometric_centerline_record_v1.0,121,458.602,304.602,0.89745998,0.64397896,512,474
127,geometric_skeleton,qa_rendered_geometric_centerline_record_v1.0,122,459.092,307.642,0.89841822,0.65040588,512,474
127,geometric_skeleton,qa_rendered_geometric_centerline_record_v1.0,123,459.546,310.821,0.89930696,0.65712683,512,474
127,geometric_skeleton,qa_rendered_geometric_centerline_record_v1.0,124,460.0,314.0,0.90019569,0.66384778,512,474
128,geometric_skeleton,qa_rendered_geometric_centerline_record_v1.0,0,130.0,214.0,0.25440313,0.45243129,512,474
128,geometric_skeleton,qa_rendered_geometric_centerline_record_v1.0,1,133.164,213.604,0.26059542,0.45159507,512,474
128,geometric_skeleton,qa_rendered_geometric_centerline_record_v1.0,2,136.329,213.209,0.26678772,0.45075885,512,474
128,geometric_skeleton,qa_rendered_geometric_centerline_record_v1.0,3,139.064,214.064,0.27214046,0.45256612,512,474
128,geometric_skeleton,qa_rendered_geometric_centerline_record_v1.0,4,141.451,216.0,0.27681144,0.45665962,512,474
128,geometric_skeleton,qa_rendered_geometric_centerline_record_v1.0,5,144.64,216.0,0.28305193,0.45665962,512,474
128,geometric_skeleton,qa_rendered_geometric_centerline_record_v1.0,6,147.828,216.0,0.28929241,0.45665962,512,474
128,geometric_skeleton,qa_rendered_geometric_centerline_record_v1.0,7,151.017,216.0,0.29553289,0.45665962,512,474
128,geometric_skeleton,qa_rendered_geometric_centerline_record_v1.0,8,154.206,216.0,0.30177338,0.45665962,512,474
128,geometric_skeleton,qa_rendered_geometric_centerline_record_v1.0,9,157.395,216.0,0.30801386,0.45665962,512,474
128,geometric_skeleton,qa_rendered_geometric_centerline_record_v1.0,10,160.584,216.0,0.31425434,0.45665962,512,474
128,geometric_skeleton,qa_rendered_geometric_centerline_record_v1.0,11,163.773,216.0,0.32049482,0.45665962,512,474
128,geometric_skeleton,qa_rendered_geometric_centerline_record_v1.0,12,166.962,216.0,0.32673531,0.45665962,512,474
128,geometric_skeleton,qa_rendered_geometric_centerline_record_v1.0,13,169.736,217.0,0.3321652,0.45877378,512,474
128,geometric_skeleton,qa_rendered_geometric_centerline_record_v1.0,14,172.925,217.0,0.33840568,0.45877378,512,474
128,geometric_skeleton,qa_rendered_geometric_centerline_record_v1.0,15,175.495,218.495,0.34343436,0.46193437,512,474
128,geometric_skeleton,qa_rendered_geometric_centerline_record_v1.0,16,178.06,220.0,0.34845486,0.46511628,512,474
128,geometric_skeleton,qa_rendered_geometric_centerline_record_v1.0,17,180.835,221.0,0.35388475,0.46723044,512,474
128,geometric_skeleton,qa_rendered_geometric_centerline_record_v1.0,18,183.61,222.0,0.35931464,0.46934461,512,474
128,geometric_skeleton,qa_rendered_geometric_centerline_record_v1.0,19,186.799,222.0,0.36555512,0.46934461,512,474
128,geometric_skeleton,qa_rendered_geometric_centerline_record_v1.0,20,189.573,223.0,0.37098501,0.47145877,512,474
128,geometric_skeleton,qa_rendered_geometric_centerline_record_v1.0,21,192.762,223.0,0.37722549,0.47145877,512,474
128,geometric_skeleton,qa_rendered_geometric_centerline_record_v1.0,22,195.537,224.0,0.38265538,0.47357294,512,474
128,geometric_skeleton,qa_rendered_geometric_centerline_record_v1.0,23,198.726,224.0,0.38889586,0.47357294,512,474
128,geometric_skeleton,qa_rendered_geometric_centerline_record_v1.0,24,201.5,225.0,0.39432575,0.4756871,512,474
128,geometric_skeleton,qa_rendered_geometric_centerline_record_v1.0,25,204.689,225.0,0.40056624,0.4756871,512,474
128,geometric_skeleton,qa_rendered_geometric_centerline_record_v1.0,26,207.464,226.0,0.40599612,0.47780127,512,474
128,geometric_skeleton,qa_rendered_geometric_centerline_record_v1.0,27,210.653,226.0,0.41223661,0.47780127,512,474
128,geometric_skeleton,qa_rendered_geometric_centerline_record_v1.0,28,213.842,226.0,0.41847709,0.47780127,512,474
128,geometric_skeleton,qa_rendered_geometric_centerline_record_v1.0,29,216.616,227.0,0.42390698,0.47991543,512,474
128,geometric_skeleton,qa_rendered_geometric_centerline_record_v1.0,30,219.805,227.0,0.43014746,0.47991543,512,474
128,geometric_skeleton,qa_rendered_geometric_centerline_record_v1.0,31,222.994,227.0,0.43638794,0.47991543,512,474
128,geometric_skeleton,qa_rendered_geometric_centerline_record_v1.0,32,226.183,227.0,0.44262843,0.47991543,512,474
128,geometric_skeleton,qa_rendered_geometric_centerline_record_v1.0,33,228.958,228.0,0.44805832,0.4820296,512,474
128,geometric_skeleton,qa_rendered_geometric_centerline_record_v1.0,34,231.732,229.0,0.4534882,0.48414376,512,474
128,geometric_skeleton,qa_rendered_geometric_centerline_record_v1.0,35,234.507,230.0,0.45891809,0.48625793,512,474
128,geometric_skeleton,qa_rendered_geometric_centerline_record_v1.0,36,236.906,231.906,0.46361327,0.49028834,512,474
128,geometric_skeleton,qa_rendered_geometric_centerline_record_v1.0,37,239.747,232.747,0.46917231,0.49206565,512,474
128,geometric_skeleton,qa_rendered_geometric_centerline_record_v1.0,38,242.588,233.588,0.47473135,0.49384296,512,474
128,geometric_skeleton,qa_rendered_geometric_centerline_record_v1.0,39,245.428,234.428,0.4802904,0.49562028,512,474
128,geometric_skeleton,qa_rendered_geometric_centerline_record_v1.0,40,248.269,235.269,0.48584944,0.49739759,512,474
128,geometric_skeleton,qa_rendered_geometric_centerline_record_v1.0,41,251.11,236.11,0.49140848,0.49917491,512,474
128,geometric_skeleton,qa_rendered_geometric_centerline_record_v1.0,42,253.93,237.0,0.49692731,0.50105708,512,474
128,geometric_skeleton,qa_rendered_geometric_centerline_record_v1.0,43,256.705,238.0,0.5023572,0.50317125,512,474
128,geometric_skeleton,qa_rendered_geometric_centerline_record_v1.0,44,259.893,238.0,0.50859768,0.50317125,512,474
128,geometric_skeleton,qa_rendered_geometric_centerline_record_v1.0,45,263.058,238.058,0.51479099,0.50329429,512,474
128,geometric_skeleton,qa_rendered_geometric_centerline_record_v1.0,46,265.857,239.0,0.52026806,0.50528541,512,474
128,geometric_skeleton,qa_rendered_geometric_centerline_record_v1.0,47,269.046,239.0,0.52650854,0.50528541,512,474
128,geometric_skeleton,qa_rendered_geometric_centerline_record_v1.0,48,272.235,239.0,0.53274902,0.50528541,512,474
128,geometric_skeleton,qa_rendered_geometric_centerline_record_v1.0,49,275.424,239.0,0.5389895,0.50528541,512,474
128,geometric_skeleton,qa_rendered_geometric_centerline_record_v1.0,50,278.613,239.0,0.54522999,0.50528541,512,474
128,geometric_skeleton,qa_rendered_geometric_centerline_record_v1.0,51,281.801,239.0,0.55147047,0.50528541,512,474
128,geometric_skeleton,qa_rendered_geometric_centerline_record_v1.0,52,284.99,239.0,0.55771095,0.50528541,512,474
128,geometric_skeleton,qa_rendered_geometric_centerline_record_v1.0,53,288.179,239.0,0.56395144,0.50528541,512,474
128,geometric_skeleton,qa_rendered_geometric_centerline_record_v1.0,54,291.368,239.0,0.57019192,0.50528541,512,474
128,geometric_skeleton,qa_rendered_geometric_centerline_record_v1.0,55,294.143,240.0,0.57562181,0.50739958,512,474
128,geometric_skeleton,qa_rendered_geometric_centerline_record_v1.0,56,296.942,240.942,0.58109903,0.50939028,512,474
128,geometric_skeleton,qa_rendered_geometric_centerline_record_v1.0,57,300.106,241.0,0.58729218,0.50951374,512,474
128,geometric_skeleton,qa_rendered_geometric_centerline_record_v1.0,58,302.916,241.916,0.59279029,0.51144997,512,474
128,geometric_skeleton,qa_rendered_geometric_centerline_record_v1.0,59,305.757,242.757,0.59834933,0.51322729,512,474
128,geometric_skeleton,qa_rendered_geometric_centerline_record_v1.0,60,308.845,243.0,0.60439244,0.51374207,512,474
128,geometric_skeleton,qa_rendered_geometric_centerline_record_v1.0,61,311.731,243.731,0.61004059,0.51528698,512,474
128,geometric_skeleton,qa_rendered_geometric_centerline_record_v1.0,62,314.571,244.571,0.61559963,0.51706429,512,474
128,geometric_skeleton,qa_rendered_geometric_centerline_record_v1.0,63,317.583,245.0,0.6214927,0.5179704,512,474
128,geometric_skeleton,qa_rendered_geometric_centerline_record_v1.0,64,320.546,245.546,0.62729089,0.51912398,512,474
128,geometric_skeleton,qa_rendered_geometric_centerline_record_v1.0,65,323.386,246.386,0.63284993,0.5209013,512,474
128,geometric_skeleton,qa_rendered_geometric_centerline_record_v1.0,66,326.321,247.0,0.63859296,0.52219873,512,474
128,geometric_skeleton,qa_rendered_geometric_centerline_record_v1.0,67,329.51,247.0,0.64483344,0.52219873,512,474
128,geometric_skeleton,qa_rendered_geometric_centerline_record_v1.0,68,332.699,247.0,0.65107392,0.52219873,512,474
128,geometric_skeleton,qa_rendered_geometric_centerline_record_v1.0,69,335.888,247.0,0.65731441,0.52219873,512,474
128,geometric_skeleton,qa_rendered_geometric_centerline_record_v1.0,70,338.248,249.0,0.6619337,0.52642706,512,474
128,geometric_skeleton,qa_rendered_geometric_centerline_record_v1.0,71,341.309,249.309,0.6679237,0.52708036,512,474
128,geometric_skeleton,qa_rendered_geometric_centerline_record_v1.0,72,344.212,250.0,0.67360407,0.52854123,512,474
128,geometric_skeleton,qa_rendered_geometric_centerline_record_v1.0,73,347.401,250.0,0.67984456,0.52854123,512,474
128,geometric_skeleton,qa_rendered_geometric_centerline_record_v1.0,74,350.589,250.0,0.68608504,0.52854123,512,474
128,geometric_skeleton,qa_rendered_geometric_centerline_record_v1.0,75,353.55,250.55,0.69187939,0.5297048,512,474
128,geometric_skeleton,qa_rendered_geometric_centerline_record_v1.0,76,356.553,251.0,0.69775541,0.53065539,512,474
128,geometric_skeleton,qa_rendered_geometric_centerline_record_v1.0,77,359.742,251.0,0.70399589,0.53065539,512,474
128,geometric_skeleton,qa_rendered_geometric_centerline_record_v1.0,78,362.658,251.658,0.70970287,0.53204686,512,474
128,geometric_skeleton,qa_rendered_geometric_centerline_record_v1.0,79,365.705,252.0,0.71566626,0.53276956,512,474
128,geometric_skeleton,qa_rendered_geometric_centerline_record_v1.0,80,368.632,252.632,0.72139413,0.53410655,512,474
128,geometric_skeleton,qa_rendered_geometric_centerline_record_v1.0,81,371.669,253.0,0.72733664,0.53488372,512,474
128,geometric_skeleton,qa_rendered_geometric_centerline_record_v1.0,82,374.607,253.607,0.73308539,0.53616624,512,474
128,geometric_skeleton,qa_rendered_geometric_centerline_record_v1.0,83,377.633,254.0,0.73900701,0.53699789,512,474
128,geometric_skeleton,qa_rendered_geometric_centerline_record_v1.0,84,380.581,254.581,0.74477664,0.53822593,512,474
128,geometric_skeleton,qa_rendered_geometric_centerline_record_v1.0,85,383.596,255.0,0.75067738,0.53911205,512,474
128,geometric_skeleton,qa_rendered_geometric_centerline_record_v1.0,86,386.785,255.0,0.75691786,0.53911205,512,474
128,geometric_skeleton,qa_rendered_geometric_centerline_record_v1.0,87,389.974,255.0,0.76315834,0.53911205,512,474
128,geometric_skeleton,qa_rendered_geometric_centerline_record_v1.0,88,392.822,255.822,0.76873234,0.54085037,512,474
128,geometric_skeleton,qa_rendered_geometric_centerline_record_v1.0,89,395.937,256.0,0.77482871,0.54122622,512,474
128,geometric_skeleton,qa_rendered_geometric_centerline_record_v1.0,90,398.796,256.796,0.78042359,0.54291006,512,474
128,geometric_skeleton,qa_rendered_geometric_centerline_record_v1.0,91,401.901,257.0,0.78649909,0.54334038,512,474
128,geometric_skeleton,qa_rendered_geometric_centerline_record_v1.0,92,405.09,257.0,0.79273957,0.54334038,512,474
128,geometric_skeleton,qa_rendered_geometric_centerline_record_v1.0,93,408.279,257.0,0.79898005,0.54334038,512,474
128,geometric_skeleton,qa_rendered_geometric_centerline_record_v1.0,94,411.468,257.0,0.80522053,0.54334038,512,474
128,geometric_skeleton,qa_rendered_geometric_centerline_record_v1.0,95,414.657,257.0,0.81146102,0.54334038,512,474
128,geometric_skeleton,qa_rendered_geometric_centerline_record_v1.0,96,417.845,257.0,0.8177015,0.54334038,512,474
128,geometric_skeleton,qa_rendered_geometric_centerline_record_v1.0,97,421.034,257.0,0.82394198,0.54334038,512,474
128,geometric_skeleton,qa_rendered_geometric_centerline_record_v1.0,98,424.223,257.0,0.83018247,0.54334038,512,474
128,geometric_skeleton,qa_rendered_geometric_centerline_record_v1.0,99,427.412,257.0,0.83642295,0.54334038,512,474
128,geometric_skeleton,qa_rendered_geometric_centerline_record_v1.0,100,430.601,257.0,0.84266343,0.54334038,512,474
128,geometric_skeleton,qa_rendered_geometric_centerline_record_v1.0,101,433.79,257.0,0.84890391,0.54334038,512,474
128,geometric_skeleton,qa_rendered_geometric_centerline_record_v1.0,102,436.399,255.601,0.8540102,0.54038221,512,474
128,geometric_skeleton,qa_rendered_geometric_centerline_record_v1.0,103,438.654,253.346,0.85842289,0.53561502,512,474
128,geometric_skeleton,qa_rendered_geometric_centerline_record_v1.0,104,440.909,251.091,0.86283558,0.53084782,512,474
128,geometric_skeleton,qa_rendered_geometric_centerline_record_v1.0,105,443.164,248.836,0.86724827,0.52608063,512,474
128,geometric_skeleton,qa_rendered_geometric_centerline_record_v1.0,106,445.0,246.408,0.87084149,0.52094673,512,474
128,geometric_skeleton,qa_rendered_geometric_centerline_record_v1.0,107,446.967,244.033,0.87468987,0.51592701,512,474
128,geometric_skeleton,qa_rendered_geometric_centerline_record_v1.0,108,447.0,240.858,0.87475538,0.50921449,512,474
128,geometric_skeleton,qa_rendered_geometric_centerline_record_v1.0,109,447.148,237.704,0.87504457,0.50254641,512,474
128,geometric_skeleton,qa_rendered_geometric_centerline_record_v1.0,110,448.574,234.852,0.87783539,0.49651634,512,474
128,geometric_skeleton,qa_rendered_geometric_centerline_record_v1.0,111,450.0,232.0,0.88062622,0.49048626,512,474
129,geometric_skeleton,qa_rendered_geometric_centerline_record_v1.0,0,144.0,244.0,0.28180039,0.51585624,512,474
129,geometric_skeleton,qa_rendered_geometric_centerline_record_v1.0,1,146.292,246.292,0.28628522,0.52070137,512,474
129,geometric_skeleton,qa_rendered_geometric_centerline_record_v1.0,2,148.583,248.583,0.29077006,0.52554651,512,474
129,geometric_skeleton,qa_rendered_geometric_centerline_record_v1.0,3,151.168,250.168,0.29582807,0.52889671,512,474
129,geometric_skeleton,qa_rendered_geometric_centerline_record_v1.0,4,153.65,252.0,0.30068569,0.53276956,512,474
129,geometric_skeleton,qa_rendered_geometric_centerline_record_v1.0,5,156.063,254.0,0.30540701,0.53699789,512,474
129,geometric_skeleton,qa_rendered_geometric_centerline_record_v1.0,6,158.922,254.922,0.3110021,0.5389473,512,474
129,geometric_skeleton,qa_rendered_geometric_centerline_record_v1.0,7,162.131,255.0,0.31728144,0.53911205,512,474
129,geometric_skeleton,qa_rendered_geometric_centerline_record_v1.0,8,165.372,255.0,0.32362395,0.53911205,512,474
129,geometric_skeleton,qa_rendered_geometric_centerline_record_v1.0,9,168.613,255.0,0.32996646,0.53911205,512,474
129,geometric_skeleton,qa_rendered_geometric_centerline_record_v1.0,10,171.854,255.0,0.33630897,0.53911205,512,474
129,geometric_skeleton,qa_rendered_geometric_centerline_record_v1.0,11,174.681,254.0,0.34184089,0.53699789,512,474
129,geometric_skeleton,qa_rendered_geometric_centerline_record_v1.0,12,177.922,254.0,0.3481834,0.53699789,512,474
129,geometric_skeleton,qa_rendered_geometric_centerline_record_v1.0,13,181.163,254.0,0.35452591,0.53699789,512,474
129,geometric_skeleton,qa_rendered_geometric_centerline_record_v1.0,14,184.404,254.0,0.36086843,0.53699789,512,474
129,geometric_skeleton,qa_rendered_geometric_centerline_record_v1.0,15,187.645,254.0,0.36721094,0.53699789,512,474
129,geometric_skeleton,qa_rendered_geometric_centerline_record_v1.0,16,190.886,254.0,0.37355345,0.53699789,512,474
129,geometric_skeleton,qa_rendered_geometric_centerline_record_v1.0,17,194.127,254.0,0.37989596,0.53699789,512,474
129,geometric_skeleton,qa_rendered_geometric_centerline_record_v1.0,18,197.368,254.0,0.38623847,0.53699789,512,474
129,geometric_skeleton,qa_rendered_geometric_centerline_record_v1.0,19,200.609,254.0,0.39258098,0.53699789,512,474
129,geometric_skeleton,qa_rendered_geometric_centerline_record_v1.0,20,203.85,254.0,0.3989235,0.53699789,512,474
129,geometric_skeleton,qa_rendered_geometric_centerline_record_v1.0,21,207.091,254.0,0.40526601,0.53699789,512,474
129,geometric_skeleton,qa_rendered_geometric_centerline_record_v1.0,22,210.332,254.0,0.41160852,0.53699789,512,474
129,geometric_skeleton,qa_rendered_geometric_centerline_record_v1.0,23,213.573,254.0,0.41795103,0.53699789,512,474
129,geometric_skeleton,qa_rendered_geometric_centerline_record_v1.0,24,216.814,254.0,0.42429354,0.53699789,512,474
129,geometric_skeleton,qa_rendered_geometric_centerline_record_v1.0,25,220.055,254.0,0.43063605,0.53699789,512,474
129,geometric_skeleton,qa_rendered_geometric_centerline_record_v1.0,26,223.296,254.0,0.43697857,0.53699789,512,474
129,geometric_skeleton,qa_rendered_geometric_centerline_record_v1.0,27,226.537,254.0,0.44332108,0.53699789,512,474
129,geometric_skeleton,qa_rendered_geometric_centerline_record_v1.0,28,229.778,254.0,0.44966359,0.53699789,512,474
129,geometric_skeleton,qa_rendered_geometric_centerline_record_v1.0,29,233.014,254.014,0.45599514,0.53702646,512,474
129,geometric_skeleton,qa_rendered_geometric_centerline_record_v1.0,30,235.846,255.0,0.46153802,0.53911205,512,474
129,geometric_skeleton,qa_rendered_geometric_centerline_record_v1.0,31,239.061,255.061,0.46783069,0.53924204,512,474
129,geometric_skeleton,qa_rendered_geometric_centerline_record_v1.0,32,241.914,256.0,0.47341245,0.54122622,512,474
129,geometric_skeleton,qa_rendered_geometric_centerline_record_v1.0,33,244.741,257.0,0.47894436,0.54334038,512,474
129,geometric_skeleton,qa_rendered_geometric_centerline_record_v1.0,34,247.567,258.0,0.48447628,0.54545455,512,474
129,geometric_skeleton,qa_rendered_geometric_centerline_record_v1.0,35,250.808,258.0,0.49081879,0.54545455,512,474
129,geometric_skeleton,qa_rendered_geometric_centerline_record_v1.0,36,253.635,259.0,0.49635071,0.54756871,512,474
129,geometric_skeleton,qa_rendered_geometric_centerline_record_v1.0,37,256.876,259.0,0.50269322,0.54756871,512,474
129,geometric_skeleton,qa_rendered_geometric_centerline_record_v1.0,38,260.083,259.083,0.50896852,0.54774401,512,474
129,geometric_skeleton,qa_rendered_geometric_centerline_record_v1.0,39,262.944,260.0,0.51456765,0.54968288,512,474
129,geometric_skeleton,qa_rendered_geometric_centerline_record_v1.0,40,266.131,260.131,0.52080407,0.54995958,512,474
129,geometric_skeleton,qa_rendered_geometric_centerline_record_v1.0,41,269.008,261.008,0.52643526,0.55181484,512,474
129,geometric_skeleton,qa_rendered_geometric_centerline_record_v1.0,42,271.839,262.0,0.531974,0.55391121,512,474
129,geometric_skeleton,qa_rendered_geometric_centerline_record_v1.0,43,275.056,262.056,0.53827081,0.55403041,512,474
129,geometric_skeleton,qa_rendered_geometric_centerline_record_v1.0,44,277.907,263.0,0.54384843,0.55602537,512,474
129,geometric_skeleton,qa_rendered_geometric_centerline_record_v1.0,45,281.148,263.0,0.55019094,0.55602537,512,474
129,geometric_skeleton,qa_rendered_geometric_centerline_record_v1.0,46,284.389,263.0,0.55653345,0.55602537,512,474
129,geometric_skeleton,qa_rendered_geometric_centerline_record_v1.0,47,287.63,263.0,0.56287596,0.55602537,512,474
129,geometric_skeleton,qa_rendered_geometric_centerline_record_v1.0,48,290.871,263.0,0.56921847,0.55602537,512,474
129,geometric_skeleton,qa_rendered_geometric_centerline_record_v1.0,49,294.112,263.0,0.57556099,0.55602537,512,474
129,geometric_skeleton,qa_rendered_geometric_centerline_record_v1.0,50,297.353,263.0,0.5819035,0.55602537,512,474
129,geometric_skeleton,qa_rendered_geometric_centerline_record_v1.0,51,300.594,263.0,0.58824601,0.55602537,512,474
129,geometric_skeleton,qa_rendered_geometric_centerline_record_v1.0,52,303.835,263.0,0.59458852,0.55602537,512,474
129,geometric_skeleton,qa_rendered_geometric_centerline_record_v1.0,53,307.076,263.0,0.60093103,0.55602537,512,474
129,geometric_skeleton,qa_rendered_geometric_centerline_record_v1.0,54,310.317,263.0,0.60727354,0.55602537,512,474
129,geometric_skeleton,qa_rendered_geometric_centerline_record_v1.0,55,313.558,263.0,0.61361606,0.55602537,512,474
129,geometric_skeleton,qa_rendered_geometric_centerline_record_v1.0,56,316.799,263.0,0.61995857,0.55602537,512,474
129,geometric_skeleton,qa_rendered_geometric_centerline_record_v1.0,57,320.04,263.0,0.62630108,0.55602537,512,474
129,geometric_skeleton,qa_rendered_geometric_centerline_record_v1.0,58,323.281,263.0,0.63264359,0.55602537,512,474
129,geometric_skeleton,qa_rendered_geometric_centerline_record_v1.0,59,326.522,263.0,0.6389861,0.55602537,512,474
129,geometric_skeleton,qa_rendered_geometric_centerline_record_v1.0,60,329.763,263.0,0.64532861,0.55602537,512,474
129,geometric_skeleton,qa_rendered_geometric_centerline_record_v1.0,61,332.71,263.71,0.65109569,0.55752621,512,474
129,geometric_skeleton,qa_rendered_geometric_centerline_record_v1.0,62,335.831,264.0,0.65720304,0.55813953,512,474
129,geometric_skeleton,qa_rendered_geometric_centerline_record_v1.0,63,338.758,264.758,0.66293124,0.55974178,512,474
129,geometric_skeleton,qa_rendered_geometric_centerline_record_v1.0,64,341.635,265.635,0.66856242,0.56159704,512,474
129,geometric_skeleton,qa_rendered_geometric_centerline_record_v1.0,65,344.513,266.513,0.67419361,0.56345229,512,474
129,geometric_skeleton,qa_rendered_geometric_centerline_record_v1.0,66,347.552,267.0,0.68014131,0.56448203,512,474
129,geometric_skeleton,qa_rendered_geometric_centerline_record_v1.0,67,350.561,267.561,0.68602916,0.56566786,512,474
129,geometric_skeleton,qa_rendered_geometric_centerline_record_v1.0,68,353.438,268.438,0.69166034,0.56752312,512,474
129,geometric_skeleton,qa_rendered_geometric_centerline_record_v1.0,69,356.316,269.316,0.69729153,0.56937838,512,474
129,geometric_skeleton,qa_rendered_geometric_centerline_record_v1.0,70,359.194,270.194,0.70292272,0.57123363,512,474
129,geometric_skeleton,qa_rendered_geometric_centerline_record_v1.0,71,362.071,271.071,0.7085539,0.57308889,512,474
129,geometric_skeleton,qa_rendered_geometric_centerline_record_v1.0,72,364.927,272.0,0.71414341,0.57505285,512,474
129,geometric_skeleton,qa_rendered_geometric_centerline_record_v1.0,73,367.754,273.0,0.71967533,0.57716702,512,474
129,geometric_skeleton,qa_rendered_geometric_centerline_record_v1.0,74,370.581,274.0,0.72520724,0.57928118,512,474
129,geometric_skeleton,qa_rendered_geometric_centerline_record_v1.0,75,373.822,274.0,0.73154975,0.57928118,512,474
129,geometric_skeleton,qa_rendered_geometric_centerline_record_v1.0,76,376.649,275.0,0.73708167,0.58139535,512,474
129,geometric_skeleton,qa_rendered_geometric_centerline_record_v1.0,77,379.89,275.0,0.74342418,0.58139535,512,474
129,geometric_skeleton,qa_rendered_geometric_centerline_record_v1.0,78,382.507,276.507,0.74854538,0.58458074,512,474
129,geometric_skeleton,qa_rendered_geometric_centerline_record_v1.0,79,384.798,278.798,0.75303021,0.58942588,512,474
129,geometric_skeleton,qa_rendered_geometric_centerline_record_v1.0,80,387.128,281.0,0.75758815,0.59408034,512,474
129,geometric_skeleton,qa_rendered_geometric_centerline_record_v1.0,81,389.675,282.675,0.76257306,0.59762121,512,474
129,geometric_skeleton,qa_rendered_geometric_centerline_record_v1.0,82,392.552,283.552,0.76820424,0.59947647,512,474
129,geometric_skeleton,qa_rendered_geometric_centerline_record_v1.0,83,395.43,284.43,0.77383543,0.60133172,512,474
129,geometric_skeleton,qa_rendered_geometric_centerline_record_v1.0,84,398.307,285.307,0.77946662,0.60318698,512,474
129,geometric_skeleton,qa_rendered_geometric_centerline_record_v1.0,85,401.185,286.185,0.7850978,0.60504223,512,474
129,geometric_skeleton,qa_rendered_geometric_centerline_record_v1.0,86,404.088,287.0,0.79077966,0.60676533,512,474
129,geometric_skeleton,qa_rendered_geometric_centerline_record_v1.0,87,407.233,287.233,0.79693335,0.60725781,512,474
129,geometric_skeleton,qa_rendered_geometric_centerline_record_v1.0,88,410.11,288.11,0.80256454,0.60911306,512,474
129,geometric_skeleton,qa_rendered_geometric_centerline_record_v1.0,89,412.983,289.0,0.80818601,0.61099366,512,474
129,geometric_skeleton,qa_rendered_geometric_centerline_record_v1.0,90,416.158,289.158,0.81440009,0.61132863,512,474
129,geometric_skeleton,qa_rendered_geometric_centerline_record_v1.0,91,419.051,290.0,0.82006044,0.61310782,512,474
129,geometric_skeleton,qa_rendered_geometric_centerline_record_v1.0,92,422.206,290.206,0.82623563,0.6135442,512,474
129,geometric_skeleton,qa_rendered_geometric_centerline_record_v1.0,93,425.119,291.0,0.83193487,0.61522199,512,474
129,geometric_skeleton,qa_rendered_geometric_centerline_record_v1.0,94,428.254,291.254,0.83807118,0.61575978,512,474
129,geometric_skeleton,qa_rendered_geometric_centerline_record_v1.0,95,431.132,292.132,0.84370237,0.61761503,512,474
129,geometric_skeleton,qa_rendered_geometric_centerline_record_v1.0,96,434.009,293.009,0.84933355,0.61947029,512,474
129,geometric_skeleton,qa_rendered_geometric_centerline_record_v1.0,97,436.84,294.0,0.85487313,0.62156448,512,474
129,geometric_skeleton,qa_rendered_geometric_centerline_record_v1.0,98,440.057,294.057,0.8611691,0.62168586,512,474
129,geometric_skeleton,qa_rendered_geometric_centerline_record_v1.0,99,442.908,295.0,0.86674756,0.62367865,512,474
129,geometric_skeleton,qa_rendered_geometric_centerline_record_v1.0,100,445.735,296.0,0.87227948,0.62579281,512,474
129,geometric_skeleton,qa_rendered_geometric_centerline_record_v1.0,101,448.562,297.0,0.87781139,0.62790698,512,474
129,geometric_skeleton,qa_rendered_geometric_centerline_record_v1.0,102,451.388,298.0,0.88334331,0.63002114,512,474
129,geometric_skeleton,qa_rendered_geometric_centerline_record_v1.0,103,454.215,299.0,0.88887523,0.63213531,512,474
129,geometric_skeleton,qa_rendered_geometric_centerline_record_v1.0,104,457.456,299.0,0.89521774,0.63213531,512,474
129,geometric_skeleton,qa_rendered_geometric_centerline_record_v1.0,105,460.2,300.2,0.90058741,0.63467265,512,474
129,geometric_skeleton,qa_rendered_geometric_centerline_record_v1.0,106,462.492,302.492,0.90507224,0.63951779,512,474
129,geometric_skeleton,qa_rendered_geometric_centerline_record_v1.0,107,464.784,304.784,0.90955707,0.64436293,512,474
129,geometric_skeleton,qa_rendered_geometric_centerline_record_v1.0,108,465.0,307.935,0.90998043,0.65102553,512,474
129,geometric_skeleton,qa_rendered_geometric_centerline_record_v1.0,109,464.875,311.125,0.90973675,0.65776855,512,474
129,geometric_skeleton,qa_rendered_geometric_centerline_record_v1.0,110,463.0,313.589,0.90606654,0.66297822,512,474
129,geometric_skeleton,qa_rendered_geometric_centerline_record_v1.0,111,461.0,316.001,0.90215264,0.66807885,512,474
129,geometric_skeleton,qa_rendered_geometric_centerline_record_v1.0,112,459.414,318.586,0.89904979,0.67354241,512,474
129,geometric_skeleton,qa_rendered_geometric_centerline_record_v1.0,113,457.123,320.877,0.89456496,0.67838754,512,474
129,geometric_skeleton,qa_rendered_geometric_centerline_record_v1.0,114,456.0,323.653,0.89236791,0.68425644,512,474
129,geometric_skeleton,qa_rendered_geometric_centerline_record_v1.0,115,454.661,326.339,0.8897466,0.68993549,512,474
129,geometric_skeleton,qa_rendered_geometric_centerline_record_v1.0,116,453.0,328.893,0.88649706,0.69533341,512,474
129,geometric_skeleton,qa_rendered_geometric_centerline_record_v1.0,117,452.553,332.042,0.8856231,0.70199167,512,474
129,geometric_skeleton,qa_rendered_geometric_centerline_record_v1.0,118,451.277,335.021,0.88312466,0.7082897,512,474
129,geometric_skeleton,qa_rendered_geometric_centerline_record_v1.0,119,450.0,338.0,0.88062622,0.71458774,512,474
130,geometric_skeleton,qa_rendered_geometric_centerline_record_v1.0,0,128.0,264.0,0.25048924,0.55813953,512,474
130,geometric_skeleton,qa_rendered_geometric_centerline_record_v1.0,1,130.194,261.806,0.25478188,0.55350202,512,474
130,geometric_skeleton,qa_rendered_geometric_centerline_record_v1.0,2,132.387,259.613,0.25907453,0.54886451,512,474
130,geometric_skeleton,qa_rendered_geometric_centerline_record_v1.0,3,134.821,258.0,0.26383783,0.54545455,512,474
130,geometric_skeleton,qa_rendered_geometric_centerline_record_v1.0,4,137.923,258.0,0.26990855,0.54545455,512,474
130,geometric_skeleton,qa_rendered_geometric_centerline_record_v1.0,5,141.018,257.982,0.2759647,0.54541657,512,474
130,geometric_skeleton,qa_rendered_geometric_centerline_record_v1.0,6,143.713,257.0,0.28123939,0.54334038,512,474
130,geometric_skeleton,qa_rendered_geometric_centerline_record_v1.0,7,146.815,257.0,0.28731011,0.54334038,512,474
130,geometric_skeleton,qa_rendered_geometric_centerline_record_v1.0,8,149.918,257.0,0.29338083,0.54334038,512,474
130,geometric_skeleton,qa_rendered_geometric_centerline_record_v1.0,9,153.02,257.0,0.29945155,0.54334038,512,474
130,geometric_skeleton,qa_rendered_geometric_centerline_record_v1.0,10,156.122,257.0,0.30552226,0.54334038,512,474
130,geometric_skeleton,qa_rendered_geometric_centerline_record_v1.0,11,159.224,257.0,0.31159298,0.54334038,512,474
130,geometric_skeleton,qa_rendered_geometric_centerline_record_v1.0,12,162.326,257.0,0.3176637,0.54334038,512,474
130,geometric_skeleton,qa_rendered_geometric_centerline_record_v1.0,13,165.428,257.0,0.32373442,0.54334038,512,474
130,geometric_skeleton,qa_rendered_geometric_centerline_record_v1.0,14,168.53,257.0,0.32980514,0.54334038,512,474
130,geometric_skeleton,qa_rendered_geometric_centerline_record_v1.0,15,171.633,257.0,0.33587586,0.54334038,512,474
130,geometric_skeleton,qa_rendered_geometric_centerline_record_v1.0,16,174.735,257.0,0.34194658,0.54334038,512,474
130,geometric_skeleton,qa_rendered_geometric_centerline_record_v1.0,17,177.837,257.0,0.3480173,0.54334038,512,474
130,geometric_skeleton,qa_rendered_geometric_centerline_record_v1.0,18,180.939,257.0,0.35408801,0.54334038,512,474
130,geometric_skeleton,qa_rendered_geometric_centerline_record_v1.0,19,184.041,257.0,0.36015873,0.54334038,512,474
130,geometric_skeleton,qa_rendered_geometric_centerline_record_v1.0,20,187.143,257.0,0.36622945,0.54334038,512,474
130,geometric_skeleton,qa_rendered_geometric_centerline_record_v1.0,21,190.245,257.0,0.37230017,0.54334038,512,474
130,geometric_skeleton,qa_rendered_geometric_centerline_record_v1.0,22,193.348,257.0,0.37837089,0.54334038,512,474
130,geometric_skeleton,qa_rendered_geometric_centerline_record_v1.0,23,196.45,257.0,0.38444161,0.54334038,512,474
130,geometric_skeleton,qa_rendered_geometric_centerline_record_v1.0,24,199.552,257.0,0.39051233,0.54334038,512,474
130,geometric_skeleton,qa_rendered_geometric_centerline_record_v1.0,25,202.24,258.0,0.39577245,0.54545455,512,474
130,geometric_skeleton,qa_rendered_geometric_centerline_record_v1.0,26,205.342,258.0,0.40184317,0.54545455,512,474
130,geometric_skeleton,qa_rendered_geometric_centerline_record_v1.0,27,208.444,258.0,0.40791389,0.54545455,512,474
130,geometric_skeleton,qa_rendered_geometric_centerline_record_v1.0,28,211.546,258.0,0.41398461,0.54545455,512,474
130,geometric_skeleton,qa_rendered_geometric_centerline_record_v1.0,29,214.648,258.0,0.42005532,0.54545455,512,474
130,geometric_skeleton,qa_rendered_geometric_centerline_record_v1.0,30,217.75,258.0,0.42612604,0.54545455,512,474
130,geometric_skeleton,qa_rendered_geometric_centerline_record_v1.0,31,220.438,257.0,0.43138617,0.54334038,512,474
130,geometric_skeleton,qa_rendered_geometric_centerline_record_v1.0,32,223.54,257.0,0.43745689,0.54334038,512,474
130,geometric_skeleton,qa_rendered_geometric_centerline_record_v1.0,33,226.228,256.0,0.44271701,0.54122622,512,474
130,geometric_skeleton,qa_rendered_geometric_centerline_record_v1.0,34,228.941,255.059,0.4480251,0.53923715,512,474
130,geometric_skeleton,qa_rendered_geometric_centerline_record_v1.0,35,232.018,255.0,0.45404785,0.53911205,512,474
130,geometric_skeleton,qa_rendered_geometric_centerline_record_v1.0,36,234.792,254.208,0.45947628,0.53743683,512,474
130,geometric_skeleton,qa_rendered_geometric_centerline_record_v1.0,37,237.809,254.0,0.4653787,0.53699789,512,474
130,geometric_skeleton,qa_rendered_geometric_centerline_record_v1.0,38,240.644,253.356,0.47092745,0.53563652,512,474
130,geometric_skeleton,qa_rendered_geometric_centerline_record_v1.0,39,243.423,252.577,0.47636645,0.53398889,512,474
130,geometric_skeleton,qa_rendered_geometric_centerline_record_v1.0,40,246.286,252.0,0.48196967,0.53276956,512,474
130,geometric_skeleton,qa_rendered_geometric_centerline_record_v1.0,41,249.275,251.725,0.48781763,0.53218857,512,474
130,geometric_skeleton,qa_rendered_geometric_centerline_record_v1.0,42,252.054,250.946,0.49325663,0.53054094,512,474
130,geometric_skeleton,qa_rendered_geometric_centerline_record_v1.0,43,254.764,250.0,0.49856063,0.52854123,512,474
130,geometric_skeleton,qa_rendered_geometric_centerline_record_v1.0,44,257.452,249.0,0.50382076,0.52642706,512,474
130,geometric_skeleton,qa_rendered_geometric_centerline_record_v1.0,45,260.555,249.0,0.50989148,0.52642706,512,474
130,geometric_skeleton,qa_rendered_geometric_centerline_record_v1.0,46,263.657,249.0,0.51596219,0.52642706,512,474
130,geometric_skeleton,qa_rendered_geometric_centerline_record_v1.0,47,266.759,249.0,0.52203291,0.52642706,512,474
130,geometric_skeleton,qa_rendered_geometric_centerline_record_v1.0,48,269.861,249.0,0.52810363,0.52642706,512,474
130,geometric_skeleton,qa_rendered_geometric_centerline_record_v1.0,49,272.963,249.0,0.53417435,0.52642706,512,474
130,geometric_skeleton,qa_rendered_geometric_centerline_record_v1.0,50,276.065,249.0,0.54024507,0.52642706,512,474
130,geometric_skeleton,qa_rendered_geometric_centerline_record_v1.0,51,279.167,249.0,0.54631579,0.52642706,512,474
130,geometric_skeleton,qa_rendered_geometric_centerline_record_v1.0,52,282.27,249.0,0.55238651,0.52642706,512,474
130,geometric_skeleton,qa_rendered_geometric_centerline_record_v1.0,53,285.372,249.0,0.55845723,0.52642706,512,474
130,geometric_skeleton,qa_rendered_geometric_centerline_record_v1.0,54,288.474,249.0,0.56452794,0.52642706,512,474
130,geometric_skeleton,qa_rendered_geometric_centerline_record_v1.0,55,291.576,249.0,0.57059866,0.52642706,512,474
130,geometric_skeleton,qa_rendered_geometric_centerline_record_v1.0,56,294.678,249.0,0.57666938,0.52642706,512,474
130,geometric_skeleton,qa_rendered_geometric_centerline_record_v1.0,57,297.78,249.0,0.5827401,0.52642706,512,474
130,geometric_skeleton,qa_rendered_geometric_centerline_record_v1.0,58,300.882,249.0,0.58881082,0.52642706,512,474
130,geometric_skeleton,qa_rendered_geometric_centerline_record_v1.0,59,303.984,249.0,0.59488154,0.52642706,512,474
130,geometric_skeleton,qa_rendered_geometric_centerline_record_v1.0,60,307.087,249.0,0.60095226,0.52642706,512,474
130,geometric_skeleton,qa_rendered_geometric_centerline_record_v1.0,61,310.189,249.0,0.60702297,0.52642706,512,474
130,geometric_skeleton,qa_rendered_geometric_centerline_record_v1.0,62,313.291,249.0,0.61309369,0.52642706,512,474
130,geometric_skeleton,qa_rendered_geometric_centerline_record_v1.0,63,315.985,248.015,0.61836597,0.52434459,512,474
130,geometric_skeleton,qa_rendered_geometric_centerline_record_v1.0,64,319.081,248.0,0.62442454,0.5243129,512,474
130,geometric_skeleton,qa_rendered_geometric_centerline_record_v1.0,65,321.837,247.163,0.62981714,0.52254427,512,474
130,geometric_skeleton,qa_rendered_geometric_centerline_record_v1.0,66,324.616,246.384,0.63525614,0.52089664,512,474
130,geometric_skeleton,qa_rendered_geometric_centerline_record_v1.0,67,327.559,246.0,0.6410155,0.52008457,512,474
130,geometric_skeleton,qa_rendered_geometric_centerline_record_v1.0,68,330.467,245.533,0.64670732,0.51909632,512,474
130,geometric_skeleton,qa_rendered_geometric_centerline_record_v1.0,69,333.247,244.753,0.65214632,0.51744869,512,474
130,geometric_skeleton,qa_rendered_geometric_centerline_record_v1.0,70,336.037,244.0,0.65760647,0.51585624,512,474
130,geometric_skeleton,qa_rendered_geometric_centerline_record_v1.0,71,339.098,243.902,0.66359749,0.51564837,512,474
130,geometric_skeleton,qa_rendered_geometric_centerline_record_v1.0,72,341.827,243.0,0.66893731,0.51374207,512,474
130,geometric_skeleton,qa_rendered_geometric_centerline_record_v1.0,73,344.929,243.0,0.67500803,0.51374207,512,474
130,geometric_skeleton,qa_rendered_geometric_centerline_record_v1.0,74,348.031,243.0,0.68107875,0.51374207,512,474
130,geometric_skeleton,qa_rendered_geometric_centerline_record_v1.0,75,351.094,242.906,0.68707302,0.51354268,512,474
130,geometric_skeleton,qa_rendered_geometric_centerline_record_v1.0,76,353.821,242.0,0.6924096,0.51162791,512,474
130,geometric_skeleton,qa_rendered_geometric_centerline_record_v1.0,77,356.923,242.0,0.69848031,0.51162791,512,474
130,geometric_skeleton,qa_rendered_geometric_centerline_record_v1.0,78,359.611,241.0,0.70374044,0.50951374,512,474
130,geometric_skeleton,qa_rendered_geometric_centerline_record_v1.0,79,362.714,241.0,0.70981116,0.50951374,512,474
130,geometric_skeleton,qa_rendered_geometric_centerline_record_v1.0,80,365.816,241.0,0.71588188,0.50951374,512,474
130,geometric_skeleton,qa_rendered_geometric_centerline_record_v1.0,81,368.918,241.0,0.72195259,0.50951374,512,474
130,geometric_skeleton,qa_rendered_geometric_centerline_record_v1.0,82,372.02,241.0,0.72802331,0.50951374,512,474
130,geometric_skeleton,qa_rendered_geometric_centerline_record_v1.0,83,375.122,241.0,0.73409403,0.50951374,512,474
130,geometric_skeleton,qa_rendered_geometric_centerline_record_v1.0,84,378.224,241.0,0.74016475,0.50951374,512,474
130,geometric_skeleton,qa_rendered_geometric_centerline_record_v1.0,85,381.231,240.769,0.74604843,0.50902591,512,474
130,geometric_skeleton,qa_rendered_geometric_centerline_record_v1.0,86,384.014,240.0,0.75149559,0.50739958,512,474
130,geometric_skeleton,qa_rendered_geometric_centerline_record_v1.0,87,387.082,239.918,0.7574996,0.50722559,512,474
130,geometric_skeleton,qa_rendered_geometric_centerline_record_v1.0,88,389.804,239.0,0.76282644,0.50528541,512,474
130,geometric_skeleton,qa_rendered_geometric_centerline_record_v1.0,89,392.906,239.0,0.76889716,0.50528541,512,474
130,geometric_skeleton,qa_rendered_geometric_centerline_record_v1.0,90,396.009,239.0,0.77496787,0.50528541,512,474
130,geometric_skeleton,qa_rendered_geometric_centerline_record_v1.0,91,399.111,239.0,0.78103859,0.50528541,512,474
130,geometric_skeleton,qa_rendered_geometric_centerline_record_v1.0,92,402.151,238.849,0.78698731,0.5049672,512,474
130,geometric_skeleton,qa_rendered_geometric_centerline_record_v1.0,93,404.901,238.0,0.79236944,0.50317125,512,474
130,geometric_skeleton,qa_rendered_geometric_centerline_record_v1.0,94,408.002,237.998,0.79843848,0.50316688,512,474
130,geometric_skeleton,qa_rendered_geometric_centerline_record_v1.0,95,410.691,237.0,0.80370028,0.50105708,512,474
130,geometric_skeleton,qa_rendered_geometric_centerline_record_v1.0,96,413.793,237.0,0.809771,0.50105708,512,474
130,geometric_skeleton,qa_rendered_geometric_centerline_record_v1.0,97,416.895,237.0,0.81584172,0.50105708,512,474
130,geometric_skeleton,qa_rendered_geometric_centerline_record_v1.0,98,419.583,236.0,0.82110184,0.49894292,512,474
130,geometric_skeleton,qa_rendered_geometric_centerline_record_v1.0,99,422.685,236.0,0.82717256,0.49894292,512,474
130,geometric_skeleton,qa_rendered_geometric_centerline_record_v1.0,100,425.787,236.0,0.83324328,0.49894292,512,474
130,geometric_skeleton,qa_rendered_geometric_centerline_record_v1.0,101,428.889,236.0,0.839314,0.49894292,512,474
130,geometric_skeleton,qa_rendered_geometric_centerline_record_v1.0,102,431.992,236.0,0.84538471,0.49894292,512,474
130,geometric_skeleton,qa_rendered_geometric_centerline_record_v1.0,103,435.094,236.0,0.85145543,0.49894292,512,474
130,geometric_skeleton,qa_rendered_geometric_centerline_record_v1.0,104,438.196,236.0,0.85752615,0.49894292,512,474
130,geometric_skeleton,qa_rendered_geometric_centerline_record_v1.0,105,441.298,236.0,0.86359687,0.49894292,512,474
130,geometric_skeleton,qa_rendered_geometric_centerline_record_v1.0,106,444.4,236.0,0.86966759,0.49894292,512,474
130,geometric_skeleton,qa_rendered_geometric_centerline_record_v1.0,107,446.769,234.231,0.87430406,0.49520217,512,474
130,geometric_skeleton,qa_rendered_geometric_centerline_record_v1.0,108,448.963,232.037,0.87859671,0.49056465,512,474
130,geometric_skeleton,qa_rendered_geometric_centerline_record_v1.0,109,451.0,229.779,0.88258317,0.48579013,512,474
130,geometric_skeleton,qa_rendered_geometric_centerline_record_v1.0,110,452.0,227.091,0.88454012,0.48010742,512,474
130,geometric_skeleton,qa_rendered_geometric_centerline_record_v1.0,111,452.0,223.989,0.88454012,0.47354899,512,474
130,geometric_skeleton,qa_rendered_geometric_centerline_record_v1.0,112,452.0,220.887,0.88454012,0.46699056,512,474
130,geometric_skeleton,qa_rendered_geometric_centerline_record_v1.0,113,452.0,217.784,0.88454012,0.46043213,512,474
130,geometric_skeleton,qa_rendered_geometric_centerline_record_v1.0,114,452.0,214.682,0.88454012,0.4538737,512,474
130,geometric_skeleton,qa_rendered_geometric_centerline_record_v1.0,115,452.0,211.58,0.88454012,0.44731527,512,474
130,geometric_skeleton,qa_rendered_geometric_centerline_record_v1.0,116,453.076,208.924,0.88664624,0.44169931,512,474
130,geometric_skeleton,qa_rendered_geometric_centerline_record_v1.0,117,454.0,206.204,0.88845401,0.43594984,512,474
130,geometric_skeleton,qa_rendered_geometric_centerline_record_v1.0,118,454.0,203.102,0.88845401,0.42939141,512,474
130,geometric_skeleton,qa_rendered_geometric_centerline_record_v1.0,119,454.0,200.0,0.88845401,0.42283298,512,474
132,geometric_skeleton,qa_rendered_geometric_centerline_record_v1.0,0,152.0,210.0,0.29745597,0.44397463,512,474
132,geometric_skeleton,qa_rendered_geometric_centerline_record_v1.0,1,155.123,209.61,0.30356707,0.44314937,512,474
132,geometric_skeleton,qa_rendered_geometric_centerline_record_v1.0,2,158.246,209.219,0.30967817,0.44232412,512,474
132,geometric_skeleton,qa_rendered_geometric_centerline_record_v1.0,3,160.975,209.975,0.31501972,0.44392194,512,474
132,geometric_skeleton,qa_rendered_geometric_centerline_record_v1.0,4,163.2,212.2,0.31937455,0.44862663,512,474
132,geometric_skeleton,qa_rendered_geometric_centerline_record_v1.0,5,166.011,213.011,0.32487573,0.45034144,512,474
132,geometric_skeleton,qa_rendered_geometric_centerline_record_v1.0,6,168.749,214.0,0.33023312,0.45243129,512,474
132,geometric_skeleton,qa_rendered_geometric_centerline_record_v1.0,7,171.896,214.0,0.33639178,0.45243129,512,474
132,geometric_skeleton,qa_rendered_geometric_centerline_record_v1.0,8,175.043,214.0,0.34255044,0.45243129,512,474
132,geometric_skeleton,qa_rendered_geometric_centerline_record_v1.0,9,178.19,214.0,0.3487091,0.45243129,512,474
132,geometric_skeleton,qa_rendered_geometric_centerline_record_v1.0,10,181.239,214.239,0.35467435,0.45293572,512,474
132,geometric_skeleton,qa_rendered_geometric_centerline_record_v1.0,11,184.07,215.0,0.36021582,0.45454545,512,474
132,geometric_skeleton,qa_rendered_geometric_centerline_record_v1.0,12,187.154,215.154,0.3662499,0.4548704,512,474
132,geometric_skeleton,qa_rendered_geometric_centerline_record_v1.0,13,189.95,216.0,0.37172255,0.45665962,512,474
132,geometric_skeleton,qa_rendered_geometric_centerline_record_v1.0,14,192.683,217.0,0.37707061,0.45877378,512,474
132,geometric_skeleton,qa_rendered_geometric_centerline_record_v1.0,15,195.83,217.0,0.38322927,0.45877378,512,474
132,geometric_skeleton,qa_rendered_geometric_centerline_record_v1.0,16,198.563,218.0,0.38857734,0.46088795,512,474
132,geometric_skeleton,qa_rendered_geometric_centerline_record_v1.0,17,201.296,219.0,0.3939254,0.46300211,512,474
132,geometric_skeleton,qa_rendered_geometric_centerline_record_v1.0,18,204.443,219.0,0.40008406,0.46300211,512,474
132,geometric_skeleton,qa_rendered_geometric_centerline_record_v1.0,19,207.59,219.0,0.40624272,0.46300211,512,474
132,geometric_skeleton,qa_rendered_geometric_centerline_record_v1.0,20,210.737,219.0,0.41240138,0.46300211,512,474
132,geometric_skeleton,qa_rendered_geometric_centerline_record_v1.0,21,213.47,220.0,0.41774945,0.46511628,512,474
132,geometric_skeleton,qa_rendered_geometric_centerline_record_v1.0,22,216.617,220.0,0.42390811,0.46511628,512,474
132,geometric_skeleton,qa_rendered_geometric_centerline_record_v1.0,23,219.764,220.0,0.43006677,0.46511628,512,474
132,geometric_skeleton,qa_rendered_geometric_centerline_record_v1.0,24,222.497,221.0,0.43541483,0.46723044,512,474
132,geometric_skeleton,qa_rendered_geometric_centerline_record_v1.0,25,225.644,221.0,0.44157349,0.46723044,512,474
132,geometric_skeleton,qa_rendered_geometric_centerline_record_v1.0,26,228.377,222.0,0.44692156,0.46934461,512,474
132,geometric_skeleton,qa_rendered_geometric_centerline_record_v1.0,27,231.524,222.0,0.45308022,0.46934461,512,474
132,geometric_skeleton,qa_rendered_geometric_centerline_record_v1.0,28,234.671,222.0,0.45923888,0.46934461,512,474
132,geometric_skeleton,qa_rendered_geometric_centerline_record_v1.0,29,237.818,222.0,0.46539754,0.46934461,512,474
132,geometric_skeleton,qa_rendered_geometric_centerline_record_v1.0,30,240.551,223.0,0.4707456,0.47145877,512,474
132,geometric_skeleton,qa_rendered_geometric_centerline_record_v1.0,31,243.698,223.0,0.47690426,0.47145877,512,474
132,geometric_skeleton,qa_rendered_geometric_centerline_record_v1.0,32,246.845,223.0,0.48306292,0.47145877,512,474
132,geometric_skeleton,qa_rendered_geometric_centerline_record_v1.0,33,249.578,224.0,0.48841099,0.47357294,512,474
132,geometric_skeleton,qa_rendered_geometric_centerline_record_v1.0,34,252.725,224.0,0.49456965,0.47357294,512,474
132,geometric_skeleton,qa_rendered_geometric_centerline_record_v1.0,35,255.872,224.0,0.50072831,0.47357294,512,474
132,geometric_skeleton,qa_rendered_geometric_centerline_record_v1.0,36,259.019,224.0,0.50688697,0.47357294,512,474
132,geometric_skeleton,qa_rendered_geometric_centerline_record_v1.0,37,262.118,224.118,0.5129503,0.47382157,512,474
132,geometric_skeleton,qa_rendered_geometric_centerline_record_v1.0,38,264.899,225.0,0.51839369,0.4756871,512,474
132,geometric_skeleton,qa_rendered_geometric_centerline_record_v1.0,39,267.632,226.0,0.52374176,0.47780127,512,474
132,geometric_skeleton,qa_rendered_geometric_centerline_record_v1.0,40,270.779,226.0,0.52990042,0.47780127,512,474
132,geometric_skeleton,qa_rendered_geometric_centerline_record_v1.0,41,273.512,227.0,0.53524848,0.47991543,512,474
132,geometric_skeleton,qa_rendered_geometric_centerline_record_v1.0,42,276.659,227.0,0.54140714,0.47991543,512,474
132,geometric_skeleton,qa_rendered_geometric_centerline_record_v1.0,43,279.806,227.0,0.5475658,0.47991543,512,474
132,geometric_skeleton,qa_rendered_geometric_centerline_record_v1.0,44,282.953,227.0,0.55372446,0.47991543,512,474
132,geometric_skeleton,qa_rendered_geometric_centerline_record_v1.0,45,286.1,227.0,0.55988312,0.47991543,512,474
132,geometric_skeleton,qa_rendered_geometric_centerline_record_v1.0,46,289.247,227.0,0.56604178,0.47991543,512,474
132,geometric_skeleton,qa_rendered_geometric_centerline_record_v1.0,47,292.394,227.0,0.57220044,0.47991543,512,474
132,geometric_skeleton,qa_rendered_geometric_centerline_record_v1.0,48,295.541,227.0,0.5783591,0.47991543,512,474
132,geometric_skeleton,qa_rendered_geometric_centerline_record_v1.0,49,298.689,227.0,0.58451776,0.47991543,512,474
132,geometric_skeleton,qa_rendered_geometric_centerline_record_v1.0,50,301.836,227.0,0.59067642,0.47991543,512,474
132,geometric_skeleton,qa_rendered_geometric_centerline_record_v1.0,51,304.695,227.695,0.5962718,0.48138455,512,474
132,geometric_skeleton,qa_rendered_geometric_centerline_record_v1.0,52,307.716,228.0,0.60218314,0.4820296,512,474
132,geometric_skeleton,qa_rendered_geometric_centerline_record_v1.0,53,310.863,228.0,0.6083418,0.4820296,512,474
132,geometric_skeleton,qa_rendered_geometric_centerline_record_v1.0,54,314.01,228.0,0.61450046,0.4820296,512,474
132,geometric_skeleton,qa_rendered_geometric_centerline_record_v1.0,55,317.157,228.0,0.62065912,0.4820296,512,474
132,geometric_skeleton,qa_rendered_geometric_centerline_record_v1.0,56,320.304,228.0,0.62681778,0.4820296,512,474
132,geometric_skeleton,qa_rendered_geometric_centerline_record_v1.0,57,323.451,228.0,0.63297644,0.4820296,512,474
132,geometric_skeleton,qa_rendered_geometric_centerline_record_v1.0,58,326.598,228.0,0.6391351,0.4820296,512,474
132,geometric_skeleton,qa_rendered_geometric_centerline_record_v1.0,59,329.745,228.0,0.64529376,0.4820296,512,474
132,geometric_skeleton,qa_rendered_geometric_centerline_record_v1.0,60,332.892,228.0,0.65145242,0.4820296,512,474
132,geometric_skeleton,qa_rendered_geometric_centerline_record_v1.0,61,336.039,228.0,0.65761108,0.4820296,512,474
132,geometric_skeleton,qa_rendered_geometric_centerline_record_v1.0,62,339.186,228.0,0.66376974,0.4820296,512,474
132,geometric_skeleton,qa_rendered_geometric_centerline_record_v1.0,63,342.333,228.0,0.6699284,0.4820296,512,474
132,geometric_skeleton,qa_rendered_geometric_centerline_record_v1.0,64,345.48,228.0,0.67608706,0.4820296,512,474
132,geometric_skeleton,qa_rendered_geometric_centerline_record_v1.0,65,348.628,228.0,0.68224572,0.4820296,512,474
132,geometric_skeleton,qa_rendered_geometric_centerline_record_v1.0,66,351.775,228.0,0.68840437,0.4820296,512,474
132,geometric_skeleton,qa_rendered_geometric_centerline_record_v1.0,67,354.922,228.0,0.69456303,0.4820296,512,474
132,geometric_skeleton,qa_rendered_geometric_centerline_record_v1.0,68,358.069,228.0,0.70072169,0.4820296,512,474
132,geometric_skeleton,qa_rendered_geometric_centerline_record_v1.0,69,361.216,228.0,0.70688035,0.4820296,512,474
132,geometric_skeleton,qa_rendered_geometric_centerline_record_v1.0,70,364.363,228.0,0.71303901,0.4820296,512,474
132,geometric_skeleton,qa_rendered_geometric_centerline_record_v1.0,71,367.51,228.0,0.71919767,0.4820296,512,474
132,geometric_skeleton,qa_rendered_geometric_centerline_record_v1.0,72,370.657,228.0,0.72535633,0.4820296,512,474
132,geometric_skeleton,qa_rendered_geometric_centerline_record_v1.0,73,373.804,228.0,0.73151499,0.4820296,512,474
132,geometric_skeleton,qa_rendered_geometric_centerline_record_v1.0,74,376.951,228.0,0.73767365,0.4820296,512,474
132,geometric_skeleton,qa_rendered_geometric_centerline_record_v1.0,75,380.098,228.0,0.74383231,0.4820296,512,474
132,geometric_skeleton,qa_rendered_geometric_centerline_record_v1.0,76,383.245,228.0,0.74999097,0.4820296,512,474
132,geometric_skeleton,qa_rendered_geometric_centerline_record_v1.0,77,386.392,228.0,0.75614963,0.4820296,512,474
132,geometric_skeleton,qa_rendered_geometric_centerline_record_v1.0,78,389.54,228.0,0.76230829,0.4820296,512,474
132,geometric_skeleton,qa_rendered_geometric_centerline_record_v1.0,79,392.687,228.0,0.76846695,0.4820296,512,474
132,geometric_skeleton,qa_rendered_geometric_centerline_record_v1.0,80,395.834,228.0,0.77462561,0.4820296,512,474
132,geometric_skeleton,qa_rendered_geometric_centerline_record_v1.0,81,398.981,228.0,0.78078427,0.4820296,512,474
132,geometric_skeleton,qa_rendered_geometric_centerline_record_v1.0,82,402.128,228.0,0.78694293,0.4820296,512,474
132,geometric_skeleton,qa_rendered_geometric_centerline_record_v1.0,83,405.275,228.0,0.79310159,0.4820296,512,474
132,geometric_skeleton,qa_rendered_geometric_centerline_record_v1.0,84,408.422,228.0,0.79926025,0.4820296,512,474
132,geometric_skeleton,qa_rendered_geometric_centerline_record_v1.0,85,411.569,228.0,0.80541891,0.4820296,512,474
132,geometric_skeleton,qa_rendered_geometric_centerline_record_v1.0,86,414.716,228.0,0.81157757,0.4820296,512,474
132,geometric_skeleton,qa_rendered_geometric_centerline_record_v1.0,87,417.863,228.0,0.81773622,0.4820296,512,474
132,geometric_skeleton,qa_rendered_geometric_centerline_record_v1.0,88,421.01,228.0,0.82389488,0.4820296,512,474
132,geometric_skeleton,qa_rendered_geometric_centerline_record_v1.0,89,424.111,228.111,0.82996335,0.48226484,512,474
132,geometric_skeleton,qa_rendered_geometric_centerline_record_v1.0,90,426.89,229.0,0.83540161,0.48414376,512,474
132,geometric_skeleton,qa_rendered_geometric_centerline_record_v1.0,91,430.037,229.0,0.84156027,0.48414376,512,474
132,geometric_skeleton,qa_rendered_geometric_centerline_record_v1.0,92,433.184,229.0,0.84771893,0.48414376,512,474
132,geometric_skeleton,qa_rendered_geometric_centerline_record_v1.0,93,436.331,229.0,0.85387759,0.48414376,512,474
132,geometric_skeleton,qa_rendered_geometric_centerline_record_v1.0,94,439.479,229.0,0.86003625,0.48414376,512,474
132,geometric_skeleton,qa_rendered_geometric_centerline_record_v1.0,95,442.626,229.0,0.86619491,0.48414376,512,474
132,geometric_skeleton,qa_rendered_geometric_centerline_record_v1.0,96,445.773,229.0,0.87235357,0.48414376,512,474
132,geometric_skeleton,qa_rendered_geometric_centerline_record_v1.0,97,448.92,229.0,0.87851223,0.48414376,512,474
132,geometric_skeleton,qa_rendered_geometric_centerline_record_v1.0,98,452.067,229.0,0.88467089,0.48414376,512,474
132,geometric_skeleton,qa_rendered_geometric_centerline_record_v1.0,99,455.214,229.0,0.89082954,0.48414376,512,474
132,geometric_skeleton,qa_rendered_geometric_centerline_record_v1.0,100,458.361,229.0,0.8969882,0.48414376,512,474
132,geometric_skeleton,qa_rendered_geometric_centerline_record_v1.0,101,461.508,229.0,0.90314686,0.48414376,512,474
132,geometric_skeleton,qa_rendered_geometric_centerline_record_v1.0,102,464.655,229.0,0.90930552,0.48414376,512,474
132,geometric_skeleton,qa_rendered_geometric_centerline_record_v1.0,103,467.802,229.0,0.91546418,0.48414376,512,474
132,geometric_skeleton,qa_rendered_geometric_centerline_record_v1.0,104,470.949,229.0,0.92162284,0.48414376,512,474
132,geometric_skeleton,qa_rendered_geometric_centerline_record_v1.0,105,474.096,229.0,0.9277815,0.48414376,512,474
132,geometric_skeleton,qa_rendered_geometric_centerline_record_v1.0,106,476.829,228.0,0.93312957,0.4820296,512,474
132,geometric_skeleton,qa_rendered_geometric_centerline_record_v1.0,107,479.562,227.0,0.93847763,0.47991543,512,474
132,geometric_skeleton,qa_rendered_geometric_centerline_record_v1.0,108,482.295,226.0,0.9438257,0.47780127,512,474
132,geometric_skeleton,qa_rendered_geometric_centerline_record_v1.0,109,484.727,224.273,0.94858466,0.47415061,512,474
132,geometric_skeleton,qa_rendered_geometric_centerline_record_v1.0,110,486.952,222.048,0.95293949,0.46944592,512,474
132,geometric_skeleton,qa_rendered_geometric_centerline_record_v1.0,111,489.177,219.823,0.95729432,0.46474124,512,474
132,geometric_skeleton,qa_rendered_geometric_centerline_record_v1.0,112,491.57,218.0,0.96197558,0.46088795,512,474
132,geometric_skeleton,qa_rendered_geometric_centerline_record_v1.0,113,493.921,216.079,0.96657715,0.4568268,512,474
132,geometric_skeleton,qa_rendered_geometric_centerline_record_v1.0,114,496.621,215.0,0.97186112,0.45454545,512,474
132,geometric_skeleton,qa_rendered_geometric_centerline_record_v1.0,115,498.877,213.465,0.97627637,0.4512999,512,474
132,geometric_skeleton,qa_rendered_geometric_centerline_record_v1.0,116,500.439,210.732,0.97933192,0.4455231,512,474
132,geometric_skeleton,qa_rendered_geometric_centerline_record_v1.0,117,502.0,208.0,0.98238748,0.4397463,512,474
133,geometric_skeleton,qa_rendered_geometric_centerline_record_v1.0,0,202.0,262.0,0.39530333,0.55391121,512,474
133,geometric_skeleton,qa_rendered_geometric_centerline_record_v1.0,1,205.128,262.0,0.4014247,0.55391121,512,474
133,geometric_skeleton,qa_rendered_geometric_centerline_record_v1.0,2,208.256,262.0,0.40754608,0.55391121,512,474
133,geometric_skeleton,qa_rendered_geometric_centerline_record_v1.0,3,211.384,262.0,0.41366746,0.55391121,512,474
133,geometric_skeleton,qa_rendered_geometric_centerline_record_v1.0,4,214.069,260.931,0.41892214,0.55165071,512,474
133,geometric_skeleton,qa_rendered_geometric_centerline_record_v1.0,5,216.397,259.0,0.42347843,0.54756871,512,474
133,geometric_skeleton,qa_rendered_geometric_centerline_record_v1.0,6,219.526,259.0,0.42959981,0.54756871,512,474
133,geometric_skeleton,qa_rendered_geometric_centerline_record_v1.0,7,222.654,259.0,0.43572118,0.54756871,512,474
133,geometric_skeleton,qa_rendered_geometric_centerline_record_v1.0,8,225.367,258.0,0.44103197,0.54545455,512,474
133,geometric_skeleton,qa_rendered_geometric_centerline_record_v1.0,9,228.495,258.0,0.44715335,0.54545455,512,474
133,geometric_skeleton,qa_rendered_geometric_centerline_record_v1.0,10,231.623,258.0,0.45327472,0.54545455,512,474
133,geometric_skeleton,qa_rendered_geometric_centerline_record_v1.0,11,234.751,258.0,0.4593961,0.54545455,512,474
133,geometric_skeleton,qa_rendered_geometric_centerline_record_v1.0,12,237.879,258.0,0.46551748,0.54545455,512,474
133,geometric_skeleton,qa_rendered_geometric_centerline_record_v1.0,13,241.007,258.0,0.47163885,0.54545455,512,474
133,geometric_skeleton,qa_rendered_geometric_centerline_record_v1.0,14,244.135,258.0,0.47776023,0.54545455,512,474
133,geometric_skeleton,qa_rendered_geometric_centerline_record_v1.0,15,247.264,258.0,0.48388161,0.54545455,512,474
133,geometric_skeleton,qa_rendered_geometric_centerline_record_v1.0,16,250.392,258.0,0.49000299,0.54545455,512,474
133,geometric_skeleton,qa_rendered_geometric_centerline_record_v1.0,17,253.52,258.0,0.49612436,0.54545455,512,474
133,geometric_skeleton,qa_rendered_geometric_centerline_record_v1.0,18,256.648,258.0,0.50224574,0.54545455,512,474
133,geometric_skeleton,qa_rendered_geometric_centerline_record_v1.0,19,259.776,258.0,0.50836712,0.54545455,512,474
133,geometric_skeleton,qa_rendered_geometric_centerline_record_v1.0,20,262.904,258.0,0.51448849,0.54545455,512,474
133,geometric_skeleton,qa_rendered_geometric_centerline_record_v1.0,21,266.032,258.0,0.52060987,0.54545455,512,474
133,geometric_skeleton,qa_rendered_geometric_centerline_record_v1.0,22,269.16,258.0,0.52673125,0.54545455,512,474
133,geometric_skeleton,qa_rendered_geometric_centerline_record_v1.0,23,272.288,258.0,0.53285263,0.54545455,512,474
133,geometric_skeleton,qa_rendered_geometric_centerline_record_v1.0,24,275.416,258.0,0.538974,0.54545455,512,474
133,geometric_skeleton,qa_rendered_geometric_centerline_record_v1.0,25,278.544,258.0,0.54509538,0.54545455,512,474
133,geometric_skeleton,qa_rendered_geometric_centerline_record_v1.0,26,281.672,258.0,0.55121676,0.54545455,512,474
133,geometric_skeleton,qa_rendered_geometric_centerline_record_v1.0,27,284.8,258.0,0.55733813,0.54545455,512,474
133,geometric_skeleton,qa_rendered_geometric_centerline_record_v1.0,28,287.928,258.0,0.56345951,0.54545455,512,474
133,geometric_skeleton,qa_rendered_geometric_centerline_record_v1.0,29,291.056,258.0,0.56958089,0.54545455,512,474
133,geometric_skeleton,qa_rendered_geometric_centerline_record_v1.0,30,294.184,258.0,0.57570227,0.54545455,512,474
133,geometric_skeleton,qa_rendered_geometric_centerline_record_v1.0,31,297.312,258.0,0.58182364,0.54545455,512,474
133,geometric_skeleton,qa_rendered_geometric_centerline_record_v1.0,32,300.44,258.0,0.58794502,0.54545455,512,474
133,geometric_skeleton,qa_rendered_geometric_centerline_record_v1.0,33,303.568,258.0,0.5940664,0.54545455,512,474
133,geometric_skeleton,qa_rendered_geometric_centerline_record_v1.0,34,306.696,258.0,0.60018777,0.54545455,512,474
133,geometric_skeleton,qa_rendered_geometric_centerline_record_v1.0,35,309.824,258.0,0.60630915,0.54545455,512,474
133,geometric_skeleton,qa_rendered_geometric_centerline_record_v1.0,36,312.952,258.0,0.61243053,0.54545455,512,474
133,geometric_skeleton,qa_rendered_geometric_centerline_record_v1.0,37,316.08,258.0,0.61855191,0.54545455,512,474
133,geometric_skeleton,qa_rendered_geometric_centerline_record_v1.0,38,319.208,258.0,0.62467328,0.54545455,512,474
133,geometric_skeleton,qa_rendered_geometric_centerline_record_v1.0,39,322.336,258.0,0.63079466,0.54545455,512,474
133,geometric_skeleton,qa_rendered_geometric_centerline_record_v1.0,40,325.464,258.0,0.63691604,0.54545455,512,474
133,geometric_skeleton,qa_rendered_geometric_centerline_record_v1.0,41,328.592,258.0,0.64303741,0.54545455,512,474
133,geometric_skeleton,qa_rendered_geometric_centerline_record_v1.0,42,331.72,258.0,0.64915879,0.54545455,512,474
133,geometric_skeleton,qa_rendered_geometric_centerline_record_v1.0,43,334.848,258.0,0.65528017,0.54545455,512,474
133,geometric_skeleton,qa_rendered_geometric_centerline_record_v1.0,44,337.976,258.0,0.66140155,0.54545455,512,474
133,geometric_skeleton,qa_rendered_geometric_centerline_record_v1.0,45,341.104,258.0,0.66752292,0.54545455,512,474
133,geometric_skeleton,qa_rendered_geometric_centerline_record_v1.0,46,344.232,258.0,0.6736443,0.54545455,512,474
133,geometric_skeleton,qa_rendered_geometric_centerline_record_v1.0,47,347.36,258.0,0.67976568,0.54545455,512,474
133,geometric_skeleton,qa_rendered_geometric_centerline_record_v1.0,48,350.345,257.655,0.68560718,0.54472459,512,474
133,geometric_skeleton,qa_rendered_geometric_centerline_record_v1.0,49,353.202,257.0,0.69119784,0.54334038,512,474
133,geometric_skeleton,qa_rendered_geometric_centerline_record_v1.0,50,356.233,256.767,0.69713,0.54284687,512,474
133,geometric_skeleton,qa_rendered_geometric_centerline_record_v1.0,51,359.031,255.969,0.70260482,0.54116054,512,474
133,geometric_skeleton,qa_rendered_geometric_centerline_record_v1.0,52,361.758,255.0,0.70794078,0.53911205,512,474
133,geometric_skeleton,qa_rendered_geometric_centerline_record_v1.0,53,364.472,254.0,0.71325156,0.53699789,512,474
133,geometric_skeleton,qa_rendered_geometric_centerline_record_v1.0,54,367.6,254.0,0.71937294,0.53699789,512,474
133,geometric_skeleton,qa_rendered_geometric_centerline_record_v1.0,55,370.313,253.0,0.72468372,0.53488372,512,474
133,geometric_skeleton,qa_rendered_geometric_centerline_record_v1.0,56,373.441,253.0,0.7308051,0.53488372,512,474
133,geometric_skeleton,qa_rendered_geometric_centerline_record_v1.0,57,376.569,253.0,0.73692648,0.53488372,512,474
133,geometric_skeleton,qa_rendered_geometric_centerline_record_v1.0,58,379.697,253.0,0.74304786,0.53488372,512,474
133,geometric_skeleton,qa_rendered_geometric_centerline_record_v1.0,59,382.825,253.0,0.74916923,0.53488372,512,474
133,geometric_skeleton,qa_rendered_geometric_centerline_record_v1.0,60,385.954,253.0,0.75529061,0.53488372,512,474
133,geometric_skeleton,qa_rendered_geometric_centerline_record_v1.0,61,389.082,253.0,0.76141199,0.53488372,512,474
133,geometric_skeleton,qa_rendered_geometric_centerline_record_v1.0,62,392.148,253.148,0.76741326,0.53519698,512,474
133,geometric_skeleton,qa_rendered_geometric_centerline_record_v1.0,63,394.923,254.0,0.77284415,0.53699789,512,474
133,geometric_skeleton,qa_rendered_geometric_centerline_record_v1.0,64,397.223,256.0,0.77734434,0.54122622,512,474
133,geometric_skeleton,qa_rendered_geometric_centerline_record_v1.0,65,399.937,257.0,0.78265512,0.54334038,512,474
133,geometric_skeleton,qa_rendered_geometric_centerline_record_v1.0,66,402.651,258.0,0.7879659,0.54545455,512,474
133,geometric_skeleton,qa_rendered_geometric_centerline_record_v1.0,67,405.364,259.0,0.79327669,0.54756871,512,474
133,geometric_skeleton,qa_rendered_geometric_centerline_record_v1.0,68,408.492,259.0,0.79939806,0.54756871,512,474
133,geometric_skeleton,qa_rendered_geometric_centerline_record_v1.0,69,411.206,260.0,0.80470885,0.54968288,512,474
133,geometric_skeleton,qa_rendered_geometric_centerline_record_v1.0,70,413.943,260.943,0.81006547,0.55167749,512,474
133,geometric_skeleton,qa_rendered_geometric_centerline_record_v1.0,71,417.048,261.0,0.81614101,0.55179704,512,474
133,geometric_skeleton,qa_rendered_geometric_centerline_record_v1.0,72,420.176,261.0,0.82226238,0.55179704,512,474
133,geometric_skeleton,qa_rendered_geometric_centerline_record_v1.0,73,423.304,261.0,0.82838376,0.55179704,512,474
133,geometric_skeleton,qa_rendered_geometric_centerline_record_v1.0,74,426.018,262.0,0.83369454,0.55391121,512,474
133,geometric_skeleton,qa_rendered_geometric_centerline_record_v1.0,75,429.146,262.0,0.83981592,0.55391121,512,474
133,geometric_skeleton,qa_rendered_geometric_centerline_record_v1.0,76,432.274,262.0,0.8459373,0.55391121,512,474
133,geometric_skeleton,qa_rendered_geometric_centerline_record_v1.0,77,435.402,262.0,0.85205868,0.55391121,512,474
133,geometric_skeleton,qa_rendered_geometric_centerline_record_v1.0,78,438.116,263.0,0.85736946,0.55602537,512,474
133,geometric_skeleton,qa_rendered_geometric_centerline_record_v1.0,79,440.88,263.88,0.86277791,0.5578848,512,474
133,geometric_skeleton,qa_rendered_geometric_centerline_record_v1.0,80,443.958,264.0,0.86880162,0.55813953,512,474
133,geometric_skeleton,qa_rendered_geometric_centerline_record_v1.0,81,446.768,264.768,0.87430073,0.55976252,512,474
133,geometric_skeleton,qa_rendered_geometric_centerline_record_v1.0,82,449.565,265.565,0.87977555,0.56144885,512,474
133,geometric_skeleton,qa_rendered_geometric_centerline_record_v1.0,83,452.513,266.0,0.88554456,0.56236786,512,474
133,geometric_skeleton,qa_rendered_geometric_centerline_record_v1.0,84,455.453,266.453,0.89129836,0.56332656,512,474
133,geometric_skeleton,qa_rendered_geometric_centerline_record_v1.0,85,458.355,267.0,0.89697672,0.56448203,512,474
133,geometric_skeleton,qa_rendered_geometric_centerline_record_v1.0,86,461.483,267.0,0.9030981,0.56448203,512,474
133,geometric_skeleton,qa_rendered_geometric_centerline_record_v1.0,87,464.432,267.432,0.90886918,0.56539567,512,474
133,geometric_skeleton,qa_rendered_geometric_centerline_record_v1.0,88,467.325,268.0,0.91453026,0.56659619,512,474
133,geometric_skeleton,qa_rendered_geometric_centerline_record_v1.0,89,470.453,268.0,0.92065164,0.56659619,512,474
133,geometric_skeleton,qa_rendered_geometric_centerline_record_v1.0,90,473.411,267.589,0.92643999,0.56572762,512,474
133,geometric_skeleton,qa_rendered_geometric_centerline_record_v1.0,91,475.623,265.377,0.93076846,0.56105141,512,474
133,geometric_skeleton,qa_rendered_geometric_centerline_record_v1.0,92,477.835,263.165,0.93509693,0.5563752,512,474
133,geometric_skeleton,qa_rendered_geometric_centerline_record_v1.0,93,479.339,260.661,0.93804162,0.55107977,512,474
133,geometric_skeleton,qa_rendered_geometric_centerline_record_v1.0,94,481.0,258.221,0.94129159,0.54592094,512,474
133,geometric_skeleton,qa_rendered_geometric_centerline_record_v1.0,95,483.0,255.921,0.94520548,0.54105921,512,474
133,geometric_skeleton,qa_rendered_geometric_centerline_record_v1.0,96,483.853,253.147,0.94687571,0.53519347,512,474
133,geometric_skeleton,qa_rendered_geometric_centerline_record_v1.0,97,486.065,250.935,0.95120418,0.53051726,512,474
133,geometric_skeleton,qa_rendered_geometric_centerline_record_v1.0,98,486.776,248.208,0.95259485,0.52475209,512,474
133,geometric_skeleton,qa_rendered_geometric_centerline_record_v1.0,99,486.388,245.104,0.95183558,0.51819,512,474
133,geometric_skeleton,qa_rendered_geometric_centerline_record_v1.0,100,486.0,242.0,0.95107632,0.51162791,512,474
134,geometric_skeleton,qa_rendered_geometric_centerline_record_v1.0,0,188.0,282.0,0.36790607,0.5961945,512,474
134,geometric_skeleton,qa_rendered_geometric_centerline_record_v1.0,1,191.049,281.564,0.37387263,0.59527366,512,474
134,geometric_skeleton,qa_rendered_geometric_centerline_record_v1.0,2,194.098,281.129,0.37983919,0.59435282,512,474
134,geometric_skeleton,qa_rendered_geometric_centerline_record_v1.0,3,197.169,281.0,0.3858484,0.59408034,512,474
134,geometric_skeleton,qa_rendered_geometric_centerline_record_v1.0,4,199.59,282.59,0.39058681,0.59744156,512,474
134,geometric_skeleton,qa_rendered_geometric_centerline_record_v1.0,5,202.086,284.0,0.3954709,0.60042283,512,474
134,geometric_skeleton,qa_rendered_geometric_centerline_record_v1.0,6,205.165,284.0,0.40149803,0.60042283,512,474
134,geometric_skeleton,qa_rendered_geometric_centerline_record_v1.0,7,208.245,284.0,0.40752517,0.60042283,512,474
134,geometric_skeleton,qa_rendered_geometric_centerline_record_v1.0,8,210.911,285.0,0.41274172,0.602537,512,474
134,geometric_skeleton,qa_rendered_geometric_centerline_record_v1.0,9,213.991,285.0,0.41876885,0.602537,512,474
134,geometric_skeleton,qa_rendered_geometric_centerline_record_v1.0,10,217.071,285.0,0.42479599,0.602537,512,474
134,geometric_skeleton,qa_rendered_geometric_centerline_record_v1.0,11,220.151,285.0,0.43082313,0.602537,512,474
134,geometric_skeleton,qa_rendered_geometric_centerline_record_v1.0,12,223.23,285.0,0.43685027,0.602537,512,474
134,geometric_skeleton,qa_rendered_geometric_centerline_record_v1.0,13,226.31,285.0,0.4428774,0.602537,512,474
134,geometric_skeleton,qa_rendered_geometric_centerline_record_v1.0,14,229.39,285.0,0.44890454,0.602537,512,474
134,geometric_skeleton,qa_rendered_geometric_centerline_record_v1.0,15,232.47,285.0,0.45493168,0.602537,512,474
134,geometric_skeleton,qa_rendered_geometric_centerline_record_v1.0,16,235.55,285.0,0.46095882,0.602537,512,474
134,geometric_skeleton,qa_rendered_geometric_centerline_record_v1.0,17,238.63,285.0,0.46698595,0.602537,512,474
134,geometric_skeleton,qa_rendered_geometric_centerline_record_v1.0,18,241.71,285.0,0.47301309,0.602537,512,474
134,geometric_skeleton,qa_rendered_geometric_centerline_record_v1.0,19,244.79,285.0,0.47904023,0.602537,512,474
134,geometric_skeleton,qa_rendered_geometric_centerline_record_v1.0,20,247.869,285.0,0.48506737,0.602537,512,474
134,geometric_skeleton,qa_rendered_geometric_centerline_record_v1.0,21,250.949,285.0,0.4910945,0.602537,512,474
134,geometric_skeleton,qa_rendered_geometric_centerline_record_v1.0,22,254.029,285.0,0.49712164,0.602537,512,474
134,geometric_skeleton,qa_rendered_geometric_centerline_record_v1.0,23,257.109,285.0,0.50314878,0.602537,512,474
134,geometric_skeleton,qa_rendered_geometric_centerline_record_v1.0,24,260.189,285.0,0.50917592,0.602537,512,474
134,geometric_skeleton,qa_rendered_geometric_centerline_record_v1.0,25,263.269,285.0,0.51520305,0.602537,512,474
134,geometric_skeleton,qa_rendered_geometric_centerline_record_v1.0,26,266.349,285.0,0.52123019,0.602537,512,474
134,geometric_skeleton,qa_rendered_geometric_centerline_record_v1.0,27,269.428,285.0,0.52725733,0.602537,512,474
134,geometric_skeleton,qa_rendered_geometric_centerline_record_v1.0,28,272.508,285.0,0.53328447,0.602537,512,474
134,geometric_skeleton,qa_rendered_geometric_centerline_record_v1.0,29,275.588,285.0,0.53931161,0.602537,512,474
134,geometric_skeleton,qa_rendered_geometric_centerline_record_v1.0,30,278.668,285.0,0.54533874,0.602537,512,474
134,geometric_skeleton,qa_rendered_geometric_centerline_record_v1.0,31,281.748,285.0,0.55136588,0.602537,512,474
134,geometric_skeleton,qa_rendered_geometric_centerline_record_v1.0,32,284.828,285.0,0.55739302,0.602537,512,474
134,geometric_skeleton,qa_rendered_geometric_centerline_record_v1.0,33,287.908,285.0,0.56342016,0.602537,512,474
134,geometric_skeleton,qa_rendered_geometric_centerline_record_v1.0,34,290.988,285.0,0.56944729,0.602537,512,474
134,geometric_skeleton,qa_rendered_geometric_centerline_record_v1.0,35,294.067,285.0,0.57547443,0.602537,512,474
134,geometric_skeleton,qa_rendered_geometric_centerline_record_v1.0,36,297.147,285.0,0.58150157,0.602537,512,474
134,geometric_skeleton,qa_rendered_geometric_centerline_record_v1.0,37,300.227,285.0,0.58752871,0.602537,512,474
134,geometric_skeleton,qa_rendered_geometric_centerline_record_v1.0,38,303.307,285.0,0.59355584,0.602537,512,474
134,geometric_skeleton,qa_rendered_geometric_centerline_record_v1.0,39,306.387,285.0,0.59958298,0.602537,512,474
134,geometric_skeleton,qa_rendered_geometric_centerline_record_v1.0,40,309.467,285.0,0.60561012,0.602537,512,474
134,geometric_skeleton,qa_rendered_geometric_centerline_record_v1.0,41,312.547,285.0,0.61163726,0.602537,512,474
134,geometric_skeleton,qa_rendered_geometric_centerline_record_v1.0,42,315.212,286.0,0.6168538,0.60465116,512,474
134,geometric_skeleton,qa_rendered_geometric_centerline_record_v1.0,43,318.292,286.0,0.62288094,0.60465116,512,474
134,geometric_skeleton,qa_rendered_geometric_centerline_record_v1.0,44,321.372,286.0,0.62890808,0.60465116,512,474
134,geometric_skeleton,qa_rendered_geometric_centerline_record_v1.0,45,324.452,286.0,0.63493521,0.60465116,512,474
134,geometric_skeleton,qa_rendered_geometric_centerline_record_v1.0,46,327.532,286.0,0.64096235,0.60465116,512,474
134,geometric_skeleton,qa_rendered_geometric_centerline_record_v1.0,47,330.612,286.0,0.64698949,0.60465116,512,474
134,geometric_skeleton,qa_rendered_geometric_centerline_record_v1.0,48,333.691,286.0,0.65301663,0.60465116,512,474
134,geometric_skeleton,qa_rendered_geometric_centerline_record_v1.0,49,336.771,286.0,0.65904376,0.60465116,512,474
134,geometric_skeleton,qa_rendered_geometric_centerline_record_v1.0,50,339.851,286.0,0.6650709,0.60465116,512,474
134,geometric_skeleton,qa_rendered_geometric_centerline_record_v1.0,51,342.931,286.0,0.67109804,0.60465116,512,474
134,geometric_skeleton,qa_rendered_geometric_centerline_record_v1.0,52,345.597,285.0,0.67631458,0.602537,512,474
134,geometric_skeleton,qa_rendered_geometric_centerline_record_v1.0,53,348.677,285.0,0.68234172,0.602537,512,474
134,geometric_skeleton,qa_rendered_geometric_centerline_record_v1.0,54,351.756,285.0,0.68836886,0.602537,512,474
134,geometric_skeleton,qa_rendered_geometric_centerline_record_v1.0,55,354.422,284.0,0.6935854,0.60042283,512,474
134,geometric_skeleton,qa_rendered_geometric_centerline_record_v1.0,56,357.502,284.0,0.69961254,0.60042283,512,474
134,geometric_skeleton,qa_rendered_geometric_centerline_record_v1.0,57,360.582,284.0,0.70563968,0.60042283,512,474
134,geometric_skeleton,qa_rendered_geometric_centerline_record_v1.0,58,363.662,284.0,0.71166681,0.60042283,512,474
134,geometric_skeleton,qa_rendered_geometric_centerline_record_v1.0,59,366.742,284.0,0.71769395,0.60042283,512,474
134,geometric_skeleton,qa_rendered_geometric_centerline_record_v1.0,60,369.821,284.0,0.72372109,0.60042283,512,474
134,geometric_skeleton,qa_rendered_geometric_centerline_record_v1.0,61,372.901,284.0,0.72974823,0.60042283,512,474
134,geometric_skeleton,qa_rendered_geometric_centerline_record_v1.0,62,375.981,284.0,0.73577536,0.60042283,512,474
134,geometric_skeleton,qa_rendered_geometric_centerline_record_v1.0,63,379.061,284.0,0.7418025,0.60042283,512,474
134,geometric_skeleton,qa_rendered_geometric_centerline_record_v1.0,64,382.141,284.0,0.74782964,0.60042283,512,474
134,geometric_skeleton,qa_rendered_geometric_centerline_record_v1.0,65,384.807,285.0,0.75304618,0.602537,512,474
134,geometric_skeleton,qa_rendered_geometric_centerline_record_v1.0,66,387.886,285.0,0.75907332,0.602537,512,474
134,geometric_skeleton,qa_rendered_geometric_centerline_record_v1.0,67,390.966,285.0,0.76510046,0.602537,512,474
134,geometric_skeleton,qa_rendered_geometric_centerline_record_v1.0,68,394.046,285.0,0.7711276,0.602537,512,474
134,geometric_skeleton,qa_rendered_geometric_centerline_record_v1.0,69,397.126,285.0,0.77715473,0.602537,512,474
134,geometric_skeleton,qa_rendered_geometric_centerline_record_v1.0,70,399.792,286.0,0.78237128,0.60465116,512,474
134,geometric_skeleton,qa_rendered_geometric_centerline_record_v1.0,71,402.872,286.0,0.78839842,0.60465116,512,474
134,geometric_skeleton,qa_rendered_geometric_centerline_record_v1.0,72,405.951,286.0,0.79442555,0.60465116,512,474
134,geometric_skeleton,qa_rendered_geometric_centerline_record_v1.0,73,409.031,286.0,0.80045269,0.60465116,512,474
134,geometric_skeleton,qa_rendered_geometric_centerline_record_v1.0,74,412.111,286.0,0.80647983,0.60465116,512,474
134,geometric_skeleton,qa_rendered_geometric_centerline_record_v1.0,75,415.191,286.0,0.81250697,0.60465116,512,474
134,geometric_skeleton,qa_rendered_geometric_centerline_record_v1.0,76,418.271,286.0,0.8185341,0.60465116,512,474
134,geometric_skeleton,qa_rendered_geometric_centerline_record_v1.0,77,421.351,286.0,0.82456124,0.60465116,512,474
134,geometric_skeleton,qa_rendered_geometric_centerline_record_v1.0,78,424.431,286.0,0.83058838,0.60465116,512,474
134,geometric_skeleton,qa_rendered_geometric_centerline_record_v1.0,79,427.511,286.0,0.83661552,0.60465116,512,474
134,geometric_skeleton,qa_rendered_geometric_centerline_record_v1.0,80,430.59,286.0,0.84264265,0.60465116,512,474
134,geometric_skeleton,qa_rendered_geometric_centerline_record_v1.0,81,433.67,286.0,0.84866979,0.60465116,512,474
134,geometric_skeleton,qa_rendered_geometric_centerline_record_v1.0,82,436.336,285.0,0.85388634,0.602537,512,474
134,geometric_skeleton,qa_rendered_geometric_centerline_record_v1.0,83,439.002,284.0,0.85910288,0.60042283,512,474
134,geometric_skeleton,qa_rendered_geometric_centerline_record_v1.0,84,442.081,284.0,0.86513002,0.60042283,512,474
134,geometric_skeleton,qa_rendered_geometric_centerline_record_v1.0,85,444.747,283.0,0.87034656,0.59830867,512,474
134,geometric_skeleton,qa_rendered_geometric_centerline_record_v1.0,86,447.413,282.0,0.8755631,0.5961945,512,474
134,geometric_skeleton,qa_rendered_geometric_centerline_record_v1.0,87,450.493,282.0,0.88159024,0.5961945,512,474
134,geometric_skeleton,qa_rendered_geometric_centerline_record_v1.0,88,453.572,282.0,0.88761738,0.5961945,512,474
134,geometric_skeleton,qa_rendered_geometric_centerline_record_v1.0,89,456.652,282.0,0.89364452,0.5961945,512,474
134,geometric_skeleton,qa_rendered_geometric_centerline_record_v1.0,90,459.732,282.0,0.89967165,0.5961945,512,474
134,geometric_skeleton,qa_rendered_geometric_centerline_record_v1.0,91,462.812,282.0,0.90569879,0.5961945,512,474
134,geometric_skeleton,qa_rendered_geometric_centerline_record_v1.0,92,465.892,282.0,0.91172593,0.5961945,512,474
134,geometric_skeleton,qa_rendered_geometric_centerline_record_v1.0,93,468.972,282.0,0.91775307,0.5961945,512,474
134,geometric_skeleton,qa_rendered_geometric_centerline_record_v1.0,94,472.052,282.0,0.9237802,0.5961945,512,474
134,geometric_skeleton,qa_rendered_geometric_centerline_record_v1.0,95,475.132,282.0,0.92980734,0.5961945,512,474
134,geometric_skeleton,qa_rendered_geometric_centerline_record_v1.0,96,478.211,282.0,0.93583448,0.5961945,512,474
134,geometric_skeleton,qa_rendered_geometric_centerline_record_v1.0,97,480.877,281.0,0.94105102,0.59408034,512,474
134,geometric_skeleton,qa_rendered_geometric_centerline_record_v1.0,98,483.543,280.0,0.94626757,0.59196617,512,474
134,geometric_skeleton,qa_rendered_geometric_centerline_record_v1.0,99,485.854,278.146,0.9507915,0.58804555,512,474
134,geometric_skeleton,qa_rendered_geometric_centerline_record_v1.0,100,488.032,275.968,0.95505333,0.58344133,512,474
134,geometric_skeleton,qa_rendered_geometric_centerline_record_v1.0,101,490.21,273.79,0.95931515,0.57883712,512,474
134,geometric_skeleton,qa_rendered_geometric_centerline_record_v1.0,102,492.388,271.612,0.96357698,0.5742329,512,474
134,geometric_skeleton,qa_rendered_geometric_centerline_record_v1.0,103,494.566,269.434,0.96783881,0.56962868,512,474
134,geometric_skeleton,qa_rendered_geometric_centerline_record_v1.0,104,496.583,267.125,0.97178707,0.56474674,512,474
134,geometric_skeleton,qa_rendered_geometric_centerline_record_v1.0,105,498.292,264.563,0.97513033,0.55932897,512,474
134,geometric_skeleton,qa_rendered_geometric_centerline_record_v1.0,106,500.0,262.0,0.97847358,0.55391121,512,474
135,geometric_skeleton,qa_rendered_geometric_centerline_record_v1.0,0,158.0,262.0,0.30919765,0.55391121,512,474
135,geometric_skeleton,qa_rendered_geometric_centerline_record_v1.0,1,160.848,260.779,0.31477093,0.55133076,512,474
135,geometric_skeleton,qa_rendered_geometric_centerline_record_v1.0,2,163.696,259.559,0.32034421,0.54875032,512,474
135,geometric_skeleton,qa_rendered_geometric_centerline_record_v1.0,3,166.68,259.0,0.32618326,0.54756871,512,474
135,geometric_skeleton,qa_rendered_geometric_centerline_record_v1.0,4,169.778,259.0,0.3322468,0.54756871,512,474
135,geometric_skeleton,qa_rendered_geometric_centerline_record_v1.0,5,172.877,259.0,0.33831035,0.54756871,512,474
135,geometric_skeleton,qa_rendered_geometric_centerline_record_v1.0,6,175.975,259.0,0.3443739,0.54756871,512,474
135,geometric_skeleton,qa_rendered_geometric_centerline_record_v1.0,7,179.074,259.0,0.35043745,0.54756871,512,474
135,geometric_skeleton,qa_rendered_geometric_centerline_record_v1.0,8,182.172,259.0,0.35650099,0.54756871,512,474
135,geometric_skeleton,qa_rendered_geometric_centerline_record_v1.0,9,185.27,259.0,0.36256454,0.54756871,512,474
135,geometric_skeleton,qa_rendered_geometric_centerline_record_v1.0,10,188.369,259.0,0.36862809,0.54756871,512,474
135,geometric_skeleton,qa_rendered_geometric_centerline_record_v1.0,11,191.467,259.0,0.37469164,0.54756871,512,474
135,geometric_skeleton,qa_rendered_geometric_centerline_record_v1.0,12,194.566,259.0,0.38075518,0.54756871,512,474
135,geometric_skeleton,qa_rendered_geometric_centerline_record_v1.0,13,197.664,259.0,0.38681873,0.54756871,512,474
135,geometric_skeleton,qa_rendered_geometric_centerline_record_v1.0,14,200.763,259.0,0.39288228,0.54756871,512,474
135,geometric_skeleton,qa_rendered_geometric_centerline_record_v1.0,15,203.861,259.0,0.39894582,0.54756871,512,474
135,geometric_skeleton,qa_rendered_geometric_centerline_record_v1.0,16,206.96,259.0,0.40500937,0.54756871,512,474
135,geometric_skeleton,qa_rendered_geometric_centerline_record_v1.0,17,210.058,259.0,0.41107292,0.54756871,512,474
135,geometric_skeleton,qa_rendered_geometric_centerline_record_v1.0,18,213.157,259.0,0.41713647,0.54756871,512,474
135,geometric_skeleton,qa_rendered_geometric_centerline_record_v1.0,19,216.255,259.0,0.42320001,0.54756871,512,474
135,geometric_skeleton,qa_rendered_geometric_centerline_record_v1.0,20,218.939,260.0,0.42845297,0.54968288,512,474
135,geometric_skeleton,qa_rendered_geometric_centerline_record_v1.0,21,222.038,260.0,0.43451651,0.54968288,512,474
135,geometric_skeleton,qa_rendered_geometric_centerline_record_v1.0,22,224.722,261.0,0.43976947,0.55179704,512,474
135,geometric_skeleton,qa_rendered_geometric_centerline_record_v1.0,23,227.821,261.0,0.44583301,0.55179704,512,474
135,geometric_skeleton,qa_rendered_geometric_centerline_record_v1.0,24,230.919,261.0,0.45189656,0.55179704,512,474
135,geometric_skeleton,qa_rendered_geometric_centerline_record_v1.0,25,234.018,261.0,0.45796011,0.55179704,512,474
135,geometric_skeleton,qa_rendered_geometric_centerline_record_v1.0,26,237.116,261.0,0.46402365,0.55179704,512,474
135,geometric_skeleton,qa_rendered_geometric_centerline_record_v1.0,27,240.215,261.0,0.4700872,0.55179704,512,474
135,geometric_skeleton,qa_rendered_geometric_centerline_record_v1.0,28,242.899,262.0,0.47534016,0.55391121,512,474
135,geometric_skeleton,qa_rendered_geometric_centerline_record_v1.0,29,245.997,262.0,0.4814037,0.55391121,512,474
135,geometric_skeleton,qa_rendered_geometric_centerline_record_v1.0,30,249.096,262.0,0.48746725,0.55391121,512,474
135,geometric_skeleton,qa_rendered_geometric_centerline_record_v1.0,31,251.78,263.0,0.4927202,0.55602537,512,474
135,geometric_skeleton,qa_rendered_geometric_centerline_record_v1.0,32,254.878,263.0,0.49878375,0.55602537,512,474
135,geometric_skeleton,qa_rendered_geometric_centerline_record_v1.0,33,257.977,263.0,0.5048473,0.55602537,512,474
135,geometric_skeleton,qa_rendered_geometric_centerline_record_v1.0,34,260.661,264.0,0.51010025,0.55813953,512,474
135,geometric_skeleton,qa_rendered_geometric_centerline_record_v1.0,35,263.345,265.0,0.5153532,0.5602537,512,474
135,geometric_skeleton,qa_rendered_geometric_centerline_record_v1.0,36,266.03,266.0,0.52060616,0.56236786,512,474
135,geometric_skeleton,qa_rendered_geometric_centerline_record_v1.0,37,269.128,266.0,0.5266697,0.56236786,512,474
135,geometric_skeleton,qa_rendered_geometric_centerline_record_v1.0,38,271.867,266.867,0.53203014,0.56420169,512,474
135,geometric_skeleton,qa_rendered_geometric_centerline_record_v1.0,39,274.644,267.644,0.53746407,0.56584385,512,474
135,geometric_skeleton,qa_rendered_geometric_centerline_record_v1.0,40,277.421,268.421,0.542898,0.567486,512,474
135,geometric_skeleton,qa_rendered_geometric_centerline_record_v1.0,41,280.198,269.198,0.54833193,0.56912815,512,474
135,geometric_skeleton,qa_rendered_geometric_centerline_record_v1.0,42,282.964,270.0,0.55374506,0.57082452,512,474
135,geometric_skeleton,qa_rendered_geometric_centerline_record_v1.0,43,285.648,271.0,0.55899802,0.57293869,512,474
135,geometric_skeleton,qa_rendered_geometric_centerline_record_v1.0,44,288.746,271.0,0.56506156,0.57293869,512,474
135,geometric_skeleton,qa_rendered_geometric_centerline_record_v1.0,45,291.845,271.0,0.57112511,0.57293869,512,474
135,geometric_skeleton,qa_rendered_geometric_centerline_record_v1.0,46,294.943,271.0,0.57718866,0.57293869,512,474
135,geometric_skeleton,qa_rendered_geometric_centerline_record_v1.0,47,298.042,271.0,0.58325221,0.57293869,512,474
135,geometric_skeleton,qa_rendered_geometric_centerline_record_v1.0,48,301.14,271.0,0.58931575,0.57293869,512,474
135,geometric_skeleton,qa_rendered_geometric_centerline_record_v1.0,49,304.239,271.0,0.5953793,0.57293869,512,474
135,geometric_skeleton,qa_rendered_geometric_centerline_record_v1.0,50,307.337,271.0,0.60144285,0.57293869,512,474
135,geometric_skeleton,qa_rendered_geometric_centerline_record_v1.0,51,310.436,271.0,0.60750639,0.57293869,512,474
135,geometric_skeleton,qa_rendered_geometric_centerline_record_v1.0,52,313.534,271.0,0.61356994,0.57293869,512,474
135,geometric_skeleton,qa_rendered_geometric_centerline_record_v1.0,53,316.633,271.0,0.61963349,0.57293869,512,474
135,geometric_skeleton,qa_rendered_geometric_centerline_record_v1.0,54,319.731,271.0,0.62569704,0.57293869,512,474
135,geometric_skeleton,qa_rendered_geometric_centerline_record_v1.0,55,322.83,271.0,0.63176058,0.57293869,512,474
135,geometric_skeleton,qa_rendered_geometric_centerline_record_v1.0,56,325.928,271.0,0.63782413,0.57293869,512,474
135,geometric_skeleton,qa_rendered_geometric_centerline_record_v1.0,57,329.027,271.0,0.64388768,0.57293869,512,474
135,geometric_skeleton,qa_rendered_geometric_centerline_record_v1.0,58,332.125,271.0,0.64995122,0.57293869,512,474
135,geometric_skeleton,qa_rendered_geometric_centerline_record_v1.0,59,335.224,271.0,0.65601477,0.57293869,512,474
135,geometric_skeleton,qa_rendered_geometric_centerline_record_v1.0,60,338.322,271.0,0.66207832,0.57293869,512,474
135,geometric_skeleton,qa_rendered_geometric_centerline_record_v1.0,61,341.42,271.0,0.66814187,0.57293869,512,474
135,geometric_skeleton,qa_rendered_geometric_centerline_record_v1.0,62,344.519,271.0,0.67420541,0.57293869,512,474
135,geometric_skeleton,qa_rendered_geometric_centerline_record_v1.0,63,347.617,271.0,0.68026896,0.57293869,512,474
135,geometric_skeleton,qa_rendered_geometric_centerline_record_v1.0,64,350.716,271.0,0.68633251,0.57293869,512,474
135,geometric_skeleton,qa_rendered_geometric_centerline_record_v1.0,65,353.814,271.0,0.69239605,0.57293869,512,474
135,geometric_skeleton,qa_rendered_geometric_centerline_record_v1.0,66,356.913,271.0,0.6984596,0.57293869,512,474
135,geometric_skeleton,qa_rendered_geometric_centerline_record_v1.0,67,360.011,271.0,0.70452315,0.57293869,512,474
135,geometric_skeleton,qa_rendered_geometric_centerline_record_v1.0,68,363.11,271.0,0.7105867,0.57293869,512,474
135,geometric_skeleton,qa_rendered_geometric_centerline_record_v1.0,69,366.208,271.0,0.71665024,0.57293869,512,474
135,geometric_skeleton,qa_rendered_geometric_centerline_record_v1.0,70,369.307,271.0,0.72271379,0.57293869,512,474
135,geometric_skeleton,qa_rendered_geometric_centerline_record_v1.0,71,372.405,271.0,0.72877734,0.57293869,512,474
135,geometric_skeleton,qa_rendered_geometric_centerline_record_v1.0,72,375.504,271.0,0.73484088,0.57293869,512,474
135,geometric_skeleton,qa_rendered_geometric_centerline_record_v1.0,73,378.602,271.0,0.74090443,0.57293869,512,474
135,geometric_skeleton,qa_rendered_geometric_centerline_record_v1.0,74,381.286,272.0,0.74615739,0.57505285,512,474
135,geometric_skeleton,qa_rendered_geometric_centerline_record_v1.0,75,383.971,273.0,0.75141034,0.57716702,512,474
135,geometric_skeleton,qa_rendered_geometric_centerline_record_v1.0,76,386.655,274.0,0.75666329,0.57928118,512,474
135,geometric_skeleton,qa_rendered_geometric_centerline_record_v1.0,77,389.753,274.0,0.76272684,0.57928118,512,474
135,geometric_skeleton,qa_rendered_geometric_centerline_record_v1.0,78,392.438,275.0,0.76797979,0.58139535,512,474
135,geometric_skeleton,qa_rendered_geometric_centerline_record_v1.0,79,395.122,276.0,0.77323274,0.58350951,512,474
135,geometric_skeleton,qa_rendered_geometric_centerline_record_v1.0,80,398.22,276.0,0.77929629,0.58350951,512,474
135,geometric_skeleton,qa_rendered_geometric_centerline_record_v1.0,81,400.933,276.933,0.78460389,0.58548116,512,474
135,geometric_skeleton,qa_rendered_geometric_centerline_record_v1.0,82,404.003,277.0,0.79061279,0.58562368,512,474
135,geometric_skeleton,qa_rendered_geometric_centerline_record_v1.0,83,406.779,277.779,0.79604492,0.58727052,512,474
135,geometric_skeleton,qa_rendered_geometric_centerline_record_v1.0,84,409.786,278.0,0.80192929,0.58773784,512,474
135,geometric_skeleton,qa_rendered_geometric_centerline_record_v1.0,85,412.884,278.0,0.80799284,0.58773784,512,474
135,geometric_skeleton,qa_rendered_geometric_centerline_record_v1.0,86,415.695,278.695,0.81349306,0.58920709,512,474
135,geometric_skeleton,qa_rendered_geometric_centerline_record_v1.0,87,418.472,279.472,0.81892699,0.59084924,512,474
135,geometric_skeleton,qa_rendered_geometric_centerline_record_v1.0,88,421.351,280.0,0.82456229,0.59196617,512,474
135,geometric_skeleton,qa_rendered_geometric_centerline_record_v1.0,89,424.45,280.0,0.83062584,0.59196617,512,474
135,geometric_skeleton,qa_rendered_geometric_centerline_record_v1.0,90,427.548,280.0,0.83668939,0.59196617,512,474
135,geometric_skeleton,qa_rendered_geometric_centerline_record_v1.0,91,430.647,280.0,0.84275293,0.59196617,512,474
135,geometric_skeleton,qa_rendered_geometric_centerline_record_v1.0,92,433.745,280.0,0.84881648,0.59196617,512,474
135,geometric_skeleton,qa_rendered_geometric_centerline_record_v1.0,93,436.844,280.0,0.85488003,0.59196617,512,474
135,geometric_skeleton,qa_rendered_geometric_centerline_record_v1.0,94,439.942,280.0,0.86094358,0.59196617,512,474
135,geometric_skeleton,qa_rendered_geometric_centerline_record_v1.0,95,443.041,280.0,0.86700712,0.59196617,512,474
135,geometric_skeleton,qa_rendered_geometric_centerline_record_v1.0,96,446.139,280.0,0.87307067,0.59196617,512,474
135,geometric_skeleton,qa_rendered_geometric_centerline_record_v1.0,97,449.238,280.0,0.87913422,0.59196617,512,474
135,geometric_skeleton,qa_rendered_geometric_centerline_record_v1.0,98,452.336,280.0,0.88519777,0.59196617,512,474
135,geometric_skeleton,qa_rendered_geometric_centerline_record_v1.0,99,455.435,280.0,0.89126131,0.59196617,512,474
135,geometric_skeleton,qa_rendered_geometric_centerline_record_v1.0,100,458.533,280.0,0.89732486,0.59196617,512,474
135,geometric_skeleton,qa_rendered_geometric_centerline_record_v1.0,101,461.217,281.0,0.90257781,0.59408034,512,474
135,geometric_skeleton,qa_rendered_geometric_centerline_record_v1.0,102,463.93,281.93,0.90788721,0.59604728,512,474
135,geometric_skeleton,qa_rendered_geometric_centerline_record_v1.0,103,466.414,283.414,0.91274796,0.59918437,512,474
135,geometric_skeleton,qa_rendered_geometric_centerline_record_v1.0,104,468.605,285.605,0.91703554,0.60381641,512,474
135,geometric_skeleton,qa_rendered_geometric_centerline_record_v1.0,105,471.089,287.089,0.92189629,0.6069535,512,474
135,geometric_skeleton,qa_rendered_geometric_centerline_record_v1.0,106,473.28,289.28,0.92618387,0.61158553,512,474
135,geometric_skeleton,qa_rendered_geometric_centerline_record_v1.0,107,475.0,291.666,0.9295499,0.61662994,512,474
135,geometric_skeleton,qa_rendered_geometric_centerline_record_v1.0,108,476.0,294.35,0.93150685,0.62230491,512,474
135,geometric_skeleton,qa_rendered_geometric_centerline_record_v1.0,109,476.0,297.449,0.93150685,0.62885559,512,474
135,geometric_skeleton,qa_rendered_geometric_centerline_record_v1.0,110,476.387,300.387,0.932264,0.63506745,512,474
135,geometric_skeleton,qa_rendered_geometric_centerline_record_v1.0,111,478.0,302.817,0.93542074,0.64020552,512,474
135,geometric_skeleton,qa_rendered_geometric_centerline_record_v1.0,112,478.0,305.916,0.93542074,0.6467562,512,474
135,geometric_skeleton,qa_rendered_geometric_centerline_record_v1.0,113,478.563,308.844,0.93652163,0.65294679,512,474
135,geometric_skeleton,qa_rendered_geometric_centerline_record_v1.0,114,480.281,311.422,0.93988508,0.65839728,512,474
135,geometric_skeleton,qa_rendered_geometric_centerline_record_v1.0,115,482.0,314.0,0.94324853,0.66384778,512,474
136,geometric_skeleton,qa_rendered_geometric_centerline_record_v1.0,0,166.0,196.0,0.32485323,0.41437632,512,474
136,geometric_skeleton,qa_rendered_geometric_centerline_record_v1.0,1,168.868,197.229,0.33046478,0.41697448,512,474
136,geometric_skeleton,qa_rendered_geometric_centerline_record_v1.0,2,171.735,198.458,0.33607634,0.41957264,512,474
136,geometric_skeleton,qa_rendered_geometric_centerline_record_v1.0,3,174.233,200.233,0.34096444,0.42332522,512,474
136,geometric_skeleton,qa_rendered_geometric_centerline_record_v1.0,4,177.025,201.025,0.34642781,0.42499918,512,474
136,geometric_skeleton,qa_rendered_geometric_centerline_record_v1.0,5,179.74,202.0,0.35174236,0.42706131,512,474
136,geometric_skeleton,qa_rendered_geometric_centerline_record_v1.0,6,182.446,203.0,0.35703695,0.42917548,512,474
136,geometric_skeleton,qa_rendered_geometric_centerline_record_v1.0,7,185.566,203.0,0.36314214,0.42917548,512,474
136,geometric_skeleton,qa_rendered_geometric_centerline_record_v1.0,8,188.271,204.0,0.36843673,0.43128964,512,474
136,geometric_skeleton,qa_rendered_geometric_centerline_record_v1.0,9,191.391,204.0,0.37454192,0.43128964,512,474
136,geometric_skeleton,qa_rendered_geometric_centerline_record_v1.0,10,194.511,204.0,0.38064711,0.43128964,512,474
136,geometric_skeleton,qa_rendered_geometric_centerline_record_v1.0,11,197.63,204.0,0.3867523,0.43128964,512,474
136,geometric_skeleton,qa_rendered_geometric_centerline_record_v1.0,12,200.75,204.0,0.39285749,0.43128964,512,474
136,geometric_skeleton,qa_rendered_geometric_centerline_record_v1.0,13,203.87,204.0,0.39896268,0.43128964,512,474
136,geometric_skeleton,qa_rendered_geometric_centerline_record_v1.0,14,206.575,205.0,0.40425727,0.43340381,512,474
136,geometric_skeleton,qa_rendered_geometric_centerline_record_v1.0,15,209.695,205.0,0.41036246,0.43340381,512,474
136,geometric_skeleton,qa_rendered_geometric_centerline_record_v1.0,16,212.401,206.0,0.41565706,0.43551797,512,474
136,geometric_skeleton,qa_rendered_geometric_centerline_record_v1.0,17,215.521,206.0,0.42176225,0.43551797,512,474
136,geometric_skeleton,qa_rendered_geometric_centerline_record_v1.0,18,218.64,206.0,0.42786744,0.43551797,512,474
136,geometric_skeleton,qa_rendered_geometric_centerline_record_v1.0,19,221.76,206.0,0.43397263,0.43551797,512,474
136,geometric_skeleton,qa_rendered_geometric_centerline_record_v1.0,20,224.466,207.0,0.43926722,0.43763214,512,474
136,geometric_skeleton,qa_rendered_geometric_centerline_record_v1.0,21,227.585,207.0,0.44537241,0.43763214,512,474
136,geometric_skeleton,qa_rendered_geometric_centerline_record_v1.0,22,230.705,207.0,0.4514776,0.43763214,512,474
136,geometric_skeleton,qa_rendered_geometric_centerline_record_v1.0,23,233.411,208.0,0.45677219,0.4397463,512,474
136,geometric_skeleton,qa_rendered_geometric_centerline_record_v1.0,24,236.53,208.0,0.46287738,0.4397463,512,474
136,geometric_skeleton,qa_rendered_geometric_centerline_record_v1.0,25,239.65,208.0,0.46898257,0.4397463,512,474
136,geometric_skeleton,qa_rendered_geometric_centerline_record_v1.0,26,242.77,208.0,0.47508776,0.4397463,512,474
136,geometric_skeleton,qa_rendered_geometric_centerline_record_v1.0,27,245.89,208.0,0.48119295,0.4397463,512,474
136,geometric_skeleton,qa_rendered_geometric_centerline_record_v1.0,28,248.595,209.0,0.48648754,0.44186047,512,474
136,geometric_skeleton,qa_rendered_geometric_centerline_record_v1.0,29,251.715,209.0,0.49259273,0.44186047,512,474
136,geometric_skeleton,qa_rendered_geometric_centerline_record_v1.0,30,254.835,209.0,0.49869792,0.44186047,512,474
136,geometric_skeleton,qa_rendered_geometric_centerline_record_v1.0,31,257.954,209.0,0.50480311,0.44186047,512,474
136,geometric_skeleton,qa_rendered_geometric_centerline_record_v1.0,32,261.074,209.0,0.5109083,0.44186047,512,474
136,geometric_skeleton,qa_rendered_geometric_centerline_record_v1.0,33,264.194,209.0,0.51701349,0.44186047,512,474
136,geometric_skeleton,qa_rendered_geometric_centerline_record_v1.0,34,267.314,209.0,0.52311868,0.44186047,512,474
136,geometric_skeleton,qa_rendered_geometric_centerline_record_v1.0,35,270.306,209.306,0.52897545,0.44250837,512,474
136,geometric_skeleton,qa_rendered_geometric_centerline_record_v1.0,36,273.139,210.0,0.53451846,0.44397463,512,474
136,geometric_skeleton,qa_rendered_geometric_centerline_record_v1.0,37,276.259,210.0,0.54062365,0.44397463,512,474
136,geometric_skeleton,qa_rendered_geometric_centerline_record_v1.0,38,279.268,210.268,0.54651193,0.44454037,512,474
136,geometric_skeleton,qa_rendered_geometric_centerline_record_v1.0,39,282.084,211.0,0.55202343,0.44608879,512,474
136,geometric_skeleton,qa_rendered_geometric_centerline_record_v1.0,40,285.204,211.0,0.55812862,0.44608879,512,474
136,geometric_skeleton,qa_rendered_geometric_centerline_record_v1.0,41,288.229,211.229,0.5640484,0.44657238,512,474
136,geometric_skeleton,qa_rendered_geometric_centerline_record_v1.0,42,291.029,212.0,0.56952841,0.44820296,512,474
136,geometric_skeleton,qa_rendered_geometric_centerline_record_v1.0,43,294.105,212.105,0.57554833,0.44842536,512,474
136,geometric_skeleton,qa_rendered_geometric_centerline_record_v1.0,44,296.854,213.0,0.58092819,0.45031712,512,474
136,geometric_skeleton,qa_rendered_geometric_centerline_record_v1.0,45,299.974,213.0,0.58703338,0.45031712,512,474
136,geometric_skeleton,qa_rendered_geometric_centerline_record_v1.0,46,303.094,213.0,0.59313857,0.45031712,512,474
136,geometric_skeleton,qa_rendered_geometric_centerline_record_v1.0,47,306.214,213.0,0.59924376,0.45031712,512,474
136,geometric_skeleton,qa_rendered_geometric_centerline_record_v1.0,48,309.333,213.0,0.60534895,0.45031712,512,474
136,geometric_skeleton,qa_rendered_geometric_centerline_record_v1.0,49,312.453,213.0,0.61145414,0.45031712,512,474
136,geometric_skeleton,qa_rendered_geometric_centerline_record_v1.0,50,315.573,213.0,0.61755932,0.45031712,512,474
136,geometric_skeleton,qa_rendered_geometric_centerline_record_v1.0,51,318.693,213.0,0.62366451,0.45031712,512,474
136,geometric_skeleton,qa_rendered_geometric_centerline_record_v1.0,52,321.812,213.0,0.6297697,0.45031712,512,474
136,geometric_skeleton,qa_rendered_geometric_centerline_record_v1.0,53,324.932,213.0,0.63587489,0.45031712,512,474
136,geometric_skeleton,qa_rendered_geometric_centerline_record_v1.0,54,328.052,213.0,0.64198008,0.45031712,512,474
136,geometric_skeleton,qa_rendered_geometric_centerline_record_v1.0,55,331.172,213.0,0.64808527,0.45031712,512,474
136,geometric_skeleton,qa_rendered_geometric_centerline_record_v1.0,56,334.291,213.0,0.65419046,0.45031712,512,474
136,geometric_skeleton,qa_rendered_geometric_centerline_record_v1.0,57,337.411,213.0,0.66029565,0.45031712,512,474
136,geometric_skeleton,qa_rendered_geometric_centerline_record_v1.0,58,340.531,213.0,0.66640084,0.45031712,512,474
136,geometric_skeleton,qa_rendered_geometric_centerline_record_v1.0,59,343.651,213.0,0.67250603,0.45031712,512,474
136,geometric_skeleton,qa_rendered_geometric_centerline_record_v1.0,60,346.77,213.0,0.67861121,0.45031712,512,474
136,geometric_skeleton,qa_rendered_geometric_centerline_record_v1.0,61,349.89,213.0,0.6847164,0.45031712,512,474
136,geometric_skeleton,qa_rendered_geometric_centerline_record_v1.0,62,353.01,213.0,0.69082159,0.45031712,512,474
136,geometric_skeleton,qa_rendered_geometric_centerline_record_v1.0,63,356.13,213.0,0.69692678,0.45031712,512,474
136,geometric_skeleton,qa_rendered_geometric_centerline_record_v1.0,64,358.835,214.0,0.70222138,0.45243129,512,474
136,geometric_skeleton,qa_rendered_geometric_centerline_record_v1.0,65,361.955,214.0,0.70832657,0.45243129,512,474
136,geometric_skeleton,qa_rendered_geometric_centerline_record_v1.0,66,365.075,214.0,0.71443175,0.45243129,512,474
136,geometric_skeleton,qa_rendered_geometric_centerline_record_v1.0,67,368.194,214.0,0.72053694,0.45243129,512,474
136,geometric_skeleton,qa_rendered_geometric_centerline_record_v1.0,68,371.314,214.0,0.72664213,0.45243129,512,474
136,geometric_skeleton,qa_rendered_geometric_centerline_record_v1.0,69,374.434,214.0,0.73274732,0.45243129,512,474
136,geometric_skeleton,qa_rendered_geometric_centerline_record_v1.0,70,377.554,214.0,0.73885251,0.45243129,512,474
136,geometric_skeleton,qa_rendered_geometric_centerline_record_v1.0,71,380.673,214.0,0.7449577,0.45243129,512,474
136,geometric_skeleton,qa_rendered_geometric_centerline_record_v1.0,72,383.793,214.0,0.75106289,0.45243129,512,474
136,geometric_skeleton,qa_rendered_geometric_centerline_record_v1.0,73,386.913,214.0,0.75716808,0.45243129,512,474
136,geometric_skeleton,qa_rendered_geometric_centerline_record_v1.0,74,389.618,213.0,0.76246267,0.45031712,512,474
136,geometric_skeleton,qa_rendered_geometric_centerline_record_v1.0,75,392.738,213.0,0.76856786,0.45031712,512,474
136,geometric_skeleton,qa_rendered_geometric_centerline_record_v1.0,76,395.858,213.0,0.77467305,0.45031712,512,474
136,geometric_skeleton,qa_rendered_geometric_centerline_record_v1.0,77,398.978,213.0,0.78077824,0.45031712,512,474
136,geometric_skeleton,qa_rendered_geometric_centerline_record_v1.0,78,402.097,213.0,0.78688343,0.45031712,512,474
136,geometric_skeleton,qa_rendered_geometric_centerline_record_v1.0,79,405.217,213.0,0.79298862,0.45031712,512,474
136,geometric_skeleton,qa_rendered_geometric_centerline_record_v1.0,80,408.337,213.0,0.79909381,0.45031712,512,474
136,geometric_skeleton,qa_rendered_geometric_centerline_record_v1.0,81,411.457,213.0,0.80519899,0.45031712,512,474
136,geometric_skeleton,qa_rendered_geometric_centerline_record_v1.0,82,414.576,213.0,0.81130418,0.45031712,512,474
136,geometric_skeleton,qa_rendered_geometric_centerline_record_v1.0,83,417.696,213.0,0.81740937,0.45031712,512,474
136,geometric_skeleton,qa_rendered_geometric_centerline_record_v1.0,84,420.816,213.0,0.82351456,0.45031712,512,474
136,geometric_skeleton,qa_rendered_geometric_centerline_record_v1.0,85,423.936,213.0,0.82961975,0.45031712,512,474
136,geometric_skeleton,qa_rendered_geometric_centerline_record_v1.0,86,427.055,213.0,0.83572494,0.45031712,512,474
136,geometric_skeleton,qa_rendered_geometric_centerline_record_v1.0,87,430.175,213.0,0.84183013,0.45031712,512,474
136,geometric_skeleton,qa_rendered_geometric_centerline_record_v1.0,88,433.295,213.0,0.84793532,0.45031712,512,474
136,geometric_skeleton,qa_rendered_geometric_centerline_record_v1.0,89,436.415,213.0,0.85404051,0.45031712,512,474
136,geometric_skeleton,qa_rendered_geometric_centerline_record_v1.0,90,439.534,213.0,0.8601457,0.45031712,512,474
136,geometric_skeleton,qa_rendered_geometric_centerline_record_v1.0,91,442.654,213.0,0.86625088,0.45031712,512,474
136,geometric_skeleton,qa_rendered_geometric_centerline_record_v1.0,92,445.774,213.0,0.87235607,0.45031712,512,474
136,geometric_skeleton,qa_rendered_geometric_centerline_record_v1.0,93,448.894,213.0,0.87846126,0.45031712,512,474
136,geometric_skeleton,qa_rendered_geometric_centerline_record_v1.0,94,452.013,213.0,0.88456645,0.45031712,512,474
136,geometric_skeleton,qa_rendered_geometric_centerline_record_v1.0,95,455.133,213.0,0.89067164,0.45031712,512,474
136,geometric_skeleton,qa_rendered_geometric_centerline_record_v1.0,96,458.253,213.0,0.89677683,0.45031712,512,474
136,geometric_skeleton,qa_rendered_geometric_centerline_record_v1.0,97,461.373,213.0,0.90288202,0.45031712,512,474
136,geometric_skeleton,qa_rendered_geometric_centerline_record_v1.0,98,464.492,213.0,0.90898721,0.45031712,512,474
136,geometric_skeleton,qa_rendered_geometric_centerline_record_v1.0,99,467.612,213.0,0.9150924,0.45031712,512,474
136,geometric_skeleton,qa_rendered_geometric_centerline_record_v1.0,100,470.732,213.0,0.92119759,0.45031712,512,474
136,geometric_skeleton,qa_rendered_geometric_centerline_record_v1.0,101,473.852,213.0,0.92730277,0.45031712,512,474
136,geometric_skeleton,qa_rendered_geometric_centerline_record_v1.0,102,476.971,213.0,0.93340796,0.45031712,512,474
136,geometric_skeleton,qa_rendered_geometric_centerline_record_v1.0,103,479.677,212.0,0.93870256,0.44820296,512,474
136,geometric_skeleton,qa_rendered_geometric_centerline_record_v1.0,104,482.271,210.729,0.94377789,0.44551691,512,474
136,geometric_skeleton,qa_rendered_geometric_centerline_record_v1.0,105,484.476,208.524,0.94809491,0.44085307,512,474
136,geometric_skeleton,qa_rendered_geometric_centerline_record_v1.0,106,486.682,206.318,0.95241193,0.43618923,512,474
136,geometric_skeleton,qa_rendered_geometric_centerline_record_v1.0,107,489.257,205.0,0.95744916,0.43340381,512,474
136,geometric_skeleton,qa_rendered_geometric_centerline_record_v1.0,108,491.542,203.735,0.96192199,0.4307294,512,474
136,geometric_skeleton,qa_rendered_geometric_centerline_record_v1.0,109,492.771,200.868,0.96432695,0.42466703,512,474
136,geometric_skeleton,qa_rendered_geometric_centerline_record_v1.0,110,494.0,198.0,0.9667319,0.41860465,512,474
137,geometric_skeleton,qa_rendered_geometric_centerline_record_v1.0,0,186.0,222.0,0.36399217,0.46934461,512,474
137,geometric_skeleton,qa_rendered_geometric_centerline_record_v1.0,1,188.882,223.441,0.36963178,0.47239095,512,474
137,geometric_skeleton,qa_rendered_geometric_centerline_record_v1.0,2,191.764,224.882,0.37527139,0.4754373,512,474
137,geometric_skeleton,qa_rendered_geometric_centerline_record_v1.0,3,194.091,227.091,0.37982675,0.48010881,512,474
137,geometric_skeleton,qa_rendered_geometric_centerline_record_v1.0,4,196.663,228.663,0.38485843,0.48343057,512,474
137,geometric_skeleton,qa_rendered_geometric_centerline_record_v1.0,5,198.941,230.941,0.38931693,0.48824726,512,474
137,geometric_skeleton,qa_rendered_geometric_centerline_record_v1.0,6,201.31,233.0,0.39395316,0.49260042,512,474
137,geometric_skeleton,qa_rendered_geometric_centerline_record_v1.0,7,203.79,234.79,0.39880712,0.4963857,512,474
137,geometric_skeleton,qa_rendered_geometric_centerline_record_v1.0,8,206.362,236.362,0.40383879,0.49970745,512,474
137,geometric_skeleton,qa_rendered_geometric_centerline_record_v1.0,9,209.226,237.226,0.40944365,0.50153426,512,474
137,geometric_skeleton,qa_rendered_geometric_centerline_record_v1.0,10,212.09,238.09,0.41504851,0.50336107,512,474
137,geometric_skeleton,qa_rendered_geometric_centerline_record_v1.0,11,214.935,239.0,0.42061597,0.50528541,512,474
137,geometric_skeleton,qa_rendered_geometric_centerline_record_v1.0,12,217.743,240.0,0.42611065,0.50739958,512,474
137,geometric_skeleton,qa_rendered_geometric_centerline_record_v1.0,13,220.965,240.0,0.43241593,0.50739958,512,474
137,geometric_skeleton,qa_rendered_geometric_centerline_record_v1.0,14,224.187,240.0,0.4387212,0.50739958,512,474
137,geometric_skeleton,qa_rendered_geometric_centerline_record_v1.0,15,227.409,240.0,0.44502648,0.50739958,512,474
137,geometric_skeleton,qa_rendered_geometric_centerline_record_v1.0,16,230.631,240.0,0.45133175,0.50739958,512,474
137,geometric_skeleton,qa_rendered_geometric_centerline_record_v1.0,17,233.853,240.0,0.45763703,0.50739958,512,474
137,geometric_skeleton,qa_rendered_geometric_centerline_record_v1.0,18,237.075,240.0,0.46394231,0.50739958,512,474
137,geometric_skeleton,qa_rendered_geometric_centerline_record_v1.0,19,240.297,240.0,0.47024758,0.50739958,512,474
137,geometric_skeleton,qa_rendered_geometric_centerline_record_v1.0,20,243.519,240.0,0.47655286,0.50739958,512,474
137,geometric_skeleton,qa_rendered_geometric_centerline_record_v1.0,21,246.741,240.0,0.48285813,0.50739958,512,474
137,geometric_skeleton,qa_rendered_geometric_centerline_record_v1.0,22,249.963,240.0,0.48916341,0.50739958,512,474
137,geometric_skeleton,qa_rendered_geometric_centerline_record_v1.0,23,253.184,240.0,0.49546868,0.50739958,512,474
137,geometric_skeleton,qa_rendered_geometric_centerline_record_v1.0,24,256.406,240.0,0.50177396,0.50739958,512,474
137,geometric_skeleton,qa_rendered_geometric_centerline_record_v1.0,25,259.628,240.0,0.50807924,0.50739958,512,474
137,geometric_skeleton,qa_rendered_geometric_centerline_record_v1.0,26,262.85,240.0,0.51438451,0.50739958,512,474
137,geometric_skeleton,qa_rendered_geometric_centerline_record_v1.0,27,265.658,241.0,0.51987919,0.50951374,512,474
137,geometric_skeleton,qa_rendered_geometric_centerline_record_v1.0,28,268.88,241.0,0.52618447,0.50951374,512,474
137,geometric_skeleton,qa_rendered_geometric_centerline_record_v1.0,29,271.688,242.0,0.53167915,0.51162791,512,474
137,geometric_skeleton,qa_rendered_geometric_centerline_record_v1.0,30,274.496,243.0,0.53717383,0.51374207,512,474
137,geometric_skeleton,qa_rendered_geometric_centerline_record_v1.0,31,277.718,243.0,0.54347911,0.51374207,512,474
137,geometric_skeleton,qa_rendered_geometric_centerline_record_v1.0,32,280.526,244.0,0.54897379,0.51585624,512,474
137,geometric_skeleton,qa_rendered_geometric_centerline_record_v1.0,33,283.333,245.0,0.55446847,0.5179704,512,474
137,geometric_skeleton,qa_rendered_geometric_centerline_record_v1.0,34,286.141,246.0,0.55996315,0.52008457,512,474
137,geometric_skeleton,qa_rendered_geometric_centerline_record_v1.0,35,289.363,246.0,0.56626843,0.52008457,512,474
137,geometric_skeleton,qa_rendered_geometric_centerline_record_v1.0,36,292.171,247.0,0.57176311,0.52219873,512,474
137,geometric_skeleton,qa_rendered_geometric_centerline_record_v1.0,37,294.979,248.0,0.57725779,0.5243129,512,474
137,geometric_skeleton,qa_rendered_geometric_centerline_record_v1.0,38,298.201,248.0,0.58356307,0.5243129,512,474
137,geometric_skeleton,qa_rendered_geometric_centerline_record_v1.0,39,301.009,249.0,0.58905775,0.52642706,512,474
137,geometric_skeleton,qa_rendered_geometric_centerline_record_v1.0,40,303.816,250.0,0.59455243,0.52854123,512,474
137,geometric_skeleton,qa_rendered_geometric_centerline_record_v1.0,41,306.624,251.0,0.60004711,0.53065539,512,474
137,geometric_skeleton,qa_rendered_geometric_centerline_record_v1.0,42,309.846,251.0,0.60635239,0.53065539,512,474
137,geometric_skeleton,qa_rendered_geometric_centerline_record_v1.0,43,313.068,251.0,0.61265766,0.53065539,512,474
137,geometric_skeleton,qa_rendered_geometric_centerline_record_v1.0,44,316.29,251.0,0.61896294,0.53065539,512,474
137,geometric_skeleton,qa_rendered_geometric_centerline_record_v1.0,45,319.512,251.0,0.62526821,0.53065539,512,474
137,geometric_skeleton,qa_rendered_geometric_centerline_record_v1.0,46,322.734,251.0,0.63157349,0.53065539,512,474
137,geometric_skeleton,qa_rendered_geometric_centerline_record_v1.0,47,325.956,251.0,0.63787877,0.53065539,512,474
137,geometric_skeleton,qa_rendered_geometric_centerline_record_v1.0,48,329.178,251.0,0.64418404,0.53065539,512,474
137,geometric_skeleton,qa_rendered_geometric_centerline_record_v1.0,49,332.4,251.0,0.65048932,0.53065539,512,474
137,geometric_skeleton,qa_rendered_geometric_centerline_record_v1.0,50,335.622,251.0,0.65679459,0.53065539,512,474
137,geometric_skeleton,qa_rendered_geometric_centerline_record_v1.0,51,338.844,251.0,0.66309987,0.53065539,512,474
137,geometric_skeleton,qa_rendered_geometric_centerline_record_v1.0,52,342.066,251.0,0.66940514,0.53065539,512,474
137,geometric_skeleton,qa_rendered_geometric_centerline_record_v1.0,53,345.288,251.0,0.67571042,0.53065539,512,474
137,geometric_skeleton,qa_rendered_geometric_centerline_record_v1.0,54,348.51,251.0,0.6820157,0.53065539,512,474
137,geometric_skeleton,qa_rendered_geometric_centerline_record_v1.0,55,351.732,251.0,0.68832097,0.53065539,512,474
137,geometric_skeleton,qa_rendered_geometric_centerline_record_v1.0,56,354.954,251.0,0.69462625,0.53065539,512,474
137,geometric_skeleton,qa_rendered_geometric_centerline_record_v1.0,57,358.176,251.0,0.70093152,0.53065539,512,474
137,geometric_skeleton,qa_rendered_geometric_centerline_record_v1.0,58,360.984,252.0,0.7064262,0.53276956,512,474
137,geometric_skeleton,qa_rendered_geometric_centerline_record_v1.0,59,364.206,252.0,0.71273148,0.53276956,512,474
137,geometric_skeleton,qa_rendered_geometric_centerline_record_v1.0,60,367.428,252.0,0.71903676,0.53276956,512,474
137,geometric_skeleton,qa_rendered_geometric_centerline_record_v1.0,61,370.65,252.0,0.72534203,0.53276956,512,474
137,geometric_skeleton,qa_rendered_geometric_centerline_record_v1.0,62,373.872,252.0,0.73164731,0.53276956,512,474
137,geometric_skeleton,qa_rendered_geometric_centerline_record_v1.0,63,377.066,252.066,0.73789884,0.53290974,512,474
137,geometric_skeleton,qa_rendered_geometric_centerline_record_v1.0,64,379.345,254.345,0.74235734,0.53772643,512,474
137,geometric_skeleton,qa_rendered_geometric_centerline_record_v1.0,65,381.881,256.0,0.74732076,0.54122622,512,474
137,geometric_skeleton,qa_rendered_geometric_centerline_record_v1.0,66,384.689,257.0,0.75281544,0.54334038,512,474
137,geometric_skeleton,qa_rendered_geometric_centerline_record_v1.0,67,387.496,258.0,0.75831012,0.54545455,512,474
137,geometric_skeleton,qa_rendered_geometric_centerline_record_v1.0,68,390.304,259.0,0.7638048,0.54756871,512,474
137,geometric_skeleton,qa_rendered_geometric_centerline_record_v1.0,69,393.526,259.0,0.77011008,0.54756871,512,474
137,geometric_skeleton,qa_rendered_geometric_centerline_record_v1.0,70,396.334,260.0,0.77560476,0.54968288,512,474
137,geometric_skeleton,qa_rendered_geometric_centerline_record_v1.0,71,399.142,261.0,0.78109944,0.55179704,512,474
137,geometric_skeleton,qa_rendered_geometric_centerline_record_v1.0,72,402.364,261.0,0.78740472,0.55179704,512,474
137,geometric_skeleton,qa_rendered_geometric_centerline_record_v1.0,73,405.172,262.0,0.7928994,0.55391121,512,474
137,geometric_skeleton,qa_rendered_geometric_centerline_record_v1.0,74,407.985,262.985,0.7984059,0.55599454,512,474
137,geometric_skeleton,qa_rendered_geometric_centerline_record_v1.0,75,410.849,263.849,0.80401076,0.55782135,512,474
137,geometric_skeleton,qa_rendered_geometric_centerline_record_v1.0,76,413.595,265.0,0.80938344,0.5602537,512,474
137,geometric_skeleton,qa_rendered_geometric_centerline_record_v1.0,77,416.403,266.0,0.81487813,0.56236786,512,474
137,geometric_skeleton,qa_rendered_geometric_centerline_record_v1.0,78,419.442,266.442,0.82082533,0.56330178,512,474
137,geometric_skeleton,qa_rendered_geometric_centerline_record_v1.0,79,422.433,267.0,0.82667808,0.56448203,512,474
137,geometric_skeleton,qa_rendered_geometric_centerline_record_v1.0,80,425.463,267.463,0.83260822,0.56546046,512,474
137,geometric_skeleton,qa_rendered_geometric_centerline_record_v1.0,81,428.462,268.0,0.83847804,0.56659619,512,474
137,geometric_skeleton,qa_rendered_geometric_centerline_record_v1.0,82,431.684,268.0,0.84478332,0.56659619,512,474
137,geometric_skeleton,qa_rendered_geometric_centerline_record_v1.0,83,434.906,268.0,0.85108859,0.56659619,512,474
137,geometric_skeleton,qa_rendered_geometric_centerline_record_v1.0,84,438.128,268.0,0.85739387,0.56659619,512,474
137,geometric_skeleton,qa_rendered_geometric_centerline_record_v1.0,85,441.35,268.0,0.86369914,0.56659619,512,474
137,geometric_skeleton,qa_rendered_geometric_centerline_record_v1.0,86,444.572,268.0,0.87000442,0.56659619,512,474
137,geometric_skeleton,qa_rendered_geometric_centerline_record_v1.0,87,447.794,268.0,0.87630969,0.56659619,512,474
137,geometric_skeleton,qa_rendered_geometric_centerline_record_v1.0,88,451.016,268.0,0.88261497,0.56659619,512,474
137,geometric_skeleton,qa_rendered_geometric_centerline_record_v1.0,89,454.238,268.0,0.88892025,0.56659619,512,474
137,geometric_skeleton,qa_rendered_geometric_centerline_record_v1.0,90,457.46,268.0,0.89522552,0.56659619,512,474
137,geometric_skeleton,qa_rendered_geometric_centerline_record_v1.0,91,460.682,268.0,0.9015308,0.56659619,512,474
137,geometric_skeleton,qa_rendered_geometric_centerline_record_v1.0,92,463.904,268.0,0.90783607,0.56659619,512,474
137,geometric_skeleton,qa_rendered_geometric_centerline_record_v1.0,93,467.126,268.0,0.91414135,0.56659619,512,474
137,geometric_skeleton,qa_rendered_geometric_centerline_record_v1.0,94,470.348,268.0,0.92044662,0.56659619,512,474
137,geometric_skeleton,qa_rendered_geometric_centerline_record_v1.0,95,473.57,268.0,0.9267519,0.56659619,512,474
137,geometric_skeleton,qa_rendered_geometric_centerline_record_v1.0,96,476.792,268.0,0.93305718,0.56659619,512,474
137,geometric_skeleton,qa_rendered_geometric_centerline_record_v1.0,97,479.717,267.283,0.93878113,0.56508001,512,474
137,geometric_skeleton,qa_rendered_geometric_centerline_record_v1.0,98,482.288,265.712,0.94381281,0.56175826,512,474
137,geometric_skeleton,qa_rendered_geometric_centerline_record_v1.0,99,484.86,264.14,0.94884449,0.5584365,512,474
137,geometric_skeleton,qa_rendered_geometric_centerline_record_v1.0,100,487.195,262.0,0.95341471,0.55391121,512,474
137,geometric_skeleton,qa_rendered_geometric_centerline_record_v1.0,101,489.709,260.291,0.95833467,0.55029806,512,474
137,geometric_skeleton,qa_rendered_geometric_centerline_record_v1.0,102,492.396,259.0,0.96359348,0.54756871,512,474
137,geometric_skeleton,qa_rendered_geometric_centerline_record_v1.0,103,494.803,257.595,0.9683031,0.54459821,512,474
137,geometric_skeleton,qa_rendered_geometric_centerline_record_v1.0,104,496.401,254.797,0.97143139,0.53868388,512,474
137,geometric_skeleton,qa_rendered_geometric_centerline_record_v1.0,105,498.0,252.0,0.97455969,0.53276956,512,474
138,geometric_skeleton,qa_rendered_geometric_centerline_record_v1.0,0,108.0,218.0,0.21135029,0.46088795,512,474
138,geometric_skeleton,qa_rendered_geometric_centerline_record_v1.0,1,110.233,220.233,0.21572034,0.46560908,512,474
138,geometric_skeleton,qa_rendered_geometric_centerline_record_v1.0,2,112.466,222.466,0.22009038,0.4703302,512,474
138,geometric_skeleton,qa_rendered_geometric_centerline_record_v1.0,3,114.699,224.699,0.22446043,0.47505133,512,474
138,geometric_skeleton,qa_rendered_geometric_centerline_record_v1.0,4,116.932,226.932,0.22883048,0.47977246,512,474
138,geometric_skeleton,qa_rendered_geometric_centerline_record_v1.0,5,119.458,228.458,0.2337737,0.48299865,512,474
138,geometric_skeleton,qa_rendered_geometric_centerline_record_v1.0,6,121.984,229.984,0.23871692,0.48622483,512,474
138,geometric_skeleton,qa_rendered_geometric_centerline_record_v1.0,7,124.51,231.51,0.24366014,0.48945102,512,474
138,geometric_skeleton,qa_rendered_geometric_centerline_record_v1.0,8,127.051,233.0,0.2486328,0.49260042,512,474
138,geometric_skeleton,qa_rendered_geometric_centerline_record_v1.0,9,130.209,233.0,0.25481298,0.49260042,512,474
138,geometric_skeleton,qa_rendered_geometric_centerline_record_v1.0,10,132.953,234.0,0.26018256,0.49471459,512,474
138,geometric_skeleton,qa_rendered_geometric_centerline_record_v1.0,11,136.111,234.0,0.26636274,0.49471459,512,474
138,geometric_skeleton,qa_rendered_geometric_centerline_record_v1.0,12,139.269,234.0,0.27254292,0.49471459,512,474
138,geometric_skeleton,qa_rendered_geometric_centerline_record_v1.0,13,142.428,234.0,0.2787231,0.49471459,512,474
138,geometric_skeleton,qa_rendered_geometric_centerline_record_v1.0,14,145.586,234.0,0.28490327,0.49471459,512,474
138,geometric_skeleton,qa_rendered_geometric_centerline_record_v1.0,15,148.744,234.0,0.29108345,0.49471459,512,474
138,geometric_skeleton,qa_rendered_geometric_centerline_record_v1.0,16,151.902,234.0,0.29726363,0.49471459,512,474
138,geometric_skeleton,qa_rendered_geometric_centerline_record_v1.0,17,155.06,234.0,0.30344381,0.49471459,512,474
138,geometric_skeleton,qa_rendered_geometric_centerline_record_v1.0,18,158.218,234.0,0.30962399,0.49471459,512,474
138,geometric_skeleton,qa_rendered_geometric_centerline_record_v1.0,19,161.376,234.0,0.31580416,0.49471459,512,474
138,geometric_skeleton,qa_rendered_geometric_centerline_record_v1.0,20,164.534,234.0,0.32198434,0.49471459,512,474
138,geometric_skeleton,qa_rendered_geometric_centerline_record_v1.0,21,167.489,234.489,0.32776784,0.49574919,512,474
138,geometric_skeleton,qa_rendered_geometric_centerline_record_v1.0,22,170.436,235.0,0.3335341,0.49682875,512,474
138,geometric_skeleton,qa_rendered_geometric_centerline_record_v1.0,23,173.42,235.42,0.33937381,0.49771674,512,474
138,geometric_skeleton,qa_rendered_geometric_centerline_record_v1.0,24,176.239,236.239,0.34489021,0.49944799,512,474
138,geometric_skeleton,qa_rendered_geometric_centerline_record_v1.0,25,179.058,237.058,0.35040661,0.50117924,512,474
138,geometric_skeleton,qa_rendered_geometric_centerline_record_v1.0,26,181.826,238.0,0.35582303,0.50317125,512,474
138,geometric_skeleton,qa_rendered_geometric_centerline_record_v1.0,27,184.984,238.0,0.36200321,0.50317125,512,474
138,geometric_skeleton,qa_rendered_geometric_centerline_record_v1.0,28,187.727,239.0,0.36737279,0.50528541,512,474
138,geometric_skeleton,qa_rendered_geometric_centerline_record_v1.0,29,190.886,239.0,0.37355297,0.50528541,512,474
138,geometric_skeleton,qa_rendered_geometric_centerline_record_v1.0,30,193.629,240.0,0.37892255,0.50739958,512,474
138,geometric_skeleton,qa_rendered_geometric_centerline_record_v1.0,31,196.787,240.0,0.38510273,0.50739958,512,474
138,geometric_skeleton,qa_rendered_geometric_centerline_record_v1.0,32,199.531,241.0,0.39047231,0.50951374,512,474
138,geometric_skeleton,qa_rendered_geometric_centerline_record_v1.0,33,202.689,241.0,0.39665249,0.50951374,512,474
138,geometric_skeleton,qa_rendered_geometric_centerline_record_v1.0,34,205.847,241.0,0.40283267,0.50951374,512,474
138,geometric_skeleton,qa_rendered_geometric_centerline_record_v1.0,35,208.591,242.0,0.40820225,0.51162791,512,474
138,geometric_skeleton,qa_rendered_geometric_centerline_record_v1.0,36,211.335,243.0,0.41357184,0.51374207,512,474
138,geometric_skeleton,qa_rendered_geometric_centerline_record_v1.0,37,214.493,243.0,0.41975201,0.51374207,512,474
138,geometric_skeleton,qa_rendered_geometric_centerline_record_v1.0,38,217.237,244.0,0.4251216,0.51585624,512,474
138,geometric_skeleton,qa_rendered_geometric_centerline_record_v1.0,39,219.981,245.0,0.43049118,0.5179704,512,474
138,geometric_skeleton,qa_rendered_geometric_centerline_record_v1.0,40,222.725,246.0,0.43586076,0.52008457,512,474
138,geometric_skeleton,qa_rendered_geometric_centerline_record_v1.0,41,225.469,247.0,0.44123035,0.52219873,512,474
138,geometric_skeleton,qa_rendered_geometric_centerline_record_v1.0,42,228.213,248.0,0.44659993,0.5243129,512,474
138,geometric_skeleton,qa_rendered_geometric_centerline_record_v1.0,43,230.969,248.969,0.45199449,0.52636191,512,474
138,geometric_skeleton,qa_rendered_geometric_centerline_record_v1.0,44,233.788,249.788,0.45751089,0.52809316,512,474
138,geometric_skeleton,qa_rendered_geometric_centerline_record_v1.0,45,236.607,250.607,0.46302729,0.52982441,512,474
138,geometric_skeleton,qa_rendered_geometric_centerline_record_v1.0,46,239.426,251.426,0.46854369,0.53155565,512,474
138,geometric_skeleton,qa_rendered_geometric_centerline_record_v1.0,47,242.245,252.245,0.47406009,0.5332869,512,474
138,geometric_skeleton,qa_rendered_geometric_centerline_record_v1.0,48,245.064,253.064,0.47957649,0.53501815,512,474
138,geometric_skeleton,qa_rendered_geometric_centerline_record_v1.0,49,247.834,254.0,0.48499761,0.53699789,512,474
138,geometric_skeleton,qa_rendered_geometric_centerline_record_v1.0,50,250.992,254.0,0.49117779,0.53699789,512,474
138,geometric_skeleton,qa_rendered_geometric_centerline_record_v1.0,51,254.15,254.0,0.49735796,0.53699789,512,474
138,geometric_skeleton,qa_rendered_geometric_centerline_record_v1.0,52,257.308,254.0,0.50353814,0.53699789,512,474
138,geometric_skeleton,qa_rendered_geometric_centerline_record_v1.0,53,260.466,254.0,0.50971832,0.53699789,512,474
138,geometric_skeleton,qa_rendered_geometric_centerline_record_v1.0,54,263.624,254.0,0.5158985,0.53699789,512,474
138,geometric_skeleton,qa_rendered_geometric_centerline_record_v1.0,55,266.782,254.0,0.52207868,0.53699789,512,474
138,geometric_skeleton,qa_rendered_geometric_centerline_record_v1.0,56,269.94,254.0,0.52825885,0.53699789,512,474
138,geometric_skeleton,qa_rendered_geometric_centerline_record_v1.0,57,273.098,254.0,0.53443903,0.53699789,512,474
138,geometric_skeleton,qa_rendered_geometric_centerline_record_v1.0,58,276.256,254.0,0.54061921,0.53699789,512,474
138,geometric_skeleton,qa_rendered_geometric_centerline_record_v1.0,59,279.414,254.0,0.54679939,0.53699789,512,474
138,geometric_skeleton,qa_rendered_geometric_centerline_record_v1.0,60,282.158,255.0,0.55216897,0.53911205,512,474
138,geometric_skeleton,qa_rendered_geometric_centerline_record_v1.0,61,285.316,255.0,0.55834915,0.53911205,512,474
138,geometric_skeleton,qa_rendered_geometric_centerline_record_v1.0,62,288.06,256.0,0.56371873,0.54122622,512,474
138,geometric_skeleton,qa_rendered_geometric_centerline_record_v1.0,63,290.861,256.861,0.56920058,0.54304756,512,474
138,geometric_skeleton,qa_rendered_geometric_centerline_record_v1.0,64,293.68,257.68,0.57471698,0.54477881,512,474
138,geometric_skeleton,qa_rendered_geometric_centerline_record_v1.0,65,296.499,258.499,0.58023338,0.54651006,512,474
138,geometric_skeleton,qa_rendered_geometric_centerline_record_v1.0,66,299.318,259.318,0.58574978,0.5482413,512,474
138,geometric_skeleton,qa_rendered_geometric_centerline_record_v1.0,67,302.194,260.0,0.59137724,0.54968288,512,474
138,geometric_skeleton,qa_rendered_geometric_centerline_record_v1.0,68,305.249,260.249,0.59735575,0.55020886,512,474
138,geometric_skeleton,qa_rendered_geometric_centerline_record_v1.0,69,308.068,261.068,0.60287215,0.5519401,512,474
138,geometric_skeleton,qa_rendered_geometric_centerline_record_v1.0,70,310.84,262.0,0.60829659,0.55391121,512,474
138,geometric_skeleton,qa_rendered_geometric_centerline_record_v1.0,71,313.583,263.0,0.61366617,0.55602537,512,474
138,geometric_skeleton,qa_rendered_geometric_centerline_record_v1.0,72,316.327,264.0,0.61903575,0.55813953,512,474
138,geometric_skeleton,qa_rendered_geometric_centerline_record_v1.0,73,319.485,264.0,0.62521593,0.55813953,512,474
138,geometric_skeleton,qa_rendered_geometric_centerline_record_v1.0,74,322.229,265.0,0.63058551,0.5602537,512,474
138,geometric_skeleton,qa_rendered_geometric_centerline_record_v1.0,75,324.973,266.0,0.6359551,0.56236786,512,474
138,geometric_skeleton,qa_rendered_geometric_centerline_record_v1.0,76,327.717,267.0,0.64132468,0.56448203,512,474
138,geometric_skeleton,qa_rendered_geometric_centerline_record_v1.0,77,330.461,268.0,0.64669427,0.56659619,512,474
138,geometric_skeleton,qa_rendered_geometric_centerline_record_v1.0,78,333.619,268.0,0.65287444,0.56659619,512,474
138,geometric_skeleton,qa_rendered_geometric_centerline_record_v1.0,79,336.363,269.0,0.65824403,0.56871036,512,474
138,geometric_skeleton,qa_rendered_geometric_centerline_record_v1.0,80,339.521,269.0,0.6644242,0.56871036,512,474
138,geometric_skeleton,qa_rendered_geometric_centerline_record_v1.0,81,342.679,269.0,0.67060438,0.56871036,512,474
138,geometric_skeleton,qa_rendered_geometric_centerline_record_v1.0,82,345.837,269.0,0.67678456,0.56871036,512,474
138,geometric_skeleton,qa_rendered_geometric_centerline_record_v1.0,83,348.995,269.0,0.68296474,0.56871036,512,474
138,geometric_skeleton,qa_rendered_geometric_centerline_record_v1.0,84,352.153,269.0,0.68914491,0.56871036,512,474
138,geometric_skeleton,qa_rendered_geometric_centerline_record_v1.0,85,355.311,269.0,0.69532509,0.56871036,512,474
138,geometric_skeleton,qa_rendered_geometric_centerline_record_v1.0,86,358.469,269.0,0.70150527,0.56871036,512,474
138,geometric_skeleton,qa_rendered_geometric_centerline_record_v1.0,87,361.627,269.0,0.70768545,0.56871036,512,474
138,geometric_skeleton,qa_rendered_geometric_centerline_record_v1.0,88,364.262,270.262,0.71284231,0.57137933,512,474
138,geometric_skeleton,qa_rendered_geometric_centerline_record_v1.0,89,366.701,272.0,0.71761402,0.57505285,512,474
138,geometric_skeleton,qa_rendered_geometric_centerline_record_v1.0,90,369.445,273.0,0.7229836,0.57716702,512,474
138,geometric_skeleton,qa_rendered_geometric_centerline_record_v1.0,91,372.603,273.0,0.72916378,0.57716702,512,474
138,geometric_skeleton,qa_rendered_geometric_centerline_record_v1.0,92,375.761,273.0,0.73534396,0.57716702,512,474
138,geometric_skeleton,qa_rendered_geometric_centerline_record_v1.0,93,378.919,273.0,0.74152414,0.57716702,512,474
138,geometric_skeleton,qa_rendered_geometric_centerline_record_v1.0,94,382.077,273.0,0.74770431,0.57716702,512,474
138,geometric_skeleton,qa_rendered_geometric_centerline_record_v1.0,95,384.821,274.0,0.7530739,0.57928118,512,474
138,geometric_skeleton,qa_rendered_geometric_centerline_record_v1.0,96,387.979,274.0,0.75925408,0.57928118,512,474
138,geometric_skeleton,qa_rendered_geometric_centerline_record_v1.0,97,391.137,274.0,0.76543425,0.57928118,512,474
138,geometric_skeleton,qa_rendered_geometric_centerline_record_v1.0,98,394.295,274.0,0.77161443,0.57928118,512,474
138,geometric_skeleton,qa_rendered_geometric_centerline_record_v1.0,99,397.039,275.0,0.77698401,0.58139535,512,474
138,geometric_skeleton,qa_rendered_geometric_centerline_record_v1.0,100,400.197,275.0,0.78316419,0.58139535,512,474
138,geometric_skeleton,qa_rendered_geometric_centerline_record_v1.0,101,403.355,275.0,0.78934437,0.58139535,512,474
138,geometric_skeleton,qa_rendered_geometric_centerline_record_v1.0,102,406.513,275.0,0.79552455,0.58139535,512,474
138,geometric_skeleton,qa_rendered_geometric_centerline_record_v1.0,103,409.257,276.0,0.80089413,0.58350951,512,474
138,geometric_skeleton,qa_rendered_geometric_centerline_record_v1.0,104,412.415,276.0,0.80707431,0.58350951,512,474
138,geometric_skeleton,qa_rendered_geometric_centerline_record_v1.0,105,415.573,276.0,0.81325449,0.58350951,512,474
138,geometric_skeleton,qa_rendered_geometric_centerline_record_v1.0,106,418.731,276.0,0.81943466,0.58350951,512,474
138,geometric_skeleton,qa_rendered_geometric_centerline_record_v1.0,107,421.889,276.0,0.82561484,0.58350951,512,474
138,geometric_skeleton,qa_rendered_geometric_centerline_record_v1.0,108,425.033,276.033,0.83176793,0.58358016,512,474
138,geometric_skeleton,qa_rendered_geometric_centerline_record_v1.0,109,427.791,277.0,0.8371646,0.58562368,512,474
138,geometric_skeleton,qa_rendered_geometric_centerline_record_v1.0,110,430.949,277.0,0.84334478,0.58562368,512,474
138,geometric_skeleton,qa_rendered_geometric_centerline_record_v1.0,111,434.107,277.0,0.84952496,0.58562368,512,474
138,geometric_skeleton,qa_rendered_geometric_centerline_record_v1.0,112,437.265,277.0,0.85570513,0.58562368,512,474
138,geometric_skeleton,qa_rendered_geometric_centerline_record_v1.0,113,440.299,277.299,0.86164263,0.58625663,512,474
138,geometric_skeleton,qa_rendered_geometric_centerline_record_v1.0,114,443.167,278.0,0.8672549,0.58773784,512,474
138,geometric_skeleton,qa_rendered_geometric_centerline_record_v1.0,115,445.644,279.644,0.87210225,0.59121406,512,474
138,geometric_skeleton,qa_rendered_geometric_centerline_record_v1.0,116,447.877,281.877,0.8764723,0.59593519,512,474
138,geometric_skeleton,qa_rendered_geometric_centerline_record_v1.0,117,448.0,284.985,0.87671233,0.60250446,512,474
138,geometric_skeleton,qa_rendered_geometric_centerline_record_v1.0,118,447.192,287.808,0.87513112,0.60847357,512,474
138,geometric_skeleton,qa_rendered_geometric_centerline_record_v1.0,119,446.373,290.627,0.87352862,0.61443314,512,474
138,geometric_skeleton,qa_rendered_geometric_centerline_record_v1.0,120,446.0,293.63,0.87279843,0.62078308,512,474
138,geometric_skeleton,qa_rendered_geometric_centerline_record_v1.0,121,446.0,296.788,0.87279843,0.62745976,512,474
138,geometric_skeleton,qa_rendered_geometric_centerline_record_v1.0,122,446.0,299.947,0.87279843,0.63413644,512,474
138,geometric_skeleton,qa_rendered_geometric_centerline_record_v1.0,123,446.0,303.105,0.87279843,0.64081312,512,474
138,geometric_skeleton,qa_rendered_geometric_centerline_record_v1.0,124,446.0,306.263,0.87279843,0.64748981,512,474
138,geometric_skeleton,qa_rendered_geometric_centerline_record_v1.0,125,446.0,309.421,0.87279843,0.65416649,512,474
138,geometric_skeleton,qa_rendered_geometric_centerline_record_v1.0,126,446.0,312.579,0.87279843,0.66084317,512,474
138,geometric_skeleton,qa_rendered_geometric_centerline_record_v1.0,127,446.0,315.737,0.87279843,0.66751985,512,474
138,geometric_skeleton,qa_rendered_geometric_centerline_record_v1.0,128,446.496,318.745,0.87376993,0.67387876,512,474
138,geometric_skeleton,qa_rendered_geometric_centerline_record_v1.0,129,448.248,321.372,0.87719808,0.67943409,512,474
138,geometric_skeleton,qa_rendered_geometric_centerline_record_v1.0,130,450.0,324.0,0.88062622,0.68498943,512,474
139,geometric_skeleton,qa_rendered_geometric_centerline_record_v1.0,0,198.0,262.0,0.38747554,0.55391121,512,474
139,geometric_skeleton,qa_rendered_geometric_centerline_record_v1.0,1,201.144,262.0,0.39362913,0.55391121,512,474
139,geometric_skeleton,qa_rendered_geometric_centerline_record_v1.0,2,204.289,262.0,0.39978273,0.55391121,512,474
139,geometric_skeleton,qa_rendered_geometric_centerline_record_v1.0,3,206.721,260.279,0.40454152,0.55027332,512,474
139,geometric_skeleton,qa_rendered_geometric_centerline_record_v1.0,4,209.75,260.0,0.41046874,0.54968288,512,474
139,geometric_skeleton,qa_rendered_geometric_centerline_record_v1.0,5,212.894,260.0,0.41662233,0.54968288,512,474
139,geometric_skeleton,qa_rendered_geometric_centerline_record_v1.0,6,216.039,260.0,0.42277593,0.54968288,512,474
139,geometric_skeleton,qa_rendered_geometric_centerline_record_v1.0,7,219.183,260.0,0.42892953,0.54968288,512,474
139,geometric_skeleton,qa_rendered_geometric_centerline_record_v1.0,8,222.327,260.0,0.43508312,0.54968288,512,474
139,geometric_skeleton,qa_rendered_geometric_centerline_record_v1.0,9,225.472,260.0,0.44123672,0.54968288,512,474
139,geometric_skeleton,qa_rendered_geometric_centerline_record_v1.0,10,228.616,260.0,0.44739032,0.54968288,512,474
139,geometric_skeleton,qa_rendered_geometric_centerline_record_v1.0,11,231.761,260.0,0.45354391,0.54968288,512,474
139,geometric_skeleton,qa_rendered_geometric_centerline_record_v1.0,12,234.905,260.0,0.45969751,0.54968288,512,474
139,geometric_skeleton,qa_rendered_geometric_centerline_record_v1.0,13,238.05,260.0,0.46585111,0.54968288,512,474
139,geometric_skeleton,qa_rendered_geometric_centerline_record_v1.0,14,241.137,260.137,0.47189328,0.5499735,512,474
139,geometric_skeleton,qa_rendered_geometric_centerline_record_v1.0,15,243.925,261.0,0.47734771,0.55179704,512,474
139,geometric_skeleton,qa_rendered_geometric_centerline_record_v1.0,16,247.069,261.0,0.4835013,0.55179704,512,474
139,geometric_skeleton,qa_rendered_geometric_centerline_record_v1.0,17,250.151,261.151,0.48953244,0.55211644,512,474
139,geometric_skeleton,qa_rendered_geometric_centerline_record_v1.0,18,252.944,262.0,0.4949979,0.55391121,512,474
139,geometric_skeleton,qa_rendered_geometric_centerline_record_v1.0,19,256.088,262.0,0.5011515,0.55391121,512,474
139,geometric_skeleton,qa_rendered_geometric_centerline_record_v1.0,20,259.233,262.0,0.50730509,0.55391121,512,474
139,geometric_skeleton,qa_rendered_geometric_centerline_record_v1.0,21,262.377,262.0,0.51345869,0.55391121,512,474
139,geometric_skeleton,qa_rendered_geometric_centerline_record_v1.0,22,265.522,262.0,0.51961229,0.55391121,512,474
139,geometric_skeleton,qa_rendered_geometric_centerline_record_v1.0,23,268.471,262.471,0.52538394,0.55490738,512,474
139,geometric_skeleton,qa_rendered_geometric_centerline_record_v1.0,24,271.397,263.0,0.53110889,0.55602537,512,474
139,geometric_skeleton,qa_rendered_geometric_centerline_record_v1.0,25,274.541,263.0,0.53726248,0.55602537,512,474
139,geometric_skeleton,qa_rendered_geometric_centerline_record_v1.0,26,277.686,263.0,0.54341608,0.55602537,512,474
139,geometric_skeleton,qa_rendered_geometric_centerline_record_v1.0,27,280.83,263.0,0.54956968,0.55602537,512,474
139,geometric_skeleton,qa_rendered_geometric_centerline_record_v1.0,28,283.975,263.0,0.55572327,0.55602537,512,474
139,geometric_skeleton,qa_rendered_geometric_centerline_record_v1.0,29,287.119,263.0,0.56187687,0.55602537,512,474
139,geometric_skeleton,qa_rendered_geometric_centerline_record_v1.0,30,290.264,263.0,0.56803047,0.55602537,512,474
139,geometric_skeleton,qa_rendered_geometric_centerline_record_v1.0,31,293.408,263.0,0.57418406,0.55602537,512,474
139,geometric_skeleton,qa_rendered_geometric_centerline_record_v1.0,32,296.553,263.0,0.58033766,0.55602537,512,474
139,geometric_skeleton,qa_rendered_geometric_centerline_record_v1.0,33,299.697,263.0,0.58649126,0.55602537,512,474
139,geometric_skeleton,qa_rendered_geometric_centerline_record_v1.0,34,302.427,264.0,0.59183426,0.55813953,512,474
139,geometric_skeleton,qa_rendered_geometric_centerline_record_v1.0,35,305.572,264.0,0.59798786,0.55813953,512,474
139,geometric_skeleton,qa_rendered_geometric_centerline_record_v1.0,36,308.302,265.0,0.60333086,0.5602537,512,474
139,geometric_skeleton,qa_rendered_geometric_centerline_record_v1.0,37,311.032,266.0,0.60867386,0.56236786,512,474
139,geometric_skeleton,qa_rendered_geometric_centerline_record_v1.0,38,313.832,266.832,0.61415293,0.56412716,512,474
139,geometric_skeleton,qa_rendered_geometric_centerline_record_v1.0,39,316.641,267.641,0.61965053,0.5658381,512,474
139,geometric_skeleton,qa_rendered_geometric_centerline_record_v1.0,40,319.451,268.451,0.62514813,0.56754904,512,474
139,geometric_skeleton,qa_rendered_geometric_centerline_record_v1.0,41,322.368,269.0,0.63085647,0.56871036,512,474
139,geometric_skeleton,qa_rendered_geometric_centerline_record_v1.0,42,325.512,269.0,0.63701006,0.56871036,512,474
139,geometric_skeleton,qa_rendered_geometric_centerline_record_v1.0,43,328.464,269.464,0.64278729,0.56969198,512,474
139,geometric_skeleton,qa_rendered_geometric_centerline_record_v1.0,44,331.387,270.0,0.64850666,0.57082452,512,474
139,geometric_skeleton,qa_rendered_geometric_centerline_record_v1.0,45,334.531,270.0,0.65466026,0.57082452,512,474
139,geometric_skeleton,qa_rendered_geometric_centerline_record_v1.0,46,337.676,270.0,0.66081385,0.57082452,512,474
139,geometric_skeleton,qa_rendered_geometric_centerline_record_v1.0,47,340.82,270.0,0.66696745,0.57082452,512,474
139,geometric_skeleton,qa_rendered_geometric_centerline_record_v1.0,48,343.965,270.0,0.67312105,0.57082452,512,474
139,geometric_skeleton,qa_rendered_geometric_centerline_record_v1.0,49,347.109,270.0,0.67927464,0.57082452,512,474
139,geometric_skeleton,qa_rendered_geometric_centerline_record_v1.0,50,350.254,270.0,0.68542824,0.57082452,512,474
139,geometric_skeleton,qa_rendered_geometric_centerline_record_v1.0,51,353.398,270.0,0.69158184,0.57082452,512,474
139,geometric_skeleton,qa_rendered_geometric_centerline_record_v1.0,52,356.543,270.0,0.69773543,0.57082452,512,474
139,geometric_skeleton,qa_rendered_geometric_centerline_record_v1.0,53,359.687,270.0,0.70388903,0.57082452,512,474
139,geometric_skeleton,qa_rendered_geometric_centerline_record_v1.0,54,362.832,270.0,0.71004263,0.57082452,512,474
139,geometric_skeleton,qa_rendered_geometric_centerline_record_v1.0,55,365.976,270.0,0.71619622,0.57082452,512,474
139,geometric_skeleton,qa_rendered_geometric_centerline_record_v1.0,56,369.121,270.0,0.72234982,0.57082452,512,474
139,geometric_skeleton,qa_rendered_geometric_centerline_record_v1.0,57,372.265,270.0,0.72850342,0.57082452,512,474
139,geometric_skeleton,qa_rendered_geometric_centerline_record_v1.0,58,375.41,270.0,0.73465701,0.57082452,512,474
139,geometric_skeleton,qa_rendered_geometric_centerline_record_v1.0,59,378.554,270.0,0.74081061,0.57082452,512,474
139,geometric_skeleton,qa_rendered_geometric_centerline_record_v1.0,60,381.699,270.0,0.74696421,0.57082452,512,474
139,geometric_skeleton,qa_rendered_geometric_centerline_record_v1.0,61,384.843,270.0,0.7531178,0.57082452,512,474
139,geometric_skeleton,qa_rendered_geometric_centerline_record_v1.0,62,387.988,270.0,0.7592714,0.57082452,512,474
139,geometric_skeleton,qa_rendered_geometric_centerline_record_v1.0,63,391.132,270.0,0.765425,0.57082452,512,474
139,geometric_skeleton,qa_rendered_geometric_centerline_record_v1.0,64,394.277,270.0,0.77157859,0.57082452,512,474
139,geometric_skeleton,qa_rendered_geometric_centerline_record_v1.0,65,397.298,270.298,0.7774908,0.57145412,512,474
139,geometric_skeleton,qa_rendered_geometric_centerline_record_v1.0,66,400.151,271.0,0.78307519,0.57293869,512,474
139,geometric_skeleton,qa_rendered_geometric_centerline_record_v1.0,67,403.209,271.209,0.78905918,0.57338106,512,474
139,geometric_skeleton,qa_rendered_geometric_centerline_record_v1.0,68,406.026,272.0,0.79457179,0.57505285,512,474
139,geometric_skeleton,qa_rendered_geometric_centerline_record_v1.0,69,409.121,272.121,0.80062756,0.575308,512,474
139,geometric_skeleton,qa_rendered_geometric_centerline_record_v1.0,70,411.901,273.0,0.80606839,0.57716702,512,474
139,geometric_skeleton,qa_rendered_geometric_centerline_record_v1.0,71,415.045,273.0,0.81222199,0.57716702,512,474
139,geometric_skeleton,qa_rendered_geometric_centerline_record_v1.0,72,418.134,273.134,0.81826672,0.57745094,512,474
139,geometric_skeleton,qa_rendered_geometric_centerline_record_v1.0,73,420.92,274.0,0.82371859,0.57928118,512,474
139,geometric_skeleton,qa_rendered_geometric_centerline_record_v1.0,74,423.65,275.0,0.82906159,0.58139535,512,474
139,geometric_skeleton,qa_rendered_geometric_centerline_record_v1.0,75,426.381,276.0,0.83440459,0.58350951,512,474
139,geometric_skeleton,qa_rendered_geometric_centerline_record_v1.0,76,429.111,277.0,0.83974759,0.58562368,512,474
139,geometric_skeleton,qa_rendered_geometric_centerline_record_v1.0,77,431.841,278.0,0.8450906,0.58773784,512,474
139,geometric_skeleton,qa_rendered_geometric_centerline_record_v1.0,78,434.572,279.0,0.8504336,0.58985201,512,474
139,geometric_skeleton,qa_rendered_geometric_centerline_record_v1.0,79,437.302,280.0,0.8557766,0.59196617,512,474
139,geometric_skeleton,qa_rendered_geometric_centerline_record_v1.0,80,440.446,280.0,0.8619302,0.59196617,512,474
139,geometric_skeleton,qa_rendered_geometric_centerline_record_v1.0,81,443.177,281.0,0.8672732,0.59408034,512,474
139,geometric_skeleton,qa_rendered_geometric_centerline_record_v1.0,82,445.934,281.934,0.87266958,0.59605529,512,474
139,geometric_skeleton,qa_rendered_geometric_centerline_record_v1.0,83,449.051,282.0,0.8787698,0.5961945,512,474
139,geometric_skeleton,qa_rendered_geometric_centerline_record_v1.0,84,452.196,282.0,0.8849234,0.5961945,512,474
139,geometric_skeleton,qa_rendered_geometric_centerline_record_v1.0,85,454.948,282.948,0.89030874,0.59819824,512,474
139,geometric_skeleton,qa_rendered_geometric_centerline_record_v1.0,86,458.071,283.0,0.89642,0.59830867,512,474
139,geometric_skeleton,qa_rendered_geometric_centerline_record_v1.0,87,460.859,283.859,0.90187712,0.60012518,512,474
139,geometric_skeleton,qa_rendered_geometric_centerline_record_v1.0,88,463.945,284.0,0.9079166,0.60042283,512,474
139,geometric_skeleton,qa_rendered_geometric_centerline_record_v1.0,89,466.771,284.771,0.91344551,0.60205212,512,474
139,geometric_skeleton,qa_rendered_geometric_centerline_record_v1.0,90,469.82,285.0,0.91941319,0.602537,512,474
139,geometric_skeleton,qa_rendered_geometric_centerline_record_v1.0,91,472.682,285.682,0.92501389,0.60397906,512,474
139,geometric_skeleton,qa_rendered_geometric_centerline_record_v1.0,92,475.695,286.0,0.93090979,0.60465116,512,474
139,geometric_skeleton,qa_rendered_geometric_centerline_record_v1.0,93,478.594,286.594,0.93658227,0.605906,512,474
139,geometric_skeleton,qa_rendered_geometric_centerline_record_v1.0,94,481.403,287.403,0.94207987,0.60761695,512,474
139,geometric_skeleton,qa_rendered_geometric_centerline_record_v1.0,95,483.626,289.626,0.94643112,0.61231777,512,474
139,geometric_skeleton,qa_rendered_geometric_centerline_record_v1.0,96,486.143,291.143,0.95135555,0.61552365,512,474
139,geometric_skeleton,qa_rendered_geometric_centerline_record_v1.0,97,488.366,293.366,0.9557068,0.62022447,512,474
139,geometric_skeleton,qa_rendered_geometric_centerline_record_v1.0,98,490.59,295.59,0.96005805,0.62492529,512,474
139,geometric_skeleton,qa_rendered_geometric_centerline_record_v1.0,99,492.813,297.813,0.9644093,0.62962611,512,474
139,geometric_skeleton,qa_rendered_geometric_centerline_record_v1.0,100,495.037,300.037,0.96876055,0.63432694,512,474
139,geometric_skeleton,qa_rendered_geometric_centerline_record_v1.0,101,497.111,301.774,0.97281919,0.63800049,512,474
139,geometric_skeleton,qa_rendered_geometric_centerline_record_v1.0,102,497.555,304.887,0.97368944,0.64458164,512,474
139,geometric_skeleton,qa_rendered_geometric_centerline_record_v1.0,103,498.0,308.0,0.97455969,0.65116279,512,474
140,geometric_skeleton,qa_rendered_geometric_centerline_record_v1.0,0,88.0,198.0,0.17221135,0.41860465,512,474
140,geometric_skeleton,qa_rendered_geometric_centerline_record_v1.0,1,90.964,197.153,0.17801191,0.4168142,512,474
140,geometric_skeleton,qa_rendered_geometric_centerline_record_v1.0,2,93.928,196.306,0.18381246,0.41502376,512,474
140,geometric_skeleton,qa_rendered_geometric_centerline_record_v1.0,3,96.392,197.392,0.1886332,0.41731832,512,474
140,geometric_skeleton,qa_rendered_geometric_centerline_record_v1.0,4,98.808,199.0,0.19336208,0.42071882,512,474
140,geometric_skeleton,qa_rendered_geometric_centerline_record_v1.0,5,101.891,199.0,0.19939475,0.42071882,512,474
140,geometric_skeleton,qa_rendered_geometric_centerline_record_v1.0,6,104.973,199.0,0.20542742,0.42071882,512,474
140,geometric_skeleton,qa_rendered_geometric_centerline_record_v1.0,7,108.056,199.0,0.21146009,0.42071882,512,474
140,geometric_skeleton,qa_rendered_geometric_centerline_record_v1.0,8,110.805,199.805,0.21684003,0.42242126,512,474
140,geometric_skeleton,qa_rendered_geometric_centerline_record_v1.0,9,113.571,200.571,0.22225212,0.42403982,512,474
140,geometric_skeleton,qa_rendered_geometric_centerline_record_v1.0,10,116.476,201.0,0.22793691,0.42494715,512,474
140,geometric_skeleton,qa_rendered_geometric_centerline_record_v1.0,11,119.395,201.395,0.23364949,0.425782,512,474
140,geometric_skeleton,qa_rendered_geometric_centerline_record_v1.0,12,122.227,202.0,0.23919166,0.42706131,512,474
140,geometric_skeleton,qa_rendered_geometric_centerline_record_v1.0,13,125.219,202.219,0.24504685,0.42752419,512,474
140,geometric_skeleton,qa_rendered_geometric_centerline_record_v1.0,14,127.978,203.0,0.2504464,0.42917548,512,474
140,geometric_skeleton,qa_rendered_geometric_centerline_record_v1.0,15,131.061,203.0,0.25647907,0.42917548,512,474
140,geometric_skeleton,qa_rendered_geometric_centerline_record_v1.0,16,134.143,203.0,0.26251174,0.42917548,512,474
140,geometric_skeleton,qa_rendered_geometric_centerline_record_v1.0,17,137.226,203.0,0.26854441,0.42917548,512,474
140,geometric_skeleton,qa_rendered_geometric_centerline_record_v1.0,18,140.218,203.218,0.27440003,0.42963724,512,474
140,geometric_skeleton,qa_rendered_geometric_centerline_record_v1.0,19,142.977,204.0,0.27979915,0.43128964,512,474
140,geometric_skeleton,qa_rendered_geometric_centerline_record_v1.0,20,146.06,204.0,0.28583182,0.43128964,512,474
140,geometric_skeleton,qa_rendered_geometric_centerline_record_v1.0,21,149.101,204.101,0.29178267,0.43150305,512,474
140,geometric_skeleton,qa_rendered_geometric_centerline_record_v1.0,22,151.811,205.0,0.29708657,0.43340381,512,474
140,geometric_skeleton,qa_rendered_geometric_centerline_record_v1.0,23,154.894,205.0,0.30311924,0.43340381,512,474
140,geometric_skeleton,qa_rendered_geometric_centerline_record_v1.0,24,157.977,205.0,0.30915191,0.43340381,512,474
140,geometric_skeleton,qa_rendered_geometric_centerline_record_v1.0,25,161.059,205.0,0.31518458,0.43340381,512,474
140,geometric_skeleton,qa_rendered_geometric_centerline_record_v1.0,26,164.142,205.0,0.32121724,0.43340381,512,474
140,geometric_skeleton,qa_rendered_geometric_centerline_record_v1.0,27,167.225,205.0,0.32724991,0.43340381,512,474
140,geometric_skeleton,qa_rendered_geometric_centerline_record_v1.0,28,170.307,205.0,0.33328258,0.43340381,512,474
140,geometric_skeleton,qa_rendered_geometric_centerline_record_v1.0,29,173.276,205.276,0.33909166,0.43398697,512,474
140,geometric_skeleton,qa_rendered_geometric_centerline_record_v1.0,30,176.059,206.0,0.34453733,0.43551797,512,474
140,geometric_skeleton,qa_rendered_geometric_centerline_record_v1.0,31,179.141,206.0,0.35057,0.43551797,512,474
140,geometric_skeleton,qa_rendered_geometric_centerline_record_v1.0,32,182.158,206.158,0.3564743,0.43585278,512,474
140,geometric_skeleton,qa_rendered_geometric_centerline_record_v1.0,33,184.892,207.0,0.36182474,0.43763214,512,474
140,geometric_skeleton,qa_rendered_geometric_centerline_record_v1.0,34,187.975,207.0,0.36785741,0.43763214,512,474
140,geometric_skeleton,qa_rendered_geometric_centerline_record_v1.0,35,191.041,207.041,0.37385693,0.43771859,512,474
140,geometric_skeleton,qa_rendered_geometric_centerline_record_v1.0,36,193.726,208.0,0.37911216,0.4397463,512,474
140,geometric_skeleton,qa_rendered_geometric_centerline_record_v1.0,37,196.809,208.0,0.38514482,0.4397463,512,474
140,geometric_skeleton,qa_rendered_geometric_centerline_record_v1.0,38,199.892,208.0,0.39117749,0.4397463,512,474
140,geometric_skeleton,qa_rendered_geometric_centerline_record_v1.0,39,202.56,209.0,0.39639957,0.44186047,512,474
140,geometric_skeleton,qa_rendered_geometric_centerline_record_v1.0,40,205.229,210.0,0.40162164,0.44397463,512,474
140,geometric_skeleton,qa_rendered_geometric_centerline_record_v1.0,41,208.311,210.0,0.40765431,0.44397463,512,474
140,geometric_skeleton,qa_rendered_geometric_centerline_record_v1.0,42,210.98,211.0,0.41287639,0.44608879,512,474
140,geometric_skeleton,qa_rendered_geometric_centerline_record_v1.0,43,213.648,212.0,0.41809846,0.44820296,512,474
140,geometric_skeleton,qa_rendered_geometric_centerline_record_v1.0,44,216.731,212.0,0.42413113,0.44820296,512,474
140,geometric_skeleton,qa_rendered_geometric_centerline_record_v1.0,45,219.814,212.0,0.4301638,0.44820296,512,474
140,geometric_skeleton,qa_rendered_geometric_centerline_record_v1.0,46,222.482,213.0,0.43538588,0.45031712,512,474
140,geometric_skeleton,qa_rendered_geometric_centerline_record_v1.0,47,225.565,213.0,0.44141855,0.45031712,512,474
140,geometric_skeleton,qa_rendered_geometric_centerline_record_v1.0,48,228.233,214.0,0.44664062,0.45243129,512,474
140,geometric_skeleton,qa_rendered_geometric_centerline_record_v1.0,49,231.316,214.0,0.45267329,0.45243129,512,474
140,geometric_skeleton,qa_rendered_geometric_centerline_record_v1.0,50,234.399,214.0,0.45870596,0.45243129,512,474
140,geometric_skeleton,qa_rendered_geometric_centerline_record_v1.0,51,237.067,215.0,0.46392804,0.45454545,512,474
140,geometric_skeleton,qa_rendered_geometric_centerline_record_v1.0,52,240.15,215.0,0.46996071,0.45454545,512,474
140,geometric_skeleton,qa_rendered_geometric_centerline_record_v1.0,53,243.233,215.0,0.47599337,0.45454545,512,474
140,geometric_skeleton,qa_rendered_geometric_centerline_record_v1.0,54,246.315,215.0,0.48202604,0.45454545,512,474
140,geometric_skeleton,qa_rendered_geometric_centerline_record_v1.0,55,249.398,215.0,0.48805871,0.45454545,512,474
140,geometric_skeleton,qa_rendered_geometric_centerline_record_v1.0,56,252.481,215.0,0.49409138,0.45454545,512,474
140,geometric_skeleton,qa_rendered_geometric_centerline_record_v1.0,57,255.563,215.0,0.50012405,0.45454545,512,474
140,geometric_skeleton,qa_rendered_geometric_centerline_record_v1.0,58,258.646,215.0,0.50615672,0.45454545,512,474
140,geometric_skeleton,qa_rendered_geometric_centerline_record_v1.0,59,261.729,215.0,0.51218939,0.45454545,512,474
140,geometric_skeleton,qa_rendered_geometric_centerline_record_v1.0,60,264.811,215.0,0.51822206,0.45454545,512,474
140,geometric_skeleton,qa_rendered_geometric_centerline_record_v1.0,61,267.894,215.0,0.52425473,0.45454545,512,474
140,geometric_skeleton,qa_rendered_geometric_centerline_record_v1.0,62,270.977,215.0,0.5302874,0.45454545,512,474
140,geometric_skeleton,qa_rendered_geometric_centerline_record_v1.0,63,274.06,215.0,0.53632007,0.45454545,512,474
140,geometric_skeleton,qa_rendered_geometric_centerline_record_v1.0,64,277.142,215.0,0.54235274,0.45454545,512,474
140,geometric_skeleton,qa_rendered_geometric_centerline_record_v1.0,65,280.225,215.0,0.54838541,0.45454545,512,474
140,geometric_skeleton,qa_rendered_geometric_centerline_record_v1.0,66,283.308,215.0,0.55441808,0.45454545,512,474
140,geometric_skeleton,qa_rendered_geometric_centerline_record_v1.0,67,286.39,215.0,0.56045074,0.45454545,512,474
140,geometric_skeleton,qa_rendered_geometric_centerline_record_v1.0,68,289.473,215.0,0.56648341,0.45454545,512,474
140,geometric_skeleton,qa_rendered_geometric_centerline_record_v1.0,69,292.556,215.0,0.57251608,0.45454545,512,474
140,geometric_skeleton,qa_rendered_geometric_centerline_record_v1.0,70,295.638,215.0,0.57854875,0.45454545,512,474
140,geometric_skeleton,qa_rendered_geometric_centerline_record_v1.0,71,298.721,215.0,0.58458142,0.45454545,512,474
140,geometric_skeleton,qa_rendered_geometric_centerline_record_v1.0,72,301.804,215.0,0.59061409,0.45454545,512,474
140,geometric_skeleton,qa_rendered_geometric_centerline_record_v1.0,73,304.886,215.0,0.59664676,0.45454545,512,474
140,geometric_skeleton,qa_rendered_geometric_centerline_record_v1.0,74,307.969,215.0,0.60267943,0.45454545,512,474
140,geometric_skeleton,qa_rendered_geometric_centerline_record_v1.0,75,311.052,215.0,0.6087121,0.45454545,512,474
140,geometric_skeleton,qa_rendered_geometric_centerline_record_v1.0,76,314.135,215.0,0.61474477,0.45454545,512,474
140,geometric_skeleton,qa_rendered_geometric_centerline_record_v1.0,77,317.217,215.0,0.62077744,0.45454545,512,474
140,geometric_skeleton,qa_rendered_geometric_centerline_record_v1.0,78,320.3,215.0,0.62681011,0.45454545,512,474
140,geometric_skeleton,qa_rendered_geometric_centerline_record_v1.0,79,323.383,215.0,0.63284278,0.45454545,512,474
140,geometric_skeleton,qa_rendered_geometric_centerline_record_v1.0,80,326.465,215.0,0.63887544,0.45454545,512,474
140,geometric_skeleton,qa_rendered_geometric_centerline_record_v1.0,81,329.548,215.0,0.64490811,0.45454545,512,474
140,geometric_skeleton,qa_rendered_geometric_centerline_record_v1.0,82,332.631,215.0,0.65094078,0.45454545,512,474
140,geometric_skeleton,qa_rendered_geometric_centerline_record_v1.0,83,335.504,215.504,0.65656453,0.455612,512,474
140,geometric_skeleton,qa_rendered_geometric_centerline_record_v1.0,84,338.27,216.27,0.66197662,0.45723056,512,474
140,geometric_skeleton,qa_rendered_geometric_centerline_record_v1.0,85,341.036,217.036,0.66738872,0.45884912,512,474
140,geometric_skeleton,qa_rendered_geometric_centerline_record_v1.0,86,343.719,218.0,0.67263968,0.46088795,512,474
140,geometric_skeleton,qa_rendered_geometric_centerline_record_v1.0,87,346.802,218.0,0.67867235,0.46088795,512,474
140,geometric_skeleton,qa_rendered_geometric_centerline_record_v1.0,88,349.47,219.0,0.68389442,0.46300211,512,474
140,geometric_skeleton,qa_rendered_geometric_centerline_record_v1.0,89,352.139,220.0,0.6891165,0.46511628,512,474
140,geometric_skeleton,qa_rendered_geometric_centerline_record_v1.0,90,355.221,220.0,0.69514917,0.46511628,512,474
140,geometric_skeleton,qa_rendered_geometric_centerline_record_v1.0,91,358.304,220.0,0.70118184,0.46511628,512,474
140,geometric_skeleton,qa_rendered_geometric_centerline_record_v1.0,92,361.387,220.0,0.70721451,0.46511628,512,474
140,geometric_skeleton,qa_rendered_geometric_centerline_record_v1.0,93,364.469,220.0,0.71324718,0.46511628,512,474
140,geometric_skeleton,qa_rendered_geometric_centerline_record_v1.0,94,367.552,220.0,0.71927984,0.46511628,512,474
140,geometric_skeleton,qa_rendered_geometric_centerline_record_v1.0,95,370.635,220.0,0.72531251,0.46511628,512,474
140,geometric_skeleton,qa_rendered_geometric_centerline_record_v1.0,96,373.717,220.0,0.73134518,0.46511628,512,474
140,geometric_skeleton,qa_rendered_geometric_centerline_record_v1.0,97,376.8,220.0,0.73737785,0.46511628,512,474
140,geometric_skeleton,qa_rendered_geometric_centerline_record_v1.0,98,379.883,220.0,0.74341052,0.46511628,512,474
140,geometric_skeleton,qa_rendered_geometric_centerline_record_v1.0,99,382.965,220.0,0.74944319,0.46511628,512,474
140,geometric_skeleton,qa_rendered_geometric_centerline_record_v1.0,100,386.048,220.0,0.75547586,0.46511628,512,474
140,geometric_skeleton,qa_rendered_geometric_centerline_record_v1.0,101,388.8,220.8,0.76086035,0.46680685,512,474
140,geometric_skeleton,qa_rendered_geometric_centerline_record_v1.0,102,391.799,221.0,0.7667306,0.46723044,512,474
140,geometric_skeleton,qa_rendered_geometric_centerline_record_v1.0,103,394.882,221.0,0.77276327,0.46723044,512,474
140,geometric_skeleton,qa_rendered_geometric_centerline_record_v1.0,104,397.965,221.0,0.77879594,0.46723044,512,474
140,geometric_skeleton,qa_rendered_geometric_centerline_record_v1.0,105,401.047,221.0,0.78482861,0.46723044,512,474
140,geometric_skeleton,qa_rendered_geometric_centerline_record_v1.0,106,404.13,221.0,0.79086128,0.46723044,512,474
140,geometric_skeleton,qa_rendered_geometric_centerline_record_v1.0,107,407.213,221.0,0.79689395,0.46723044,512,474
140,geometric_skeleton,qa_rendered_geometric_centerline_record_v1.0,108,410.296,221.0,0.80292662,0.46723044,512,474
140,geometric_skeleton,qa_rendered_geometric_centerline_record_v1.0,109,413.378,221.0,0.80895929,0.46723044,512,474
140,geometric_skeleton,qa_rendered_geometric_centerline_record_v1.0,110,416.461,221.0,0.81499196,0.46723044,512,474
140,geometric_skeleton,qa_rendered_geometric_centerline_record_v1.0,111,419.544,221.0,0.82102463,0.46723044,512,474
140,geometric_skeleton,qa_rendered_geometric_centerline_record_v1.0,112,422.626,221.0,0.8270573,0.46723044,512,474
140,geometric_skeleton,qa_rendered_geometric_centerline_record_v1.0,113,425.501,220.499,0.8326836,0.46617057,512,474
140,geometric_skeleton,qa_rendered_geometric_centerline_record_v1.0,114,427.974,219.026,0.83752252,0.46305707,512,474
140,geometric_skeleton,qa_rendered_geometric_centerline_record_v1.0,115,430.154,216.846,0.84178826,0.45844862,512,474
140,geometric_skeleton,qa_rendered_geometric_centerline_record_v1.0,116,432.334,214.666,0.846054,0.45384018,512,474
140,geometric_skeleton,qa_rendered_geometric_centerline_record_v1.0,117,434.0,212.274,0.84931507,0.44878216,512,474
140,geometric_skeleton,qa_rendered_geometric_centerline_record_v1.0,118,434.0,209.191,0.84931507,0.44226483,512,474
140,geometric_skeleton,qa_rendered_geometric_centerline_record_v1.0,119,434.0,206.109,0.84931507,0.43574751,512,474
140,geometric_skeleton,qa_rendered_geometric_centerline_record_v1.0,120,435.396,203.604,0.8520468,0.43045261,512,474
140,geometric_skeleton,qa_rendered_geometric_centerline_record_v1.0,121,436.161,200.839,0.853545,0.42460572,512,474
140,geometric_skeleton,qa_rendered_geometric_centerline_record_v1.0,122,437.235,198.118,0.85564634,0.41885365,512,474
140,geometric_skeleton,qa_rendered_geometric_centerline_record_v1.0,123,437.618,195.059,0.8563946,0.41238666,512,474
140,geometric_skeleton,qa_rendered_geometric_centerline_record_v1.0,124,438.0,192.0,0.85714286,0.40591966,512,474
141,geometric_skeleton,qa_rendered_geometric_centerline_record_v1.0,0,166.0,294.0,0.32485323,0.62156448,512,474
141,geometric_skeleton,qa_rendered_geometric_centerline_record_v1.0,1,168.951,294.843,0.3306288,0.62334721,512,474
141,geometric_skeleton,qa_rendered_geometric_centerline_record_v1.0,2,171.903,295.686,0.33640436,0.62512995,512,474
141,geometric_skeleton,qa_rendered_geometric_centerline_record_v1.0,3,174.363,294.637,0.34121995,0.62291037,512,474
141,geometric_skeleton,qa_rendered_geometric_centerline_record_v1.0,4,176.755,293.0,0.3459,0.61945032,512,474
141,geometric_skeleton,qa_rendered_geometric_centerline_record_v1.0,5,179.824,293.0,0.35190668,0.61945032,512,474
141,geometric_skeleton,qa_rendered_geometric_centerline_record_v1.0,6,182.894,293.0,0.35791336,0.61945032,512,474
141,geometric_skeleton,qa_rendered_geometric_centerline_record_v1.0,7,185.963,293.0,0.36392004,0.61945032,512,474
141,geometric_skeleton,qa_rendered_geometric_centerline_record_v1.0,8,189.033,293.0,0.36992672,0.61945032,512,474
141,geometric_skeleton,qa_rendered_geometric_centerline_record_v1.0,9,192.102,293.0,0.3759334,0.61945032,512,474
141,geometric_skeleton,qa_rendered_geometric_centerline_record_v1.0,10,195.171,293.0,0.38194008,0.61945032,512,474
141,geometric_skeleton,qa_rendered_geometric_centerline_record_v1.0,11,198.241,293.0,0.38794676,0.61945032,512,474
141,geometric_skeleton,qa_rendered_geometric_centerline_record_v1.0,12,201.31,293.0,0.39395344,0.61945032,512,474
141,geometric_skeleton,qa_rendered_geometric_centerline_record_v1.0,13,204.38,293.0,0.39996012,0.61945032,512,474
141,geometric_skeleton,qa_rendered_geometric_centerline_record_v1.0,14,207.449,293.0,0.4059668,0.61945032,512,474
141,geometric_skeleton,qa_rendered_geometric_centerline_record_v1.0,15,210.518,293.0,0.41197348,0.61945032,512,474
141,geometric_skeleton,qa_rendered_geometric_centerline_record_v1.0,16,213.588,293.0,0.41798016,0.61945032,512,474
141,geometric_skeleton,qa_rendered_geometric_centerline_record_v1.0,17,216.657,293.0,0.42398684,0.61945032,512,474
141,geometric_skeleton,qa_rendered_geometric_centerline_record_v1.0,18,219.312,294.0,0.42918292,0.62156448,512,474
141,geometric_skeleton,qa_rendered_geometric_centerline_record_v1.0,19,222.382,294.0,0.4351896,0.62156448,512,474
141,geometric_skeleton,qa_rendered_geometric_centerline_record_v1.0,20,225.037,295.0,0.44038569,0.62367865,512,474
141,geometric_skeleton,qa_rendered_geometric_centerline_record_v1.0,21,227.782,295.782,0.44575815,0.6253328,512,474
141,geometric_skeleton,qa_rendered_geometric_centerline_record_v1.0,22,230.762,296.0,0.45158845,0.62579281,512,474
141,geometric_skeleton,qa_rendered_geometric_centerline_record_v1.0,23,233.831,296.0,0.45759513,0.62579281,512,474
141,geometric_skeleton,qa_rendered_geometric_centerline_record_v1.0,24,236.901,296.0,0.46360181,0.62579281,512,474
141,geometric_skeleton,qa_rendered_geometric_centerline_record_v1.0,25,239.97,296.0,0.46960849,0.62579281,512,474
141,geometric_skeleton,qa_rendered_geometric_centerline_record_v1.0,26,243.039,296.0,0.47561517,0.62579281,512,474
141,geometric_skeleton,qa_rendered_geometric_centerline_record_v1.0,27,245.784,296.784,0.48098633,0.62745035,512,474
141,geometric_skeleton,qa_rendered_geometric_centerline_record_v1.0,28,248.764,297.0,0.48681793,0.62790698,512,474
141,geometric_skeleton,qa_rendered_geometric_centerline_record_v1.0,29,251.833,297.0,0.49282461,0.62790698,512,474
141,geometric_skeleton,qa_rendered_geometric_centerline_record_v1.0,30,254.903,297.0,0.49883129,0.62790698,512,474
141,geometric_skeleton,qa_rendered_geometric_centerline_record_v1.0,31,257.972,297.0,0.50483797,0.62790698,512,474
141,geometric_skeleton,qa_rendered_geometric_centerline_record_v1.0,32,261.042,297.0,0.51084465,0.62790698,512,474
141,geometric_skeleton,qa_rendered_geometric_centerline_record_v1.0,33,264.111,297.0,0.51685133,0.62790698,512,474
141,geometric_skeleton,qa_rendered_geometric_centerline_record_v1.0,34,267.18,297.0,0.52285801,0.62790698,512,474
141,geometric_skeleton,qa_rendered_geometric_centerline_record_v1.0,35,270.25,297.0,0.52886469,0.62790698,512,474
141,geometric_skeleton,qa_rendered_geometric_centerline_record_v1.0,36,273.319,297.0,0.53487137,0.62790698,512,474
141,geometric_skeleton,qa_rendered_geometric_centerline_record_v1.0,37,276.389,297.0,0.54087805,0.62790698,512,474
141,geometric_skeleton,qa_rendered_geometric_centerline_record_v1.0,38,279.458,297.0,0.54688473,0.62790698,512,474
141,geometric_skeleton,qa_rendered_geometric_centerline_record_v1.0,39,282.528,297.0,0.55289141,0.62790698,512,474
141,geometric_skeleton,qa_rendered_geometric_centerline_record_v1.0,40,285.597,297.0,0.55889809,0.62790698,512,474
141,geometric_skeleton,qa_rendered_geometric_centerline_record_v1.0,41,288.666,297.0,0.56490477,0.62790698,512,474
141,geometric_skeleton,qa_rendered_geometric_centerline_record_v1.0,42,291.736,297.0,0.57091145,0.62790698,512,474
141,geometric_skeleton,qa_rendered_geometric_centerline_record_v1.0,43,294.805,297.0,0.57691812,0.62790698,512,474
141,geometric_skeleton,qa_rendered_geometric_centerline_record_v1.0,44,297.875,297.0,0.5829248,0.62790698,512,474
141,geometric_skeleton,qa_rendered_geometric_centerline_record_v1.0,45,300.944,297.0,0.58893148,0.62790698,512,474
141,geometric_skeleton,qa_rendered_geometric_centerline_record_v1.0,46,304.013,297.0,0.59493816,0.62790698,512,474
141,geometric_skeleton,qa_rendered_geometric_centerline_record_v1.0,47,307.083,297.0,0.60094484,0.62790698,512,474
141,geometric_skeleton,qa_rendered_geometric_centerline_record_v1.0,48,310.152,297.0,0.60695152,0.62790698,512,474
141,geometric_skeleton,qa_rendered_geometric_centerline_record_v1.0,49,313.222,297.0,0.6129582,0.62790698,512,474
141,geometric_skeleton,qa_rendered_geometric_centerline_record_v1.0,50,316.291,297.0,0.61896488,0.62790698,512,474
141,geometric_skeleton,qa_rendered_geometric_centerline_record_v1.0,51,319.36,297.0,0.62497156,0.62790698,512,474
141,geometric_skeleton,qa_rendered_geometric_centerline_record_v1.0,52,322.43,297.0,0.63097824,0.62790698,512,474
141,geometric_skeleton,qa_rendered_geometric_centerline_record_v1.0,53,325.499,297.0,0.63698492,0.62790698,512,474
141,geometric_skeleton,qa_rendered_geometric_centerline_record_v1.0,54,328.569,297.0,0.6429916,0.62790698,512,474
141,geometric_skeleton,qa_rendered_geometric_centerline_record_v1.0,55,331.638,297.0,0.64899828,0.62790698,512,474
141,geometric_skeleton,qa_rendered_geometric_centerline_record_v1.0,56,334.708,297.0,0.65500496,0.62790698,512,474
141,geometric_skeleton,qa_rendered_geometric_centerline_record_v1.0,57,337.777,297.0,0.66101164,0.62790698,512,474
141,geometric_skeleton,qa_rendered_geometric_centerline_record_v1.0,58,340.846,297.0,0.66701832,0.62790698,512,474
141,geometric_skeleton,qa_rendered_geometric_centerline_record_v1.0,59,343.916,297.0,0.67302499,0.62790698,512,474
141,geometric_skeleton,qa_rendered_geometric_centerline_record_v1.0,60,346.985,297.0,0.67903167,0.62790698,512,474
141,geometric_skeleton,qa_rendered_geometric_centerline_record_v1.0,61,350.055,297.0,0.68503835,0.62790698,512,474
141,geometric_skeleton,qa_rendered_geometric_centerline_record_v1.0,62,353.124,297.0,0.69104503,0.62790698,512,474
141,geometric_skeleton,qa_rendered_geometric_centerline_record_v1.0,63,356.193,297.0,0.69705171,0.62790698,512,474
141,geometric_skeleton,qa_rendered_geometric_centerline_record_v1.0,64,359.263,297.0,0.70305839,0.62790698,512,474
141,geometric_skeleton,qa_rendered_geometric_centerline_record_v1.0,65,362.332,297.0,0.70906507,0.62790698,512,474
141,geometric_skeleton,qa_rendered_geometric_centerline_record_v1.0,66,365.402,297.0,0.71507175,0.62790698,512,474
141,geometric_skeleton,qa_rendered_geometric_centerline_record_v1.0,67,368.057,298.0,0.72026784,0.63002114,512,474
141,geometric_skeleton,qa_rendered_geometric_centerline_record_v1.0,68,371.089,298.089,0.72620214,0.63020992,512,474
141,geometric_skeleton,qa_rendered_geometric_centerline_record_v1.0,69,373.781,299.0,0.7314706,0.63213531,512,474
141,geometric_skeleton,qa_rendered_geometric_centerline_record_v1.0,70,376.851,299.0,0.73747728,0.63213531,512,474
141,geometric_skeleton,qa_rendered_geometric_centerline_record_v1.0,71,379.92,299.0,0.74348396,0.63213531,512,474
141,geometric_skeleton,qa_rendered_geometric_centerline_record_v1.0,72,382.99,299.0,0.74949064,0.63213531,512,474
141,geometric_skeleton,qa_rendered_geometric_centerline_record_v1.0,73,385.645,300.0,0.75468672,0.63424947,512,474
141,geometric_skeleton,qa_rendered_geometric_centerline_record_v1.0,74,388.714,300.0,0.7606934,0.63424947,512,474
141,geometric_skeleton,qa_rendered_geometric_centerline_record_v1.0,75,391.784,300.0,0.76670008,0.63424947,512,474
141,geometric_skeleton,qa_rendered_geometric_centerline_record_v1.0,76,394.853,300.0,0.77270676,0.63424947,512,474
141,geometric_skeleton,qa_rendered_geometric_centerline_record_v1.0,77,397.923,300.0,0.77871344,0.63424947,512,474
141,geometric_skeleton,qa_rendered_geometric_centerline_record_v1.0,78,400.578,301.0,0.78390953,0.63636364,512,474
141,geometric_skeleton,qa_rendered_geometric_centerline_record_v1.0,79,403.647,301.0,0.78991621,0.63636364,512,474
141,geometric_skeleton,qa_rendered_geometric_centerline_record_v1.0,80,406.717,301.0,0.79592289,0.63636364,512,474
141,geometric_skeleton,qa_rendered_geometric_centerline_record_v1.0,81,409.786,301.0,0.80192957,0.63636364,512,474
141,geometric_skeleton,qa_rendered_geometric_centerline_record_v1.0,82,412.855,301.0,0.80793624,0.63636364,512,474
141,geometric_skeleton,qa_rendered_geometric_centerline_record_v1.0,83,415.925,301.0,0.81394292,0.63636364,512,474
141,geometric_skeleton,qa_rendered_geometric_centerline_record_v1.0,84,418.994,301.0,0.8199496,0.63636364,512,474
141,geometric_skeleton,qa_rendered_geometric_centerline_record_v1.0,85,422.064,301.0,0.82595628,0.63636364,512,474
141,geometric_skeleton,qa_rendered_geometric_centerline_record_v1.0,86,425.133,301.0,0.83196296,0.63636364,512,474
141,geometric_skeleton,qa_rendered_geometric_centerline_record_v1.0,87,428.202,301.0,0.83796964,0.63636364,512,474
141,geometric_skeleton,qa_rendered_geometric_centerline_record_v1.0,88,431.272,301.0,0.84397632,0.63636364,512,474
141,geometric_skeleton,qa_rendered_geometric_centerline_record_v1.0,89,434.341,301.0,0.849983,0.63636364,512,474
141,geometric_skeleton,qa_rendered_geometric_centerline_record_v1.0,90,437.411,301.0,0.85598968,0.63636364,512,474
141,geometric_skeleton,qa_rendered_geometric_centerline_record_v1.0,91,440.48,301.0,0.86199636,0.63636364,512,474
141,geometric_skeleton,qa_rendered_geometric_centerline_record_v1.0,92,443.55,301.0,0.86800304,0.63636364,512,474
141,geometric_skeleton,qa_rendered_geometric_centerline_record_v1.0,93,446.619,301.0,0.87400972,0.63636364,512,474
141,geometric_skeleton,qa_rendered_geometric_centerline_record_v1.0,94,449.688,301.0,0.8800164,0.63636364,512,474
141,geometric_skeleton,qa_rendered_geometric_centerline_record_v1.0,95,452.758,301.0,0.88602308,0.63636364,512,474
141,geometric_skeleton,qa_rendered_geometric_centerline_record_v1.0,96,455.827,301.0,0.89202976,0.63636364,512,474
141,geometric_skeleton,qa_rendered_geometric_centerline_record_v1.0,97,458.897,301.0,0.89803644,0.63636364,512,474
141,geometric_skeleton,qa_rendered_geometric_centerline_record_v1.0,98,461.966,301.0,0.90404312,0.63636364,512,474
141,geometric_skeleton,qa_rendered_geometric_centerline_record_v1.0,99,464.732,301.732,0.9094563,0.63791156,512,474
141,geometric_skeleton,qa_rendered_geometric_centerline_record_v1.0,100,467.488,302.488,0.91485002,0.63951027,512,474
141,geometric_skeleton,qa_rendered_geometric_centerline_record_v1.0,101,469.952,303.952,0.91967056,0.64260392,512,474
141,geometric_skeleton,qa_rendered_geometric_centerline_record_v1.0,102,472.415,305.415,0.9244911,0.64569757,512,474
141,geometric_skeleton,qa_rendered_geometric_centerline_record_v1.0,103,474.585,307.585,0.92873846,0.65028616,512,474
141,geometric_skeleton,qa_rendered_geometric_centerline_record_v1.0,104,476.756,309.756,0.93298583,0.65487475,512,474
141,geometric_skeleton,qa_rendered_geometric_centerline_record_v1.0,105,478.926,311.926,0.93723319,0.65946334,512,474
141,geometric_skeleton,qa_rendered_geometric_centerline_record_v1.0,106,480.389,314.389,0.94009678,0.66467116,512,474
141,geometric_skeleton,qa_rendered_geometric_centerline_record_v1.0,107,482.0,316.792,0.94324853,0.66975002,512,474
141,geometric_skeleton,qa_rendered_geometric_centerline_record_v1.0,108,482.0,319.861,0.94324853,0.67623927,512,474
141,geometric_skeleton,qa_rendered_geometric_centerline_record_v1.0,109,482.0,322.931,0.94324853,0.68272851,512,474
141,geometric_skeleton,qa_rendered_geometric_centerline_record_v1.0,110,482.0,326.0,0.94324853,0.68921776,512,474
142,geometric_skeleton,qa_rendered_geometric_centerline_record_v1.0,0,194.0,234.0,0.37964775,0.49471459,512,474
142,geometric_skeleton,qa_rendered_geometric_centerline_record_v1.0,1,196.745,232.431,0.38502026,0.49139794,512,474
142,geometric_skeleton,qa_rendered_geometric_centerline_record_v1.0,2,199.491,230.862,0.39039277,0.4880813,512,474
142,geometric_skeleton,qa_rendered_geometric_centerline_record_v1.0,3,202.424,230.0,0.39613235,0.48625793,512,474
142,geometric_skeleton,qa_rendered_geometric_centerline_record_v1.0,4,205.586,230.0,0.40232014,0.48625793,512,474
142,geometric_skeleton,qa_rendered_geometric_centerline_record_v1.0,5,208.748,230.0,0.40850794,0.48625793,512,474
142,geometric_skeleton,qa_rendered_geometric_centerline_record_v1.0,6,211.91,230.0,0.41469573,0.48625793,512,474
142,geometric_skeleton,qa_rendered_geometric_centerline_record_v1.0,7,214.758,230.758,0.42026938,0.48785973,512,474
142,geometric_skeleton,qa_rendered_geometric_centerline_record_v1.0,8,217.579,231.579,0.42579116,0.48959679,512,474
142,geometric_skeleton,qa_rendered_geometric_centerline_record_v1.0,9,220.401,232.401,0.43131294,0.49133386,512,474
142,geometric_skeleton,qa_rendered_geometric_centerline_record_v1.0,10,223.223,233.223,0.43683473,0.49307092,512,474
142,geometric_skeleton,qa_rendered_geometric_centerline_record_v1.0,11,226.062,234.0,0.44239232,0.49471459,512,474
142,geometric_skeleton,qa_rendered_geometric_centerline_record_v1.0,12,229.159,234.159,0.44845147,0.49505011,512,474
142,geometric_skeleton,qa_rendered_geometric_centerline_record_v1.0,13,231.972,235.0,0.45395732,0.49682875,512,474
142,geometric_skeleton,qa_rendered_geometric_centerline_record_v1.0,14,235.095,235.095,0.46006822,0.4970293,512,474
142,geometric_skeleton,qa_rendered_geometric_centerline_record_v1.0,15,237.882,236.0,0.46552231,0.49894292,512,474
142,geometric_skeleton,qa_rendered_geometric_centerline_record_v1.0,16,241.044,236.0,0.4717101,0.49894292,512,474
142,geometric_skeleton,qa_rendered_geometric_centerline_record_v1.0,17,244.146,236.146,0.47777992,0.49925061,512,474
142,geometric_skeleton,qa_rendered_geometric_centerline_record_v1.0,18,246.954,237.0,0.4832751,0.50105708,512,474
142,geometric_skeleton,qa_rendered_geometric_centerline_record_v1.0,19,250.116,237.0,0.48946289,0.50105708,512,474
142,geometric_skeleton,qa_rendered_geometric_centerline_record_v1.0,20,252.903,237.903,0.49491845,0.50296687,512,474
142,geometric_skeleton,qa_rendered_geometric_centerline_record_v1.0,21,256.018,238.018,0.50101341,0.50320899,512,474
142,geometric_skeleton,qa_rendered_geometric_centerline_record_v1.0,22,258.773,239.0,0.50640508,0.50528541,512,474
142,geometric_skeleton,qa_rendered_geometric_centerline_record_v1.0,23,261.935,239.0,0.51259288,0.50528541,512,474
142,geometric_skeleton,qa_rendered_geometric_centerline_record_v1.0,24,265.097,239.0,0.51878067,0.50528541,512,474
142,geometric_skeleton,qa_rendered_geometric_centerline_record_v1.0,25,268.183,239.183,0.52482008,0.50567243,512,474
142,geometric_skeleton,qa_rendered_geometric_centerline_record_v1.0,26,271.007,240.0,0.53034566,0.50739958,512,474
142,geometric_skeleton,qa_rendered_geometric_centerline_record_v1.0,27,274.169,240.0,0.53653346,0.50739958,512,474
142,geometric_skeleton,qa_rendered_geometric_centerline_record_v1.0,28,277.331,240.0,0.54272125,0.50739958,512,474
142,geometric_skeleton,qa_rendered_geometric_centerline_record_v1.0,29,280.348,240.348,0.54862674,0.50813587,512,474
142,geometric_skeleton,qa_rendered_geometric_centerline_record_v1.0,30,283.24,241.0,0.55428625,0.50951374,512,474
142,geometric_skeleton,qa_rendered_geometric_centerline_record_v1.0,31,286.402,241.0,0.56047404,0.50951374,512,474
142,geometric_skeleton,qa_rendered_geometric_centerline_record_v1.0,32,289.564,241.0,0.56666183,0.50951374,512,474
142,geometric_skeleton,qa_rendered_geometric_centerline_record_v1.0,33,292.726,241.0,0.57284963,0.50951374,512,474
142,geometric_skeleton,qa_rendered_geometric_centerline_record_v1.0,34,295.628,241.628,0.57852837,0.51084143,512,474
142,geometric_skeleton,qa_rendered_geometric_centerline_record_v1.0,35,298.636,242.0,0.58441462,0.51162791,512,474
142,geometric_skeleton,qa_rendered_geometric_centerline_record_v1.0,36,301.564,242.564,0.59014511,0.51282062,512,474
142,geometric_skeleton,qa_rendered_geometric_centerline_record_v1.0,37,304.546,243.0,0.59597961,0.51374207,512,474
142,geometric_skeleton,qa_rendered_geometric_centerline_record_v1.0,38,307.5,243.5,0.60176186,0.51479981,512,474
142,geometric_skeleton,qa_rendered_geometric_centerline_record_v1.0,39,310.455,244.0,0.60754461,0.51585624,512,474
142,geometric_skeleton,qa_rendered_geometric_centerline_record_v1.0,40,313.436,244.436,0.6133786,0.516779,512,474
142,geometric_skeleton,qa_rendered_geometric_centerline_record_v1.0,41,316.365,245.0,0.6191096,0.5179704,512,474
142,geometric_skeleton,qa_rendered_geometric_centerline_record_v1.0,42,319.527,245.0,0.6252974,0.5179704,512,474
142,geometric_skeleton,qa_rendered_geometric_centerline_record_v1.0,43,322.689,245.0,0.63148519,0.5179704,512,474
142,geometric_skeleton,qa_rendered_geometric_centerline_record_v1.0,44,325.851,245.0,0.63767298,0.5179704,512,474
142,geometric_skeleton,qa_rendered_geometric_centerline_record_v1.0,45,329.013,245.0,0.64386078,0.5179704,512,474
142,geometric_skeleton,qa_rendered_geometric_centerline_record_v1.0,46,332.175,245.0,0.65004857,0.5179704,512,474
142,geometric_skeleton,qa_rendered_geometric_centerline_record_v1.0,47,335.337,245.0,0.65623636,0.5179704,512,474
142,geometric_skeleton,qa_rendered_geometric_centerline_record_v1.0,48,338.499,245.0,0.66242416,0.5179704,512,474
142,geometric_skeleton,qa_rendered_geometric_centerline_record_v1.0,49,341.661,245.0,0.66861195,0.5179704,512,474
142,geometric_skeleton,qa_rendered_geometric_centerline_record_v1.0,50,344.823,245.0,0.67479975,0.5179704,512,474
142,geometric_skeleton,qa_rendered_geometric_centerline_record_v1.0,51,347.985,245.0,0.68098754,0.5179704,512,474
142,geometric_skeleton,qa_rendered_geometric_centerline_record_v1.0,52,351.147,245.0,0.68717533,0.5179704,512,474
142,geometric_skeleton,qa_rendered_geometric_centerline_record_v1.0,53,354.309,245.0,0.69336313,0.5179704,512,474
142,geometric_skeleton,qa_rendered_geometric_centerline_record_v1.0,54,357.471,245.0,0.69955092,0.5179704,512,474
142,geometric_skeleton,qa_rendered_geometric_centerline_record_v1.0,55,360.632,245.0,0.70573871,0.5179704,512,474
142,geometric_skeleton,qa_rendered_geometric_centerline_record_v1.0,56,363.794,245.0,0.71192651,0.5179704,512,474
142,geometric_skeleton,qa_rendered_geometric_centerline_record_v1.0,57,366.956,245.0,0.7181143,0.5179704,512,474
142,geometric_skeleton,qa_rendered_geometric_centerline_record_v1.0,58,370.118,245.0,0.7243021,0.5179704,512,474
142,geometric_skeleton,qa_rendered_geometric_centerline_record_v1.0,59,373.28,245.0,0.73048989,0.5179704,512,474
142,geometric_skeleton,qa_rendered_geometric_centerline_record_v1.0,60,376.442,245.0,0.73667768,0.5179704,512,474
142,geometric_skeleton,qa_rendered_geometric_centerline_record_v1.0,61,378.841,246.841,0.74137278,0.52186361,512,474
142,geometric_skeleton,qa_rendered_geometric_centerline_record_v1.0,62,381.524,248.0,0.74662149,0.5243129,512,474
142,geometric_skeleton,qa_rendered_geometric_centerline_record_v1.0,63,384.271,249.0,0.75199869,0.52642706,512,474
142,geometric_skeleton,qa_rendered_geometric_centerline_record_v1.0,64,387.433,249.0,0.75818648,0.52642706,512,474
142,geometric_skeleton,qa_rendered_geometric_centerline_record_v1.0,65,390.595,249.0,0.76437428,0.52642706,512,474
142,geometric_skeleton,qa_rendered_geometric_centerline_record_v1.0,66,393.757,249.0,0.77056207,0.52642706,512,474
142,geometric_skeleton,qa_rendered_geometric_centerline_record_v1.0,67,396.919,249.0,0.77674986,0.52642706,512,474
142,geometric_skeleton,qa_rendered_geometric_centerline_record_v1.0,68,400.081,249.0,0.78293766,0.52642706,512,474
142,geometric_skeleton,qa_rendered_geometric_centerline_record_v1.0,69,403.172,248.828,0.78898611,0.52606363,512,474
142,geometric_skeleton,qa_rendered_geometric_centerline_record_v1.0,70,405.991,248.0,0.79450265,0.5243129,512,474
142,geometric_skeleton,qa_rendered_geometric_centerline_record_v1.0,71,409.153,248.0,0.80069044,0.5243129,512,474
142,geometric_skeleton,qa_rendered_geometric_centerline_record_v1.0,72,412.223,247.777,0.80669781,0.52384232,512,474
142,geometric_skeleton,qa_rendered_geometric_centerline_record_v1.0,73,415.063,247.0,0.81225544,0.52219873,512,474
142,geometric_skeleton,qa_rendered_geometric_centerline_record_v1.0,74,418.159,246.841,0.81831456,0.52186313,512,474
142,geometric_skeleton,qa_rendered_geometric_centerline_record_v1.0,75,420.972,246.0,0.82382043,0.52008457,512,474
142,geometric_skeleton,qa_rendered_geometric_centerline_record_v1.0,76,424.134,246.0,0.83000823,0.52008457,512,474
142,geometric_skeleton,qa_rendered_geometric_centerline_record_v1.0,77,427.296,246.0,0.83619602,0.52008457,512,474
142,geometric_skeleton,qa_rendered_geometric_centerline_record_v1.0,78,430.458,246.0,0.84238381,0.52008457,512,474
142,geometric_skeleton,qa_rendered_geometric_centerline_record_v1.0,79,433.62,246.0,0.84857161,0.52008457,512,474
142,geometric_skeleton,qa_rendered_geometric_centerline_record_v1.0,80,436.782,246.0,0.8547594,0.52008457,512,474
142,geometric_skeleton,qa_rendered_geometric_centerline_record_v1.0,81,439.944,246.0,0.86094719,0.52008457,512,474
142,geometric_skeleton,qa_rendered_geometric_centerline_record_v1.0,82,443.106,246.0,0.86713499,0.52008457,512,474
142,geometric_skeleton,qa_rendered_geometric_centerline_record_v1.0,83,446.268,246.0,0.87332278,0.52008457,512,474
142,geometric_skeleton,qa_rendered_geometric_centerline_record_v1.0,84,449.43,246.0,0.87951058,0.52008457,512,474
142,geometric_skeleton,qa_rendered_geometric_centerline_record_v1.0,85,452.592,246.0,0.88569837,0.52008457,512,474
142,geometric_skeleton,qa_rendered_geometric_centerline_record_v1.0,86,455.754,246.0,0.89188616,0.52008457,512,474
142,geometric_skeleton,qa_rendered_geometric_centerline_record_v1.0,87,458.916,246.0,0.89807396,0.52008457,512,474
142,geometric_skeleton,qa_rendered_geometric_centerline_record_v1.0,88,462.078,246.0,0.90426175,0.52008457,512,474
142,geometric_skeleton,qa_rendered_geometric_centerline_record_v1.0,89,465.24,246.0,0.91044954,0.52008457,512,474
142,geometric_skeleton,qa_rendered_geometric_centerline_record_v1.0,90,468.402,246.0,0.91663734,0.52008457,512,474
142,geometric_skeleton,qa_rendered_geometric_centerline_record_v1.0,91,471.149,245.0,0.92201454,0.5179704,512,474
142,geometric_skeleton,qa_rendered_geometric_centerline_record_v1.0,92,474.311,245.0,0.92820233,0.5179704,512,474
142,geometric_skeleton,qa_rendered_geometric_centerline_record_v1.0,93,477.059,244.0,0.93357953,0.51585624,512,474
142,geometric_skeleton,qa_rendered_geometric_centerline_record_v1.0,94,479.807,243.0,0.93895673,0.51374207,512,474
142,geometric_skeleton,qa_rendered_geometric_centerline_record_v1.0,95,482.555,242.0,0.94433393,0.51162791,512,474
142,geometric_skeleton,qa_rendered_geometric_centerline_record_v1.0,96,484.921,240.079,0.94896463,0.50756675,512,474
142,geometric_skeleton,qa_rendered_geometric_centerline_record_v1.0,97,487.157,237.843,0.95334006,0.5028398,512,474
142,geometric_skeleton,qa_rendered_geometric_centerline_record_v1.0,98,489.393,235.607,0.95771549,0.49811286,512,474
142,geometric_skeleton,qa_rendered_geometric_centerline_record_v1.0,99,491.921,234.079,0.9626641,0.49488085,512,474
142,geometric_skeleton,qa_rendered_geometric_centerline_record_v1.0,100,494.222,232.0,0.96716696,0.49048626,512,474
142,geometric_skeleton,qa_rendered_geometric_centerline_record_v1.0,101,497.172,231.656,0.97293905,0.4897596,512,474
142,geometric_skeleton,qa_rendered_geometric_centerline_record_v1.0,102,498.586,228.828,0.97570632,0.48378043,512,474
142,geometric_skeleton,qa_rendered_geometric_centerline_record_v1.0,103,500.0,226.0,0.97847358,0.47780127,512,474
144,geometric_skeleton,qa_rendered_geometric_centerline_record_v1.0,0,130.0,266.0,0.25440313,0.56236786,512,474
144,geometric_skeleton,qa_rendered_geometric_centerline_record_v1.0,1,132.589,264.274,0.25946991,0.55871864,512,474
144,geometric_skeleton,qa_rendered_geometric_centerline_record_v1.0,2,135.178,262.548,0.26453668,0.55506942,512,474
144,geometric_skeleton,qa_rendered_geometric_centerline_record_v1.0,3,138.124,262.0,0.27030159,0.55391121,512,474
144,geometric_skeleton,qa_rendered_geometric_centerline_record_v1.0,4,141.236,262.0,0.27639109,0.55391121,512,474
144,geometric_skeleton,qa_rendered_geometric_centerline_record_v1.0,5,144.348,262.0,0.2824806,0.55391121,512,474
144,geometric_skeleton,qa_rendered_geometric_centerline_record_v1.0,6,147.459,262.0,0.2885701,0.55391121,512,474
144,geometric_skeleton,qa_rendered_geometric_centerline_record_v1.0,7,150.571,262.0,0.29465961,0.55391121,512,474
144,geometric_skeleton,qa_rendered_geometric_centerline_record_v1.0,8,153.683,262.0,0.30074912,0.55391121,512,474
144,geometric_skeleton,qa_rendered_geometric_centerline_record_v1.0,9,156.795,262.0,0.30683862,0.55391121,512,474
144,geometric_skeleton,qa_rendered_geometric_centerline_record_v1.0,10,159.906,262.0,0.31292813,0.55391121,512,474
144,geometric_skeleton,qa_rendered_geometric_centerline_record_v1.0,11,163.018,262.0,0.31901764,0.55391121,512,474
144,geometric_skeleton,qa_rendered_geometric_centerline_record_v1.0,12,166.13,262.0,0.32510714,0.55391121,512,474
144,geometric_skeleton,qa_rendered_geometric_centerline_record_v1.0,13,169.241,262.0,0.33119665,0.55391121,512,474
144,geometric_skeleton,qa_rendered_geometric_centerline_record_v1.0,14,172.353,262.0,0.33728616,0.55391121,512,474
144,geometric_skeleton,qa_rendered_geometric_centerline_record_v1.0,15,175.465,262.0,0.34337566,0.55391121,512,474
144,geometric_skeleton,qa_rendered_geometric_centerline_record_v1.0,16,178.577,262.0,0.34946517,0.55391121,512,474
144,geometric_skeleton,qa_rendered_geometric_centerline_record_v1.0,17,181.688,262.0,0.35555467,0.55391121,512,474
144,geometric_skeleton,qa_rendered_geometric_centerline_record_v1.0,18,184.8,262.0,0.36164418,0.55391121,512,474
144,geometric_skeleton,qa_rendered_geometric_centerline_record_v1.0,19,187.912,262.0,0.36773369,0.55391121,512,474
144,geometric_skeleton,qa_rendered_geometric_centerline_record_v1.0,20,190.724,262.724,0.37323646,0.5554415,512,474
144,geometric_skeleton,qa_rendered_geometric_centerline_record_v1.0,21,193.51,263.51,0.37868874,0.55710348,512,474
144,geometric_skeleton,qa_rendered_geometric_centerline_record_v1.0,22,196.296,264.296,0.38414103,0.55876547,512,474
144,geometric_skeleton,qa_rendered_geometric_centerline_record_v1.0,23,199.116,265.0,0.38965993,0.5602537,512,474
144,geometric_skeleton,qa_rendered_geometric_centerline_record_v1.0,24,202.161,265.161,0.39561877,0.56059449,512,474
144,geometric_skeleton,qa_rendered_geometric_centerline_record_v1.0,25,204.925,266.0,0.40102835,0.56236786,512,474
144,geometric_skeleton,qa_rendered_geometric_centerline_record_v1.0,26,207.623,267.0,0.40630726,0.56448203,512,474
144,geometric_skeleton,qa_rendered_geometric_centerline_record_v1.0,27,210.735,267.0,0.41239677,0.56448203,512,474
144,geometric_skeleton,qa_rendered_geometric_centerline_record_v1.0,28,213.432,268.0,0.41767568,0.56659619,512,474
144,geometric_skeleton,qa_rendered_geometric_centerline_record_v1.0,29,216.544,268.0,0.42376518,0.56659619,512,474
144,geometric_skeleton,qa_rendered_geometric_centerline_record_v1.0,30,219.656,268.0,0.42985469,0.56659619,512,474
144,geometric_skeleton,qa_rendered_geometric_centerline_record_v1.0,31,222.767,268.0,0.4359442,0.56659619,512,474
144,geometric_skeleton,qa_rendered_geometric_centerline_record_v1.0,32,225.465,269.0,0.44122311,0.56871036,512,474
144,geometric_skeleton,qa_rendered_geometric_centerline_record_v1.0,33,228.577,269.0,0.44731262,0.56871036,512,474
144,geometric_skeleton,qa_rendered_geometric_centerline_record_v1.0,34,231.274,270.0,0.45259153,0.57082452,512,474
144,geometric_skeleton,qa_rendered_geometric_centerline_record_v1.0,35,234.386,270.0,0.45868103,0.57082452,512,474
144,geometric_skeleton,qa_rendered_geometric_centerline_record_v1.0,36,237.084,271.0,0.46395995,0.57293869,512,474
144,geometric_skeleton,qa_rendered_geometric_centerline_record_v1.0,37,239.781,272.0,0.46923886,0.57505285,512,474
144,geometric_skeleton,qa_rendered_geometric_centerline_record_v1.0,38,242.893,272.0,0.47532836,0.57505285,512,474
144,geometric_skeleton,qa_rendered_geometric_centerline_record_v1.0,39,246.005,272.0,0.48141787,0.57505285,512,474
144,geometric_skeleton,qa_rendered_geometric_centerline_record_v1.0,40,249.116,272.0,0.48750738,0.57505285,512,474
144,geometric_skeleton,qa_rendered_geometric_centerline_record_v1.0,41,252.228,272.0,0.49359688,0.57505285,512,474
144,geometric_skeleton,qa_rendered_geometric_centerline_record_v1.0,42,255.34,272.0,0.49968639,0.57505285,512,474
144,geometric_skeleton,qa_rendered_geometric_centerline_record_v1.0,43,258.319,272.319,0.50551712,0.57572779,512,474
144,geometric_skeleton,qa_rendered_geometric_centerline_record_v1.0,44,261.149,273.0,0.51105481,0.57716702,512,474
144,geometric_skeleton,qa_rendered_geometric_centerline_record_v1.0,45,264.261,273.0,0.51714431,0.57716702,512,474
144,geometric_skeleton,qa_rendered_geometric_centerline_record_v1.0,46,267.372,273.0,0.52323382,0.57716702,512,474
144,geometric_skeleton,qa_rendered_geometric_centerline_record_v1.0,47,270.484,273.0,0.52932333,0.57716702,512,474
144,geometric_skeleton,qa_rendered_geometric_centerline_record_v1.0,48,273.596,273.0,0.53541283,0.57716702,512,474
144,geometric_skeleton,qa_rendered_geometric_centerline_record_v1.0,49,276.708,273.0,0.54150234,0.57716702,512,474
144,geometric_skeleton,qa_rendered_geometric_centerline_record_v1.0,50,279.819,273.0,0.54759185,0.57716702,512,474
144,geometric_skeleton,qa_rendered_geometric_centerline_record_v1.0,51,282.931,273.0,0.55368135,0.57716702,512,474
144,geometric_skeleton,qa_rendered_geometric_centerline_record_v1.0,52,286.043,273.0,0.55977086,0.57716702,512,474
144,geometric_skeleton,qa_rendered_geometric_centerline_record_v1.0,53,289.155,273.0,0.56586036,0.57716702,512,474
144,geometric_skeleton,qa_rendered_geometric_centerline_record_v1.0,54,292.266,273.0,0.57194987,0.57716702,512,474
144,geometric_skeleton,qa_rendered_geometric_centerline_record_v1.0,55,295.378,273.0,0.57803938,0.57716702,512,474
144,geometric_skeleton,qa_rendered_geometric_centerline_record_v1.0,56,298.49,273.0,0.58412888,0.57716702,512,474
144,geometric_skeleton,qa_rendered_geometric_centerline_record_v1.0,57,301.602,273.0,0.59021839,0.57716702,512,474
144,geometric_skeleton,qa_rendered_geometric_centerline_record_v1.0,58,304.713,273.0,0.5963079,0.57716702,512,474
144,geometric_skeleton,qa_rendered_geometric_centerline_record_v1.0,59,307.825,273.0,0.6023974,0.57716702,512,474
144,geometric_skeleton,qa_rendered_geometric_centerline_record_v1.0,60,310.937,273.0,0.60848691,0.57716702,512,474
144,geometric_skeleton,qa_rendered_geometric_centerline_record_v1.0,61,313.741,273.741,0.61397541,0.57873454,512,474
144,geometric_skeleton,qa_rendered_geometric_centerline_record_v1.0,62,316.746,274.0,0.61985533,0.57928118,512,474
144,geometric_skeleton,qa_rendered_geometric_centerline_record_v1.0,63,319.858,274.0,0.62594483,0.57928118,512,474
144,geometric_skeleton,qa_rendered_geometric_centerline_record_v1.0,64,322.97,274.0,0.63203434,0.57928118,512,474
144,geometric_skeleton,qa_rendered_geometric_centerline_record_v1.0,65,326.081,274.0,0.63812385,0.57928118,512,474
144,geometric_skeleton,qa_rendered_geometric_centerline_record_v1.0,66,329.193,274.0,0.64421335,0.57928118,512,474
144,geometric_skeleton,qa_rendered_geometric_centerline_record_v1.0,67,332.305,274.0,0.65030286,0.57928118,512,474
144,geometric_skeleton,qa_rendered_geometric_centerline_record_v1.0,68,335.416,274.0,0.65639236,0.57928118,512,474
144,geometric_skeleton,qa_rendered_geometric_centerline_record_v1.0,69,338.114,275.0,0.66167128,0.58139535,512,474
144,geometric_skeleton,qa_rendered_geometric_centerline_record_v1.0,70,341.226,275.0,0.66776078,0.58139535,512,474
144,geometric_skeleton,qa_rendered_geometric_centerline_record_v1.0,71,343.946,275.946,0.67308367,0.58339483,512,474
144,geometric_skeleton,qa_rendered_geometric_centerline_record_v1.0,72,347.035,276.0,0.6791292,0.58350951,512,474
144,geometric_skeleton,qa_rendered_geometric_centerline_record_v1.0,73,350.147,276.0,0.68521871,0.58350951,512,474
144,geometric_skeleton,qa_rendered_geometric_centerline_record_v1.0,74,353.258,276.0,0.69130821,0.58350951,512,474
144,geometric_skeleton,qa_rendered_geometric_centerline_record_v1.0,75,356.37,276.0,0.69739772,0.58350951,512,474
144,geometric_skeleton,qa_rendered_geometric_centerline_record_v1.0,76,359.482,276.0,0.70348723,0.58350951,512,474
144,geometric_skeleton,qa_rendered_geometric_centerline_record_v1.0,77,362.594,276.0,0.70957673,0.58350951,512,474
144,geometric_skeleton,qa_rendered_geometric_centerline_record_v1.0,78,365.705,276.0,0.71566624,0.58350951,512,474
144,geometric_skeleton,qa_rendered_geometric_centerline_record_v1.0,79,368.817,276.0,0.72175575,0.58350951,512,474
144,geometric_skeleton,qa_rendered_geometric_centerline_record_v1.0,80,371.929,276.0,0.72784525,0.58350951,512,474
144,geometric_skeleton,qa_rendered_geometric_centerline_record_v1.0,81,375.041,276.0,0.73393476,0.58350951,512,474
144,geometric_skeleton,qa_rendered_geometric_centerline_record_v1.0,82,378.152,276.0,0.74002426,0.58350951,512,474
144,geometric_skeleton,qa_rendered_geometric_centerline_record_v1.0,83,381.264,276.0,0.74611377,0.58350951,512,474
144,geometric_skeleton,qa_rendered_geometric_centerline_record_v1.0,84,384.376,276.0,0.75220328,0.58350951,512,474
144,geometric_skeleton,qa_rendered_geometric_centerline_record_v1.0,85,387.073,277.0,0.75748219,0.58562368,512,474
144,geometric_skeleton,qa_rendered_geometric_centerline_record_v1.0,86,390.185,277.0,0.7635717,0.58562368,512,474
144,geometric_skeleton,qa_rendered_geometric_centerline_record_v1.0,87,393.297,277.0,0.7696612,0.58562368,512,474
144,geometric_skeleton,qa_rendered_geometric_centerline_record_v1.0,88,396.409,277.0,0.77575071,0.58562368,512,474
144,geometric_skeleton,qa_rendered_geometric_centerline_record_v1.0,89,399.106,278.0,0.78102962,0.58773784,512,474
144,geometric_skeleton,qa_rendered_geometric_centerline_record_v1.0,90,402.218,278.0,0.78711913,0.58773784,512,474
144,geometric_skeleton,qa_rendered_geometric_centerline_record_v1.0,91,405.33,278.0,0.79320863,0.58773784,512,474
144,geometric_skeleton,qa_rendered_geometric_centerline_record_v1.0,92,408.027,279.0,0.79848754,0.58985201,512,474
144,geometric_skeleton,qa_rendered_geometric_centerline_record_v1.0,93,411.139,279.0,0.80457705,0.58985201,512,474
144,geometric_skeleton,qa_rendered_geometric_centerline_record_v1.0,94,414.251,279.0,0.81066656,0.58985201,512,474
144,geometric_skeleton,qa_rendered_geometric_centerline_record_v1.0,95,417.362,279.0,0.81675606,0.58985201,512,474
144,geometric_skeleton,qa_rendered_geometric_centerline_record_v1.0,96,420.474,279.0,0.82284557,0.58985201,512,474
144,geometric_skeleton,qa_rendered_geometric_centerline_record_v1.0,97,423.586,279.0,0.82893508,0.58985201,512,474
144,geometric_skeleton,qa_rendered_geometric_centerline_record_v1.0,98,426.283,280.0,0.83421399,0.59196617,512,474
144,geometric_skeleton,qa_rendered_geometric_centerline_record_v1.0,99,429.395,280.0,0.84030349,0.59196617,512,474
144,geometric_skeleton,qa_rendered_geometric_centerline_record_v1.0,100,432.507,280.0,0.846393,0.59196617,512,474
144,geometric_skeleton,qa_rendered_geometric_centerline_record_v1.0,101,435.619,280.0,0.85248251,0.59196617,512,474
144,geometric_skeleton,qa_rendered_geometric_centerline_record_v1.0,102,438.73,280.0,0.85857201,0.59196617,512,474
144,geometric_skeleton,qa_rendered_geometric_centerline_record_v1.0,103,441.842,280.0,0.86466152,0.59196617,512,474
144,geometric_skeleton,qa_rendered_geometric_centerline_record_v1.0,104,444.954,280.0,0.87075103,0.59196617,512,474
144,geometric_skeleton,qa_rendered_geometric_centerline_record_v1.0,105,447.753,279.247,0.87622981,0.5903733,512,474
144,geometric_skeleton,qa_rendered_geometric_centerline_record_v1.0,106,449.954,277.046,0.88053574,0.58572143,512,474
144,geometric_skeleton,qa_rendered_geometric_centerline_record_v1.0,107,452.154,274.846,0.88484167,0.58106957,512,474
144,geometric_skeleton,qa_rendered_geometric_centerline_record_v1.0,108,454.354,272.646,0.8891476,0.57641771,512,474
144,geometric_skeleton,qa_rendered_geometric_centerline_record_v1.0,109,456.555,270.445,0.89345353,0.57176585,512,474
144,geometric_skeleton,qa_rendered_geometric_centerline_record_v1.0,110,458.0,267.932,0.8962818,0.56645275,512,474
144,geometric_skeleton,qa_rendered_geometric_centerline_record_v1.0,111,458.834,265.166,0.89791408,0.56060445,512,474
144,geometric_skeleton,qa_rendered_geometric_centerline_record_v1.0,112,460.0,262.537,0.90019569,0.55504672,512,474
144,geometric_skeleton,qa_rendered_geometric_centerline_record_v1.0,113,460.406,259.594,0.90099086,0.54882383,512,474
144,geometric_skeleton,qa_rendered_geometric_centerline_record_v1.0,114,461.9,257.1,0.90391302,0.54355274,512,474
144,geometric_skeleton,qa_rendered_geometric_centerline_record_v1.0,115,464.1,254.9,0.90821895,0.53890088,512,474
144,geometric_skeleton,qa_rendered_geometric_centerline_record_v1.0,116,465.228,252.175,0.91042676,0.53314042,512,474
144,geometric_skeleton,qa_rendered_geometric_centerline_record_v1.0,117,465.614,249.088,0.91118207,0.52661249,512,474
144,geometric_skeleton,qa_rendered_geometric_centerline_record_v1.0,118,466.0,246.0,0.91193738,0.52008457,512,474
147,geometric_skeleton,qa_rendered_geometric_centerline_record_v1.0,0,174.0,252.0,0.34050881,0.53276956,512,474
147,geometric_skeleton,qa_rendered_geometric_centerline_record_v1.0,1,177.141,251.551,0.34665633,0.53182078,512,474
147,geometric_skeleton,qa_rendered_geometric_centerline_record_v1.0,2,180.283,251.102,0.35280385,0.53087201,512,474
147,geometric_skeleton,qa_rendered_geometric_centerline_record_v1.0,3,182.732,252.732,0.35759596,0.53431614,512,474
147,geometric_skeleton,qa_rendered_geometric_centerline_record_v1.0,4,184.975,254.975,0.36198705,0.53906,512,474
147,geometric_skeleton,qa_rendered_geometric_centerline_record_v1.0,5,187.31,257.0,0.36655584,0.54334038,512,474
147,geometric_skeleton,qa_rendered_geometric_centerline_record_v1.0,6,190.069,258.0,0.37195518,0.54545455,512,474
147,geometric_skeleton,qa_rendered_geometric_centerline_record_v1.0,7,192.828,259.0,0.37735452,0.54756871,512,474
147,geometric_skeleton,qa_rendered_geometric_centerline_record_v1.0,8,196.001,259.0,0.38356445,0.54756871,512,474
147,geometric_skeleton,qa_rendered_geometric_centerline_record_v1.0,9,199.175,259.0,0.38977439,0.54756871,512,474
147,geometric_skeleton,qa_rendered_geometric_centerline_record_v1.0,10,202.348,259.0,0.39598432,0.54756871,512,474
147,geometric_skeleton,qa_rendered_geometric_centerline_record_v1.0,11,205.521,259.0,0.40219426,0.54756871,512,474
147,geometric_skeleton,qa_rendered_geometric_centerline_record_v1.0,12,208.695,259.0,0.40840419,0.54756871,512,474
147,geometric_skeleton,qa_rendered_geometric_centerline_record_v1.0,13,211.454,258.0,0.41380353,0.54545455,512,474
147,geometric_skeleton,qa_rendered_geometric_centerline_record_v1.0,14,214.627,258.0,0.42001347,0.54545455,512,474
147,geometric_skeleton,qa_rendered_geometric_centerline_record_v1.0,15,217.8,258.0,0.4262234,0.54545455,512,474
147,geometric_skeleton,qa_rendered_geometric_centerline_record_v1.0,16,220.973,258.0,0.43243334,0.54545455,512,474
147,geometric_skeleton,qa_rendered_geometric_centerline_record_v1.0,17,224.147,258.0,0.43864327,0.54545455,512,474
147,geometric_skeleton,qa_rendered_geometric_centerline_record_v1.0,18,227.32,258.0,0.44485321,0.54545455,512,474
147,geometric_skeleton,qa_rendered_geometric_centerline_record_v1.0,19,230.493,258.0,0.45106314,0.54545455,512,474
147,geometric_skeleton,qa_rendered_geometric_centerline_record_v1.0,20,233.667,258.0,0.45727307,0.54545455,512,474
147,geometric_skeleton,qa_rendered_geometric_centerline_record_v1.0,21,236.84,258.0,0.46348301,0.54545455,512,474
147,geometric_skeleton,qa_rendered_geometric_centerline_record_v1.0,22,240.013,258.0,0.46969294,0.54545455,512,474
147,geometric_skeleton,qa_rendered_geometric_centerline_record_v1.0,23,243.186,258.0,0.47590288,0.54545455,512,474
147,geometric_skeleton,qa_rendered_geometric_centerline_record_v1.0,24,246.36,258.0,0.48211281,0.54545455,512,474
147,geometric_skeleton,qa_rendered_geometric_centerline_record_v1.0,25,249.533,258.0,0.48832275,0.54545455,512,474
147,geometric_skeleton,qa_rendered_geometric_centerline_record_v1.0,26,252.706,258.0,0.49453268,0.54545455,512,474
147,geometric_skeleton,qa_rendered_geometric_centerline_record_v1.0,27,255.879,258.0,0.50074262,0.54545455,512,474
147,geometric_skeleton,qa_rendered_geometric_centerline_record_v1.0,28,259.053,258.0,0.50695255,0.54545455,512,474
147,geometric_skeleton,qa_rendered_geometric_centerline_record_v1.0,29,261.867,258.867,0.51245975,0.54728739,512,474
147,geometric_skeleton,qa_rendered_geometric_centerline_record_v1.0,30,264.697,259.697,0.51799719,0.54904137,512,474
147,geometric_skeleton,qa_rendered_geometric_centerline_record_v1.0,31,267.526,260.526,0.52353463,0.55079534,512,474
147,geometric_skeleton,qa_rendered_geometric_centerline_record_v1.0,32,270.356,261.356,0.52907207,0.55254932,512,474
147,geometric_skeleton,qa_rendered_geometric_centerline_record_v1.0,33,273.262,262.0,0.53475985,0.55391121,512,474
147,geometric_skeleton,qa_rendered_geometric_centerline_record_v1.0,34,276.308,262.308,0.54072013,0.55456234,512,474
147,geometric_skeleton,qa_rendered_geometric_centerline_record_v1.0,35,279.138,263.138,0.54625757,0.55631632,512,474
147,geometric_skeleton,qa_rendered_geometric_centerline_record_v1.0,36,281.954,264.0,0.55176846,0.55813953,512,474
147,geometric_skeleton,qa_rendered_geometric_centerline_record_v1.0,37,285.127,264.0,0.5579784,0.55813953,512,474
147,geometric_skeleton,qa_rendered_geometric_centerline_record_v1.0,38,288.212,264.212,0.56401624,0.55858837,512,474
147,geometric_skeleton,qa_rendered_geometric_centerline_record_v1.0,39,291.059,265.0,0.56958767,0.5602537,512,474
147,geometric_skeleton,qa_rendered_geometric_centerline_record_v1.0,40,294.164,265.164,0.5756643,0.56060139,512,474
147,geometric_skeleton,qa_rendered_geometric_centerline_record_v1.0,41,296.992,266.0,0.58119695,0.56236786,512,474
147,geometric_skeleton,qa_rendered_geometric_centerline_record_v1.0,42,300.117,266.117,0.58731236,0.5626144,512,474
147,geometric_skeleton,qa_rendered_geometric_centerline_record_v1.0,43,302.924,267.0,0.59280622,0.56448203,512,474
147,geometric_skeleton,qa_rendered_geometric_centerline_record_v1.0,44,305.683,268.0,0.59820556,0.56659619,512,474
147,geometric_skeleton,qa_rendered_geometric_centerline_record_v1.0,45,308.442,269.0,0.6036049,0.56871036,512,474
147,geometric_skeleton,qa_rendered_geometric_centerline_record_v1.0,46,311.201,270.0,0.60900424,0.57082452,512,474
147,geometric_skeleton,qa_rendered_geometric_centerline_record_v1.0,47,313.96,271.0,0.61440358,0.57293869,512,474
147,geometric_skeleton,qa_rendered_geometric_centerline_record_v1.0,48,317.134,271.0,0.62061352,0.57293869,512,474
147,geometric_skeleton,qa_rendered_geometric_centerline_record_v1.0,49,320.307,271.0,0.62682345,0.57293869,512,474
147,geometric_skeleton,qa_rendered_geometric_centerline_record_v1.0,50,323.48,271.0,0.63303339,0.57293869,512,474
147,geometric_skeleton,qa_rendered_geometric_centerline_record_v1.0,51,326.653,271.0,0.63924332,0.57293869,512,474
147,geometric_skeleton,qa_rendered_geometric_centerline_record_v1.0,52,329.827,271.0,0.64545326,0.57293869,512,474
147,geometric_skeleton,qa_rendered_geometric_centerline_record_v1.0,53,333.0,271.0,0.65166319,0.57293869,512,474
147,geometric_skeleton,qa_rendered_geometric_centerline_record_v1.0,54,336.173,271.0,0.65787313,0.57293869,512,474
147,geometric_skeleton,qa_rendered_geometric_centerline_record_v1.0,55,339.346,271.0,0.66408306,0.57293869,512,474
147,geometric_skeleton,qa_rendered_geometric_centerline_record_v1.0,56,342.52,271.0,0.67029299,0.57293869,512,474
147,geometric_skeleton,qa_rendered_geometric_centerline_record_v1.0,57,345.693,271.0,0.67650293,0.57293869,512,474
147,geometric_skeleton,qa_rendered_geometric_centerline_record_v1.0,58,348.613,271.613,0.68221634,0.57423372,512,474
147,geometric_skeleton,qa_rendered_geometric_centerline_record_v1.0,59,351.442,272.442,0.68775378,0.57598769,512,474
147,geometric_skeleton,qa_rendered_geometric_centerline_record_v1.0,60,354.384,273.0,0.69351154,0.57716702,512,474
147,geometric_skeleton,qa_rendered_geometric_centerline_record_v1.0,61,357.394,273.394,0.69940183,0.57800071,512,474
147,geometric_skeleton,qa_rendered_geometric_centerline_record_v1.0,62,360.317,274.0,0.70512082,0.57928118,512,474
147,geometric_skeleton,qa_rendered_geometric_centerline_record_v1.0,63,363.346,274.346,0.71104989,0.58001373,512,474
147,geometric_skeleton,qa_rendered_geometric_centerline_record_v1.0,64,366.249,275.0,0.71673009,0.58139535,512,474
147,geometric_skeleton,qa_rendered_geometric_centerline_record_v1.0,65,369.299,275.299,0.72269795,0.58202674,512,474
147,geometric_skeleton,qa_rendered_geometric_centerline_record_v1.0,66,372.128,276.128,0.72823539,0.58378072,512,474
147,geometric_skeleton,qa_rendered_geometric_centerline_record_v1.0,67,374.94,277.0,0.73373871,0.58562368,512,474
147,geometric_skeleton,qa_rendered_geometric_centerline_record_v1.0,68,377.7,278.0,0.73913805,0.58773784,512,474
147,geometric_skeleton,qa_rendered_geometric_centerline_record_v1.0,69,380.459,279.0,0.74453739,0.58985201,512,474
147,geometric_skeleton,qa_rendered_geometric_centerline_record_v1.0,70,383.632,279.0,0.75074733,0.58985201,512,474
147,geometric_skeleton,qa_rendered_geometric_centerline_record_v1.0,71,386.391,280.0,0.75614667,0.59196617,512,474
147,geometric_skeleton,qa_rendered_geometric_centerline_record_v1.0,72,389.564,280.0,0.7623566,0.59196617,512,474
147,geometric_skeleton,qa_rendered_geometric_centerline_record_v1.0,73,392.737,280.0,0.76856654,0.59196617,512,474
147,geometric_skeleton,qa_rendered_geometric_centerline_record_v1.0,74,395.911,280.0,0.77477647,0.59196617,512,474
147,geometric_skeleton,qa_rendered_geometric_centerline_record_v1.0,75,399.084,280.0,0.7809864,0.59196617,512,474
147,geometric_skeleton,qa_rendered_geometric_centerline_record_v1.0,76,401.889,280.889,0.78647567,0.59384581,512,474
147,geometric_skeleton,qa_rendered_geometric_centerline_record_v1.0,77,404.133,283.133,0.79086675,0.59858966,512,474
147,geometric_skeleton,qa_rendered_geometric_centerline_record_v1.0,78,406.533,285.0,0.79556324,0.602537,512,474
147,geometric_skeleton,qa_rendered_geometric_centerline_record_v1.0,79,408.913,286.913,0.8002221,0.60658244,512,474
147,geometric_skeleton,qa_rendered_geometric_centerline_record_v1.0,80,411.743,287.743,0.80575954,0.60833642,512,474
147,geometric_skeleton,qa_rendered_geometric_centerline_record_v1.0,81,414.573,288.573,0.81129698,0.6100904,512,474
147,geometric_skeleton,qa_rendered_geometric_centerline_record_v1.0,82,417.402,289.402,0.81683442,0.61184438,512,474
147,geometric_skeleton,qa_rendered_geometric_centerline_record_v1.0,83,420.232,290.232,0.82237186,0.61359836,512,474
147,geometric_skeleton,qa_rendered_geometric_centerline_record_v1.0,84,423.087,291.0,0.82795928,0.61522199,512,474
147,geometric_skeleton,qa_rendered_geometric_centerline_record_v1.0,85,426.26,291.0,0.83416921,0.61522199,512,474
147,geometric_skeleton,qa_rendered_geometric_centerline_record_v1.0,86,429.307,291.307,0.84013054,0.61587041,512,474
147,geometric_skeleton,qa_rendered_geometric_centerline_record_v1.0,87,432.193,292.0,0.84577849,0.61733615,512,474
147,geometric_skeleton,qa_rendered_geometric_centerline_record_v1.0,88,435.259,292.259,0.85177859,0.61788343,512,474
147,geometric_skeleton,qa_rendered_geometric_centerline_record_v1.0,89,438.125,293.0,0.85738776,0.61945032,512,474
147,geometric_skeleton,qa_rendered_geometric_centerline_record_v1.0,90,441.211,293.211,0.86342665,0.61989644,512,474
147,geometric_skeleton,qa_rendered_geometric_centerline_record_v1.0,91,444.057,294.0,0.86899704,0.62156448,512,474
147,geometric_skeleton,qa_rendered_geometric_centerline_record_v1.0,92,447.163,294.163,0.87507471,0.62190946,512,474
147,geometric_skeleton,qa_rendered_geometric_centerline_record_v1.0,93,449.99,295.0,0.88060631,0.62367865,512,474
147,geometric_skeleton,qa_rendered_geometric_centerline_record_v1.0,94,453.163,295.0,0.88681625,0.62367865,512,474
147,geometric_skeleton,qa_rendered_geometric_centerline_record_v1.0,95,456.336,295.0,0.89302618,0.62367865,512,474
147,geometric_skeleton,qa_rendered_geometric_centerline_record_v1.0,96,459.36,295.36,0.898944,0.62444055,512,474
147,geometric_skeleton,qa_rendered_geometric_centerline_record_v1.0,97,461.855,297.0,0.90382486,0.62790698,512,474
147,geometric_skeleton,qa_rendered_geometric_centerline_record_v1.0,98,464.614,298.0,0.90922421,0.63002114,512,474
147,geometric_skeleton,qa_rendered_geometric_centerline_record_v1.0,99,467.787,298.0,0.91543414,0.63002114,512,474
147,geometric_skeleton,qa_rendered_geometric_centerline_record_v1.0,100,470.546,299.0,0.92083348,0.63213531,512,474
147,geometric_skeleton,qa_rendered_geometric_centerline_record_v1.0,101,473.719,299.0,0.92704341,0.63213531,512,474
147,geometric_skeleton,qa_rendered_geometric_centerline_record_v1.0,102,476.478,300.0,0.93244276,0.63424947,512,474
147,geometric_skeleton,qa_rendered_geometric_centerline_record_v1.0,103,479.237,301.0,0.9378421,0.63636364,512,474
147,geometric_skeleton,qa_rendered_geometric_centerline_record_v1.0,104,481.996,302.0,0.94324144,0.6384778,512,474
147,geometric_skeleton,qa_rendered_geometric_centerline_record_v1.0,105,484.241,304.241,0.9476346,0.64321624,512,474
147,geometric_skeleton,qa_rendered_geometric_centerline_record_v1.0,106,486.485,306.485,0.95202569,0.6479601,512,474
147,geometric_skeleton,qa_rendered_geometric_centerline_record_v1.0,107,488.729,308.729,0.95641678,0.65270396,512,474
147,geometric_skeleton,qa_rendered_geometric_centerline_record_v1.0,108,490.0,311.376,0.95890411,0.65829973,512,474
147,geometric_skeleton,qa_rendered_geometric_centerline_record_v1.0,109,490.0,314.549,0.95890411,0.66500856,512,474
147,geometric_skeleton,qa_rendered_geometric_centerline_record_v1.0,110,490.0,317.722,0.95890411,0.67171739,512,474
147,geometric_skeleton,qa_rendered_geometric_centerline_record_v1.0,111,490.0,320.896,0.95890411,0.67842622,512,474
147,geometric_skeleton,qa_rendered_geometric_centerline_record_v1.0,112,490.0,324.069,0.95890411,0.68513505,512,474
147,geometric_skeleton,qa_rendered_geometric_centerline_record_v1.0,113,489.829,327.171,0.95856902,0.69169393,512,474
147,geometric_skeleton,qa_rendered_geometric_centerline_record_v1.0,114,488.292,329.708,0.95556171,0.69705701,512,474
147,geometric_skeleton,qa_rendered_geometric_centerline_record_v1.0,115,488.0,332.76,0.95499022,0.70351011,512,474
147,geometric_skeleton,qa_rendered_geometric_centerline_record_v1.0,116,488.256,335.898,0.95549211,0.710143,512,474
147,geometric_skeleton,qa_rendered_geometric_centerline_record_v1.0,117,489.128,338.949,0.95719811,0.7165937,512,474
147,geometric_skeleton,qa_rendered_geometric_centerline_record_v1.0,118,490.0,342.0,0.95890411,0.7230444,512,474
149,geometric_skeleton,qa_rendered_geometric_centerline_record_v1.0,0,184.0,242.0,0.36007828,0.51162791,512,474
149,geometric_skeleton,qa_rendered_geometric_centerline_record_v1.0,1,186.888,243.238,0.36573074,0.51424501,512,474
149,geometric_skeleton,qa_rendered_geometric_centerline_record_v1.0,2,189.777,244.476,0.3713832,0.51686211,512,474
149,geometric_skeleton,qa_rendered_geometric_centerline_record_v1.0,3,192.812,245.0,0.37732233,0.5179704,512,474
149,geometric_skeleton,qa_rendered_geometric_centerline_record_v1.0,4,195.954,245.0,0.38347203,0.5179704,512,474
149,geometric_skeleton,qa_rendered_geometric_centerline_record_v1.0,5,199.068,244.932,0.3895663,0.51782584,512,474
149,geometric_skeleton,qa_rendered_geometric_centerline_record_v1.0,6,201.825,244.0,0.39496082,0.51585624,512,474
149,geometric_skeleton,qa_rendered_geometric_centerline_record_v1.0,7,204.967,244.0,0.40111052,0.51585624,512,474
149,geometric_skeleton,qa_rendered_geometric_centerline_record_v1.0,8,208.11,244.0,0.40726022,0.51585624,512,474
149,geometric_skeleton,qa_rendered_geometric_centerline_record_v1.0,9,211.252,244.0,0.41340991,0.51585624,512,474
149,geometric_skeleton,qa_rendered_geometric_centerline_record_v1.0,10,214.395,244.0,0.41955961,0.51585624,512,474
149,geometric_skeleton,qa_rendered_geometric_centerline_record_v1.0,11,217.537,244.0,0.42570931,0.51585624,512,474
149,geometric_skeleton,qa_rendered_geometric_centerline_record_v1.0,12,220.68,244.0,0.431859,0.51585624,512,474
149,geometric_skeleton,qa_rendered_geometric_centerline_record_v1.0,13,223.822,244.0,0.4380087,0.51585624,512,474
149,geometric_skeleton,qa_rendered_geometric_centerline_record_v1.0,14,226.965,244.0,0.44415839,0.51585624,512,474
149,geometric_skeleton,qa_rendered_geometric_centerline_record_v1.0,15,230.107,244.0,0.45030809,0.51585624,512,474
149,geometric_skeleton,qa_rendered_geometric_centerline_record_v1.0,16,232.884,243.116,0.45574136,0.51398767,512,474
149,geometric_skeleton,qa_rendered_geometric_centerline_record_v1.0,17,235.978,243.0,0.46179689,0.51374207,512,474
149,geometric_skeleton,qa_rendered_geometric_centerline_record_v1.0,18,239.121,243.0,0.46794658,0.51374207,512,474
149,geometric_skeleton,qa_rendered_geometric_centerline_record_v1.0,19,242.263,243.0,0.47409628,0.51374207,512,474
149,geometric_skeleton,qa_rendered_geometric_centerline_record_v1.0,20,245.406,243.0,0.48024598,0.51374207,512,474
149,geometric_skeleton,qa_rendered_geometric_centerline_record_v1.0,21,248.548,243.0,0.48639567,0.51374207,512,474
149,geometric_skeleton,qa_rendered_geometric_centerline_record_v1.0,22,251.691,243.0,0.49254537,0.51374207,512,474
149,geometric_skeleton,qa_rendered_geometric_centerline_record_v1.0,23,254.833,243.0,0.49869506,0.51374207,512,474
149,geometric_skeleton,qa_rendered_geometric_centerline_record_v1.0,24,257.976,243.0,0.50484476,0.51374207,512,474
149,geometric_skeleton,qa_rendered_geometric_centerline_record_v1.0,25,261.118,243.0,0.51099446,0.51374207,512,474
149,geometric_skeleton,qa_rendered_geometric_centerline_record_v1.0,26,264.261,243.0,0.51714415,0.51374207,512,474
149,geometric_skeleton,qa_rendered_geometric_centerline_record_v1.0,27,267.403,243.0,0.52329385,0.51374207,512,474
149,geometric_skeleton,qa_rendered_geometric_centerline_record_v1.0,28,270.546,243.0,0.52944354,0.51374207,512,474
149,geometric_skeleton,qa_rendered_geometric_centerline_record_v1.0,29,273.688,243.0,0.53559324,0.51374207,512,474
149,geometric_skeleton,qa_rendered_geometric_centerline_record_v1.0,30,276.831,243.0,0.54174294,0.51374207,512,474
149,geometric_skeleton,qa_rendered_geometric_centerline_record_v1.0,31,279.973,243.0,0.54789263,0.51374207,512,474
149,geometric_skeleton,qa_rendered_geometric_centerline_record_v1.0,32,283.082,242.918,0.55397605,0.51356921,512,474
149,geometric_skeleton,qa_rendered_geometric_centerline_record_v1.0,33,285.844,242.0,0.55938143,0.51162791,512,474
149,geometric_skeleton,qa_rendered_geometric_centerline_record_v1.0,34,288.572,241.0,0.56472053,0.50951374,512,474
149,geometric_skeleton,qa_rendered_geometric_centerline_record_v1.0,35,291.715,241.0,0.57087023,0.50951374,512,474
149,geometric_skeleton,qa_rendered_geometric_centerline_record_v1.0,36,294.857,241.0,0.57701993,0.50951374,512,474
149,geometric_skeleton,qa_rendered_geometric_centerline_record_v1.0,37,297.585,240.0,0.58235903,0.50739958,512,474
149,geometric_skeleton,qa_rendered_geometric_centerline_record_v1.0,38,300.728,240.0,0.58850872,0.50739958,512,474
149,geometric_skeleton,qa_rendered_geometric_centerline_record_v1.0,39,303.456,239.0,0.59384783,0.50528541,512,474
149,geometric_skeleton,qa_rendered_geometric_centerline_record_v1.0,40,306.599,239.0,0.59999752,0.50528541,512,474
149,geometric_skeleton,qa_rendered_geometric_centerline_record_v1.0,41,309.741,239.0,0.60614722,0.50528541,512,474
149,geometric_skeleton,qa_rendered_geometric_centerline_record_v1.0,42,312.884,239.0,0.61229691,0.50528541,512,474
149,geometric_skeleton,qa_rendered_geometric_centerline_record_v1.0,43,316.026,239.0,0.61844661,0.50528541,512,474
149,geometric_skeleton,qa_rendered_geometric_centerline_record_v1.0,44,319.169,239.0,0.62459631,0.50528541,512,474
149,geometric_skeleton,qa_rendered_geometric_centerline_record_v1.0,45,322.311,239.0,0.630746,0.50528541,512,474
149,geometric_skeleton,qa_rendered_geometric_centerline_record_v1.0,46,325.454,239.0,0.6368957,0.50528541,512,474
149,geometric_skeleton,qa_rendered_geometric_centerline_record_v1.0,47,328.596,239.0,0.64304539,0.50528541,512,474
149,geometric_skeleton,qa_rendered_geometric_centerline_record_v1.0,48,331.739,239.0,0.64919509,0.50528541,512,474
149,geometric_skeleton,qa_rendered_geometric_centerline_record_v1.0,49,334.881,239.0,0.65534479,0.50528541,512,474
149,geometric_skeleton,qa_rendered_geometric_centerline_record_v1.0,50,337.724,239.724,0.66090773,0.50681575,512,474
149,geometric_skeleton,qa_rendered_geometric_centerline_record_v1.0,51,340.752,240.0,0.66683358,0.50739958,512,474
149,geometric_skeleton,qa_rendered_geometric_centerline_record_v1.0,52,343.894,240.0,0.67298328,0.50739958,512,474
149,geometric_skeleton,qa_rendered_geometric_centerline_record_v1.0,53,347.037,240.0,0.67913298,0.50739958,512,474
149,geometric_skeleton,qa_rendered_geometric_centerline_record_v1.0,54,350.179,240.0,0.68528267,0.50739958,512,474
149,geometric_skeleton,qa_rendered_geometric_centerline_record_v1.0,55,353.322,240.0,0.69143237,0.50739958,512,474
149,geometric_skeleton,qa_rendered_geometric_centerline_record_v1.0,56,356.464,240.0,0.69758206,0.50739958,512,474
149,geometric_skeleton,qa_rendered_geometric_centerline_record_v1.0,57,359.607,240.0,0.70373176,0.50739958,512,474
149,geometric_skeleton,qa_rendered_geometric_centerline_record_v1.0,58,362.749,240.0,0.70988146,0.50739958,512,474
149,geometric_skeleton,qa_rendered_geometric_centerline_record_v1.0,59,365.892,240.0,0.71603115,0.50739958,512,474
149,geometric_skeleton,qa_rendered_geometric_centerline_record_v1.0,60,369.034,240.0,0.72218085,0.50739958,512,474
149,geometric_skeleton,qa_rendered_geometric_centerline_record_v1.0,61,372.177,240.0,0.72833054,0.50739958,512,474
149,geometric_skeleton,qa_rendered_geometric_centerline_record_v1.0,62,375.319,240.0,0.73448024,0.50739958,512,474
149,geometric_skeleton,qa_rendered_geometric_centerline_record_v1.0,63,378.462,240.0,0.74062994,0.50739958,512,474
149,geometric_skeleton,qa_rendered_geometric_centerline_record_v1.0,64,381.19,239.0,0.74596904,0.50528541,512,474
149,geometric_skeleton,qa_rendered_geometric_centerline_record_v1.0,65,384.333,239.0,0.75211874,0.50528541,512,474
149,geometric_skeleton,qa_rendered_geometric_centerline_record_v1.0,66,387.061,238.0,0.75745784,0.50317125,512,474
149,geometric_skeleton,qa_rendered_geometric_centerline_record_v1.0,67,389.789,237.0,0.76279694,0.50105708,512,474
149,geometric_skeleton,qa_rendered_geometric_centerline_record_v1.0,68,392.932,237.0,0.76894664,0.50105708,512,474
149,geometric_skeleton,qa_rendered_geometric_centerline_record_v1.0,69,395.66,236.0,0.77428574,0.49894292,512,474
149,geometric_skeleton,qa_rendered_geometric_centerline_record_v1.0,70,398.388,235.0,0.77962484,0.49682875,512,474
149,geometric_skeleton,qa_rendered_geometric_centerline_record_v1.0,71,401.117,234.0,0.78496394,0.49471459,512,474
149,geometric_skeleton,qa_rendered_geometric_centerline_record_v1.0,72,404.259,234.0,0.79111364,0.49471459,512,474
149,geometric_skeleton,qa_rendered_geometric_centerline_record_v1.0,73,406.991,233.009,0.79645999,0.49261933,512,474
149,geometric_skeleton,qa_rendered_geometric_centerline_record_v1.0,74,410.13,233.0,0.80260244,0.49260042,512,474
149,geometric_skeleton,qa_rendered_geometric_centerline_record_v1.0,75,412.9,232.1,0.80802286,0.49069835,512,474
149,geometric_skeleton,qa_rendered_geometric_centerline_record_v1.0,76,416.001,232.0,0.81409123,0.49048626,512,474
149,geometric_skeleton,qa_rendered_geometric_centerline_record_v1.0,77,419.143,232.0,0.82024093,0.49048626,512,474
149,geometric_skeleton,qa_rendered_geometric_centerline_record_v1.0,78,422.286,232.0,0.82639063,0.49048626,512,474
149,geometric_skeleton,qa_rendered_geometric_centerline_record_v1.0,79,425.428,232.0,0.83254032,0.49048626,512,474
149,geometric_skeleton,qa_rendered_geometric_centerline_record_v1.0,80,428.571,232.0,0.83869002,0.49048626,512,474
149,geometric_skeleton,qa_rendered_geometric_centerline_record_v1.0,81,431.713,232.0,0.84483971,0.49048626,512,474
149,geometric_skeleton,qa_rendered_geometric_centerline_record_v1.0,82,434.856,232.0,0.85098941,0.49048626,512,474
149,geometric_skeleton,qa_rendered_geometric_centerline_record_v1.0,83,437.584,233.0,0.85632851,0.49260042,512,474
149,geometric_skeleton,qa_rendered_geometric_centerline_record_v1.0,84,440.726,233.0,0.86247821,0.49260042,512,474
149,geometric_skeleton,qa_rendered_geometric_centerline_record_v1.0,85,443.869,233.0,0.8686279,0.49260042,512,474
149,geometric_skeleton,qa_rendered_geometric_centerline_record_v1.0,86,446.597,234.0,0.87396701,0.49471459,512,474
149,geometric_skeleton,qa_rendered_geometric_centerline_record_v1.0,87,449.74,234.0,0.8801167,0.49471459,512,474
149,geometric_skeleton,qa_rendered_geometric_centerline_record_v1.0,88,452.882,234.0,0.8862664,0.49471459,512,474
149,geometric_skeleton,qa_rendered_geometric_centerline_record_v1.0,89,456.025,234.0,0.89241609,0.49471459,512,474
149,geometric_skeleton,qa_rendered_geometric_centerline_record_v1.0,90,459.167,234.0,0.89856579,0.49471459,512,474
149,geometric_skeleton,qa_rendered_geometric_centerline_record_v1.0,91,462.31,234.0,0.90471549,0.49471459,512,474
149,geometric_skeleton,qa_rendered_geometric_centerline_record_v1.0,92,465.452,234.0,0.91086518,0.49471459,512,474
149,geometric_skeleton,qa_rendered_geometric_centerline_record_v1.0,93,468.595,234.0,0.91701488,0.49471459,512,474
149,geometric_skeleton,qa_rendered_geometric_centerline_record_v1.0,94,471.737,234.0,0.92316457,0.49471459,512,474
149,geometric_skeleton,qa_rendered_geometric_centerline_record_v1.0,95,474.88,234.0,0.92931427,0.49471459,512,474
149,geometric_skeleton,qa_rendered_geometric_centerline_record_v1.0,96,478.022,234.0,0.93546397,0.49471459,512,474
149,geometric_skeleton,qa_rendered_geometric_centerline_record_v1.0,97,481.165,234.0,0.94161366,0.49471459,512,474
149,geometric_skeleton,qa_rendered_geometric_centerline_record_v1.0,98,483.893,233.0,0.94695277,0.49260042,512,474
149,geometric_skeleton,qa_rendered_geometric_centerline_record_v1.0,99,486.146,230.854,0.95136267,0.48806274,512,474
149,geometric_skeleton,qa_rendered_geometric_centerline_record_v1.0,100,488.368,228.632,0.95571116,0.4833649,512,474
149,geometric_skeleton,qa_rendered_geometric_centerline_record_v1.0,101,490.59,226.41,0.96005965,0.47866706,512,474
149,geometric_skeleton,qa_rendered_geometric_centerline_record_v1.0,102,492.813,224.187,0.96440814,0.47396922,512,474
149,geometric_skeleton,qa_rendered_geometric_centerline_record_v1.0,103,495.035,221.965,0.96875663,0.46927138,512,474
149,geometric_skeleton,qa_rendered_geometric_centerline_record_v1.0,104,496.882,219.457,0.97237137,0.46396807,512,474
149,geometric_skeleton,qa_rendered_geometric_centerline_record_v1.0,105,498.441,216.728,0.97542248,0.45819968,512,474
149,geometric_skeleton,qa_rendered_geometric_centerline_record_v1.0,106,500.0,214.0,0.97847358,0.45243129,512,474
150,geometric_skeleton,qa_rendered_geometric_centerline_record_v1.0,0,146.0,342.0,0.28571429,0.7230444,512,474
150,geometric_skeleton,qa_rendered_geometric_centerline_record_v1.0,1,148.809,340.595,0.29121141,0.72007502,512,474
150,geometric_skeleton,qa_rendered_geometric_centerline_record_v1.0,2,151.618,339.191,0.29670854,0.71710564,512,474
150,geometric_skeleton,qa_rendered_geometric_centerline_record_v1.0,3,154.714,339.0,0.30276629,0.7167019,512,474
150,geometric_skeleton,qa_rendered_geometric_centerline_record_v1.0,4,157.854,339.0,0.30891226,0.7167019,512,474
150,geometric_skeleton,qa_rendered_geometric_centerline_record_v1.0,5,160.995,339.0,0.31505823,0.7167019,512,474
150,geometric_skeleton,qa_rendered_geometric_centerline_record_v1.0,6,164.135,339.0,0.32120421,0.7167019,512,474
150,geometric_skeleton,qa_rendered_geometric_centerline_record_v1.0,7,167.195,338.805,0.32719202,0.71628939,512,474
150,geometric_skeleton,qa_rendered_geometric_centerline_record_v1.0,8,170.002,338.0,0.33268556,0.71458774,512,474
150,geometric_skeleton,qa_rendered_geometric_centerline_record_v1.0,9,173.101,337.899,0.33874962,0.71437409,512,474
150,geometric_skeleton,qa_rendered_geometric_centerline_record_v1.0,10,175.869,337.0,0.34416691,0.71247357,512,474
150,geometric_skeleton,qa_rendered_geometric_centerline_record_v1.0,11,179.01,337.0,0.35031289,0.71247357,512,474
150,geometric_skeleton,qa_rendered_geometric_centerline_record_v1.0,12,182.15,337.0,0.35645886,0.71247357,512,474
150,geometric_skeleton,qa_rendered_geometric_centerline_record_v1.0,13,185.291,337.0,0.36260483,0.71247357,512,474
150,geometric_skeleton,qa_rendered_geometric_centerline_record_v1.0,14,188.432,337.0,0.36875081,0.71247357,512,474
150,geometric_skeleton,qa_rendered_geometric_centerline_record_v1.0,15,191.405,336.595,0.37456878,0.71161809,512,474
150,geometric_skeleton,qa_rendered_geometric_centerline_record_v1.0,16,194.299,336.0,0.38023216,0.71035941,512,474
150,geometric_skeleton,qa_rendered_geometric_centerline_record_v1.0,17,197.439,336.0,0.38637813,0.71035941,512,474
150,geometric_skeleton,qa_rendered_geometric_centerline_record_v1.0,18,200.41,335.59,0.39219177,0.70949262,512,474
150,geometric_skeleton,qa_rendered_geometric_centerline_record_v1.0,19,203.306,335.0,0.39785948,0.70824524,512,474
150,geometric_skeleton,qa_rendered_geometric_centerline_record_v1.0,20,206.447,335.0,0.40400546,0.70824524,512,474
150,geometric_skeleton,qa_rendered_geometric_centerline_record_v1.0,21,209.415,334.585,0.40981476,0.70736714,512,474
150,geometric_skeleton,qa_rendered_geometric_centerline_record_v1.0,22,212.222,333.778,0.41530697,0.70566203,512,474
150,geometric_skeleton,qa_rendered_geometric_centerline_record_v1.0,23,215.04,333.0,0.42082219,0.70401691,512,474
150,geometric_skeleton,qa_rendered_geometric_centerline_record_v1.0,24,218.181,333.0,0.42696816,0.70401691,512,474
150,geometric_skeleton,qa_rendered_geometric_centerline_record_v1.0,25,221.227,332.773,0.43292996,0.70353655,512,474
150,geometric_skeleton,qa_rendered_geometric_centerline_record_v1.0,26,224.034,331.966,0.43842217,0.70183144,512,474
150,geometric_skeleton,qa_rendered_geometric_centerline_record_v1.0,27,226.774,331.0,0.44378489,0.69978858,512,474
150,geometric_skeleton,qa_rendered_geometric_centerline_record_v1.0,28,229.5,330.0,0.44912027,0.69767442,512,474
150,geometric_skeleton,qa_rendered_geometric_centerline_record_v1.0,29,232.227,329.0,0.45445565,0.69556025,512,474
150,geometric_skeleton,qa_rendered_geometric_centerline_record_v1.0,30,234.953,328.0,0.45979103,0.69344609,512,474
150,geometric_skeleton,qa_rendered_geometric_centerline_record_v1.0,31,238.094,328.0,0.46593701,0.69344609,512,474
150,geometric_skeleton,qa_rendered_geometric_centerline_record_v1.0,32,241.234,328.0,0.47208298,0.69344609,512,474
150,geometric_skeleton,qa_rendered_geometric_centerline_record_v1.0,33,243.961,327.0,0.47741836,0.69133192,512,474
150,geometric_skeleton,qa_rendered_geometric_centerline_record_v1.0,34,247.101,327.0,0.48356433,0.69133192,512,474
150,geometric_skeleton,qa_rendered_geometric_centerline_record_v1.0,35,249.828,326.0,0.48889971,0.68921776,512,474
150,geometric_skeleton,qa_rendered_geometric_centerline_record_v1.0,36,252.968,326.0,0.49504568,0.68921776,512,474
150,geometric_skeleton,qa_rendered_geometric_centerline_record_v1.0,37,255.695,325.0,0.50038106,0.68710359,512,474
150,geometric_skeleton,qa_rendered_geometric_centerline_record_v1.0,38,258.835,325.0,0.50652704,0.68710359,512,474
150,geometric_skeleton,qa_rendered_geometric_centerline_record_v1.0,39,261.562,324.0,0.51186242,0.68498943,512,474
150,geometric_skeleton,qa_rendered_geometric_centerline_record_v1.0,40,264.702,324.0,0.51800839,0.68498943,512,474
150,geometric_skeleton,qa_rendered_geometric_centerline_record_v1.0,41,267.429,323.0,0.52334377,0.68287526,512,474
150,geometric_skeleton,qa_rendered_geometric_centerline_record_v1.0,42,270.11,321.89,0.52859028,0.68052932,512,474
150,geometric_skeleton,qa_rendered_geometric_centerline_record_v1.0,43,272.467,320.0,0.53320393,0.67653277,512,474
150,geometric_skeleton,qa_rendered_geometric_centerline_record_v1.0,44,275.608,320.0,0.53934991,0.67653277,512,474
150,geometric_skeleton,qa_rendered_geometric_centerline_record_v1.0,45,278.529,319.471,0.54506692,0.67541396,512,474
150,geometric_skeleton,qa_rendered_geometric_centerline_record_v1.0,46,281.336,318.664,0.55055913,0.67370885,512,474
150,geometric_skeleton,qa_rendered_geometric_centerline_record_v1.0,47,284.142,317.858,0.55605134,0.67200373,512,474
150,geometric_skeleton,qa_rendered_geometric_centerline_record_v1.0,48,286.928,317.0,0.56150202,0.67019027,512,474
150,geometric_skeleton,qa_rendered_geometric_centerline_record_v1.0,49,289.654,316.0,0.5668374,0.66807611,512,474
150,geometric_skeleton,qa_rendered_geometric_centerline_record_v1.0,50,292.795,316.0,0.57298337,0.66807611,512,474
150,geometric_skeleton,qa_rendered_geometric_centerline_record_v1.0,51,295.935,316.0,0.57912934,0.66807611,512,474
150,geometric_skeleton,qa_rendered_geometric_centerline_record_v1.0,52,299.076,316.0,0.58527532,0.66807611,512,474
150,geometric_skeleton,qa_rendered_geometric_centerline_record_v1.0,53,302.216,316.0,0.59142129,0.66807611,512,474
150,geometric_skeleton,qa_rendered_geometric_centerline_record_v1.0,54,305.357,316.0,0.59756726,0.66807611,512,474
150,geometric_skeleton,qa_rendered_geometric_centerline_record_v1.0,55,308.497,316.0,0.60371324,0.66807611,512,474
150,geometric_skeleton,qa_rendered_geometric_centerline_record_v1.0,56,311.638,316.0,0.60985921,0.66807611,512,474
150,geometric_skeleton,qa_rendered_geometric_centerline_record_v1.0,57,314.779,316.0,0.61600518,0.66807611,512,474
150,geometric_skeleton,qa_rendered_geometric_centerline_record_v1.0,58,317.919,316.0,0.62215116,0.66807611,512,474
150,geometric_skeleton,qa_rendered_geometric_centerline_record_v1.0,59,321.06,316.0,0.62829713,0.66807611,512,474
150,geometric_skeleton,qa_rendered_geometric_centerline_record_v1.0,60,324.2,316.0,0.6344431,0.66807611,512,474
150,geometric_skeleton,qa_rendered_geometric_centerline_record_v1.0,61,326.948,315.052,0.63982044,0.66607137,512,474
150,geometric_skeleton,qa_rendered_geometric_centerline_record_v1.0,62,330.067,315.0,0.64592445,0.66596195,512,474
150,geometric_skeleton,qa_rendered_geometric_centerline_record_v1.0,63,332.854,314.146,0.65137804,0.66415607,512,474
150,geometric_skeleton,qa_rendered_geometric_centerline_record_v1.0,64,335.934,314.0,0.65740581,0.66384778,512,474
150,geometric_skeleton,qa_rendered_geometric_centerline_record_v1.0,65,338.76,313.24,0.66293564,0.66224078,512,474
150,geometric_skeleton,qa_rendered_geometric_centerline_record_v1.0,66,341.567,312.433,0.66842785,0.66053566,512,474
150,geometric_skeleton,qa_rendered_geometric_centerline_record_v1.0,67,344.528,312.0,0.67422254,0.65961945,512,474
150,geometric_skeleton,qa_rendered_geometric_centerline_record_v1.0,68,347.668,312.0,0.68036851,0.65961945,512,474
150,geometric_skeleton,qa_rendered_geometric_centerline_record_v1.0,69,350.809,312.0,0.68651449,0.65961945,512,474
150,geometric_skeleton,qa_rendered_geometric_centerline_record_v1.0,70,353.949,312.0,0.69266046,0.65961945,512,474
150,geometric_skeleton,qa_rendered_geometric_centerline_record_v1.0,71,357.09,312.0,0.69880643,0.65961945,512,474
150,geometric_skeleton,qa_rendered_geometric_centerline_record_v1.0,72,360.231,312.0,0.70495241,0.65961945,512,474
150,geometric_skeleton,qa_rendered_geometric_centerline_record_v1.0,73,363.371,312.0,0.71109838,0.65961945,512,474
150,geometric_skeleton,qa_rendered_geometric_centerline_record_v1.0,74,366.512,312.0,0.71724435,0.65961945,512,474
150,geometric_skeleton,qa_rendered_geometric_centerline_record_v1.0,75,369.652,312.0,0.72339033,0.65961945,512,474
150,geometric_skeleton,qa_rendered_geometric_centerline_record_v1.0,76,372.793,312.0,0.7295363,0.65961945,512,474
150,geometric_skeleton,qa_rendered_geometric_centerline_record_v1.0,77,375.934,312.0,0.73568227,0.65961945,512,474
150,geometric_skeleton,qa_rendered_geometric_centerline_record_v1.0,78,379.074,312.0,0.74182824,0.65961945,512,474
150,geometric_skeleton,qa_rendered_geometric_centerline_record_v1.0,79,382.215,312.0,0.74797422,0.65961945,512,474
150,geometric_skeleton,qa_rendered_geometric_centerline_record_v1.0,80,385.355,312.0,0.75412019,0.65961945,512,474
150,geometric_skeleton,qa_rendered_geometric_centerline_record_v1.0,81,388.496,312.0,0.76026616,0.65961945,512,474
150,geometric_skeleton,qa_rendered_geometric_centerline_record_v1.0,82,391.637,312.0,0.76641214,0.65961945,512,474
150,geometric_skeleton,qa_rendered_geometric_centerline_record_v1.0,83,394.777,312.0,0.77255811,0.65961945,512,474
150,geometric_skeleton,qa_rendered_geometric_centerline_record_v1.0,84,397.918,312.0,0.77870408,0.65961945,512,474
150,geometric_skeleton,qa_rendered_geometric_centerline_record_v1.0,85,401.058,312.0,0.78485006,0.65961945,512,474
150,geometric_skeleton,qa_rendered_geometric_centerline_record_v1.0,86,404.199,312.0,0.79099603,0.65961945,512,474
150,geometric_skeleton,qa_rendered_geometric_centerline_record_v1.0,87,407.34,312.0,0.797142,0.65961945,512,474
150,geometric_skeleton,qa_rendered_geometric_centerline_record_v1.0,88,410.48,312.0,0.80328798,0.65961945,512,474
150,geometric_skeleton,qa_rendered_geometric_centerline_record_v1.0,89,413.621,312.0,0.80943395,0.65961945,512,474
150,geometric_skeleton,qa_rendered_geometric_centerline_record_v1.0,90,416.761,312.0,0.81557992,0.65961945,512,474
150,geometric_skeleton,qa_rendered_geometric_centerline_record_v1.0,91,419.902,312.0,0.8217259,0.65961945,512,474
150,geometric_skeleton,qa_rendered_geometric_centerline_record_v1.0,92,423.043,312.0,0.82787187,0.65961945,512,474
150,geometric_skeleton,qa_rendered_geometric_centerline_record_v1.0,93,426.183,312.0,0.83401784,0.65961945,512,474
150,geometric_skeleton,qa_rendered_geometric_centerline_record_v1.0,94,429.324,312.0,0.84016382,0.65961945,512,474
150,geometric_skeleton,qa_rendered_geometric_centerline_record_v1.0,95,432.464,312.0,0.84630979,0.65961945,512,474
150,geometric_skeleton,qa_rendered_geometric_centerline_record_v1.0,96,435.605,312.0,0.85245576,0.65961945,512,474
150,geometric_skeleton,qa_rendered_geometric_centerline_record_v1.0,97,438.745,312.0,0.85860174,0.65961945,512,474
150,geometric_skeleton,qa_rendered_geometric_centerline_record_v1.0,98,441.886,312.0,0.86474771,0.65961945,512,474
150,geometric_skeleton,qa_rendered_geometric_centerline_record_v1.0,99,445.027,312.0,0.87089368,0.65961945,512,474
150,geometric_skeleton,qa_rendered_geometric_centerline_record_v1.0,100,448.167,312.0,0.87703966,0.65961945,512,474
150,geometric_skeleton,qa_rendered_geometric_centerline_record_v1.0,101,451.308,312.0,0.88318563,0.65961945,512,474
150,geometric_skeleton,qa_rendered_geometric_centerline_record_v1.0,102,454.448,312.0,0.8893316,0.65961945,512,474
150,geometric_skeleton,qa_rendered_geometric_centerline_record_v1.0,103,457.589,312.0,0.89547758,0.65961945,512,474
150,geometric_skeleton,qa_rendered_geometric_centerline_record_v1.0,104,460.73,312.0,0.90162355,0.65961945,512,474
150,geometric_skeleton,qa_rendered_geometric_centerline_record_v1.0,105,463.87,312.0,0.90776952,0.65961945,512,474
150,geometric_skeleton,qa_rendered_geometric_centerline_record_v1.0,106,466.715,311.285,0.91333612,0.65810834,512,474
150,geometric_skeleton,qa_rendered_geometric_centerline_record_v1.0,107,468.935,309.065,0.91768198,0.65341334,512,474
150,geometric_skeleton,qa_rendered_geometric_centerline_record_v1.0,108,471.156,306.844,0.92202784,0.64871834,512,474
150,geometric_skeleton,qa_rendered_geometric_centerline_record_v1.0,109,473.0,304.467,0.92563601,0.64369323,512,474
150,geometric_skeleton,qa_rendered_geometric_centerline_record_v1.0,110,474.891,302.109,0.92933579,0.63870912,512,474
150,geometric_skeleton,qa_rendered_geometric_centerline_record_v1.0,111,477.0,299.843,0.9334638,0.63391664,512,474
150,geometric_skeleton,qa_rendered_geometric_centerline_record_v1.0,112,477.918,297.082,0.93525996,0.62808067,512,474
150,geometric_skeleton,qa_rendered_geometric_centerline_record_v1.0,113,478.724,294.276,0.93683828,0.62214723,512,474
150,geometric_skeleton,qa_rendered_geometric_centerline_record_v1.0,114,479.531,291.469,0.9384166,0.61621378,512,474
150,geometric_skeleton,qa_rendered_geometric_centerline_record_v1.0,115,480.337,288.663,0.93999492,0.61028033,512,474
150,geometric_skeleton,qa_rendered_geometric_centerline_record_v1.0,116,481.144,285.856,0.94157324,0.60434688,512,474
150,geometric_skeleton,qa_rendered_geometric_centerline_record_v1.0,117,482.516,283.226,0.94425798,0.59878702,512,474
150,geometric_skeleton,qa_rendered_geometric_centerline_record_v1.0,118,484.258,280.613,0.94766715,0.59326243,512,474
150,geometric_skeleton,qa_rendered_geometric_centerline_record_v1.0,119,486.0,278.0,0.95107632,0.58773784,512,474
151,geometric_skeleton,qa_rendered_geometric_centerline_record_v1.0,0,188.0,264.0,0.36790607,0.55813953,512,474
151,geometric_skeleton,qa_rendered_geometric_centerline_record_v1.0,1,190.574,262.284,0.37294421,0.55451094,512,474
151,geometric_skeleton,qa_rendered_geometric_centerline_record_v1.0,2,193.149,260.567,0.37798235,0.55088234,512,474
151,geometric_skeleton,qa_rendered_geometric_centerline_record_v1.0,3,196.071,260.0,0.38370127,0.54968288,512,474
151,geometric_skeleton,qa_rendered_geometric_centerline_record_v1.0,4,199.166,260.0,0.38975636,0.54968288,512,474
151,geometric_skeleton,qa_rendered_geometric_centerline_record_v1.0,5,201.598,261.598,0.39451627,0.55306092,512,474
151,geometric_skeleton,qa_rendered_geometric_centerline_record_v1.0,6,204.525,262.0,0.40024536,0.55391121,512,474
151,geometric_skeleton,qa_rendered_geometric_centerline_record_v1.0,7,207.62,262.0,0.40630045,0.55391121,512,474
151,geometric_skeleton,qa_rendered_geometric_centerline_record_v1.0,8,210.299,263.0,0.41154494,0.55602537,512,474
151,geometric_skeleton,qa_rendered_geometric_centerline_record_v1.0,9,213.394,263.0,0.41760003,0.55602537,512,474
151,geometric_skeleton,qa_rendered_geometric_centerline_record_v1.0,10,216.488,263.0,0.42365512,0.55602537,512,474
151,geometric_skeleton,qa_rendered_geometric_centerline_record_v1.0,11,219.168,264.0,0.42889962,0.55813953,512,474
151,geometric_skeleton,qa_rendered_geometric_centerline_record_v1.0,12,222.262,264.0,0.43495471,0.55813953,512,474
151,geometric_skeleton,qa_rendered_geometric_centerline_record_v1.0,13,225.356,264.0,0.4410098,0.55813953,512,474
151,geometric_skeleton,qa_rendered_geometric_centerline_record_v1.0,14,228.45,264.0,0.44706489,0.55813953,512,474
151,geometric_skeleton,qa_rendered_geometric_centerline_record_v1.0,15,231.544,264.0,0.45311998,0.55813953,512,474
151,geometric_skeleton,qa_rendered_geometric_centerline_record_v1.0,16,234.638,264.0,0.45917507,0.55813953,512,474
151,geometric_skeleton,qa_rendered_geometric_centerline_record_v1.0,17,237.733,264.0,0.46523016,0.55813953,512,474
151,geometric_skeleton,qa_rendered_geometric_centerline_record_v1.0,18,240.827,264.0,0.47128525,0.55813953,512,474
151,geometric_skeleton,qa_rendered_geometric_centerline_record_v1.0,19,243.921,264.0,0.47734034,0.55813953,512,474
151,geometric_skeleton,qa_rendered_geometric_centerline_record_v1.0,20,247.015,264.0,0.48339543,0.55813953,512,474
151,geometric_skeleton,qa_rendered_geometric_centerline_record_v1.0,21,250.109,264.0,0.48945052,0.55813953,512,474
151,geometric_skeleton,qa_rendered_geometric_centerline_record_v1.0,22,253.203,264.0,0.49550561,0.55813953,512,474
151,geometric_skeleton,qa_rendered_geometric_centerline_record_v1.0,23,255.883,265.0,0.50075011,0.5602537,512,474
151,geometric_skeleton,qa_rendered_geometric_centerline_record_v1.0,24,258.977,265.0,0.5068052,0.5602537,512,474
151,geometric_skeleton,qa_rendered_geometric_centerline_record_v1.0,25,262.072,265.0,0.51286029,0.5602537,512,474
151,geometric_skeleton,qa_rendered_geometric_centerline_record_v1.0,26,265.166,265.0,0.51891538,0.5602537,512,474
151,geometric_skeleton,qa_rendered_geometric_centerline_record_v1.0,27,268.26,265.0,0.52497047,0.5602537,512,474
151,geometric_skeleton,qa_rendered_geometric_centerline_record_v1.0,28,271.354,265.0,0.53102556,0.5602537,512,474
151,geometric_skeleton,qa_rendered_geometric_centerline_record_v1.0,29,274.448,265.0,0.53708065,0.5602537,512,474
151,geometric_skeleton,qa_rendered_geometric_centerline_record_v1.0,30,277.542,265.0,0.54313574,0.5602537,512,474
151,geometric_skeleton,qa_rendered_geometric_centerline_record_v1.0,31,280.637,265.0,0.54919083,0.5602537,512,474
151,geometric_skeleton,qa_rendered_geometric_centerline_record_v1.0,32,283.731,265.0,0.55524592,0.5602537,512,474
151,geometric_skeleton,qa_rendered_geometric_centerline_record_v1.0,33,286.825,265.0,0.56130101,0.5602537,512,474
151,geometric_skeleton,qa_rendered_geometric_centerline_record_v1.0,34,289.919,265.0,0.5673561,0.5602537,512,474
151,geometric_skeleton,qa_rendered_geometric_centerline_record_v1.0,35,293.013,265.0,0.57341119,0.5602537,512,474
151,geometric_skeleton,qa_rendered_geometric_centerline_record_v1.0,36,296.107,265.0,0.57946628,0.5602537,512,474
151,geometric_skeleton,qa_rendered_geometric_centerline_record_v1.0,37,299.201,265.0,0.58552137,0.5602537,512,474
151,geometric_skeleton,qa_rendered_geometric_centerline_record_v1.0,38,302.296,265.0,0.59157646,0.5602537,512,474
151,geometric_skeleton,qa_rendered_geometric_centerline_record_v1.0,39,305.39,265.0,0.59763155,0.5602537,512,474
151,geometric_skeleton,qa_rendered_geometric_centerline_record_v1.0,40,308.484,265.0,0.60368664,0.5602537,512,474
151,geometric_skeleton,qa_rendered_geometric_centerline_record_v1.0,41,311.409,264.591,0.60941042,0.55938959,512,474
151,geometric_skeleton,qa_rendered_geometric_centerline_record_v1.0,42,314.258,264.0,0.61498623,0.55813953,512,474
151,geometric_skeleton,qa_rendered_geometric_centerline_record_v1.0,43,317.249,263.751,0.62083949,0.55761315,512,474
151,geometric_skeleton,qa_rendered_geometric_centerline_record_v1.0,44,320.032,263.0,0.62628581,0.55602537,512,474
151,geometric_skeleton,qa_rendered_geometric_centerline_record_v1.0,45,323.126,263.0,0.6323409,0.55602537,512,474
151,geometric_skeleton,qa_rendered_geometric_centerline_record_v1.0,46,326.22,263.0,0.63839599,0.55602537,512,474
151,geometric_skeleton,qa_rendered_geometric_centerline_record_v1.0,47,329.315,263.0,0.64445108,0.55602537,512,474
151,geometric_skeleton,qa_rendered_geometric_centerline_record_v1.0,48,332.409,263.0,0.65050618,0.55602537,512,474
151,geometric_skeleton,qa_rendered_geometric_centerline_record_v1.0,49,335.503,263.0,0.65656127,0.55602537,512,474
151,geometric_skeleton,qa_rendered_geometric_centerline_record_v1.0,50,338.597,263.0,0.66261636,0.55602537,512,474
151,geometric_skeleton,qa_rendered_geometric_centerline_record_v1.0,51,341.691,263.0,0.66867145,0.55602537,512,474
151,geometric_skeleton,qa_rendered_geometric_centerline_record_v1.0,52,344.785,263.0,0.67472654,0.55602537,512,474
151,geometric_skeleton,qa_rendered_geometric_centerline_record_v1.0,53,347.879,263.0,0.68078163,0.55602537,512,474
151,geometric_skeleton,qa_rendered_geometric_centerline_record_v1.0,54,350.974,263.0,0.68683672,0.55602537,512,474
151,geometric_skeleton,qa_rendered_geometric_centerline_record_v1.0,55,354.068,263.0,0.69289181,0.55602537,512,474
151,geometric_skeleton,qa_rendered_geometric_centerline_record_v1.0,56,357.162,263.0,0.6989469,0.55602537,512,474
151,geometric_skeleton,qa_rendered_geometric_centerline_record_v1.0,57,360.256,263.0,0.70500199,0.55602537,512,474
151,geometric_skeleton,qa_rendered_geometric_centerline_record_v1.0,58,363.35,263.0,0.71105708,0.55602537,512,474
151,geometric_skeleton,qa_rendered_geometric_centerline_record_v1.0,59,366.444,263.0,0.71711217,0.55602537,512,474
151,geometric_skeleton,qa_rendered_geometric_centerline_record_v1.0,60,369.538,263.0,0.72316726,0.55602537,512,474
151,geometric_skeleton,qa_rendered_geometric_centerline_record_v1.0,61,372.218,264.0,0.72841175,0.55813953,512,474
151,geometric_skeleton,qa_rendered_geometric_centerline_record_v1.0,62,374.928,264.928,0.73371452,0.56010173,512,474
151,geometric_skeleton,qa_rendered_geometric_centerline_record_v1.0,63,377.992,265.0,0.73971134,0.5602537,512,474
151,geometric_skeleton,qa_rendered_geometric_centerline_record_v1.0,64,380.768,265.768,0.74514359,0.56187817,512,474
151,geometric_skeleton,qa_rendered_geometric_centerline_record_v1.0,65,383.767,266.0,0.75101093,0.56236786,512,474
151,geometric_skeleton,qa_rendered_geometric_centerline_record_v1.0,66,386.609,266.609,0.75657266,0.56365461,512,474
151,geometric_skeleton,qa_rendered_geometric_centerline_record_v1.0,67,389.541,267.0,0.76231051,0.56448203,512,474
151,geometric_skeleton,qa_rendered_geometric_centerline_record_v1.0,68,392.449,267.449,0.76800174,0.56543105,512,474
151,geometric_skeleton,qa_rendered_geometric_centerline_record_v1.0,69,395.223,268.223,0.77342969,0.56706674,512,474
151,geometric_skeleton,qa_rendered_geometric_centerline_record_v1.0,70,397.995,269.0,0.7788546,0.56871036,512,474
151,geometric_skeleton,qa_rendered_geometric_centerline_record_v1.0,71,401.063,269.063,0.78485876,0.56884318,512,474
151,geometric_skeleton,qa_rendered_geometric_centerline_record_v1.0,72,403.769,270.0,0.79015418,0.57082452,512,474
151,geometric_skeleton,qa_rendered_geometric_centerline_record_v1.0,73,406.863,270.0,0.79620927,0.57082452,512,474
151,geometric_skeleton,qa_rendered_geometric_centerline_record_v1.0,74,409.957,270.0,0.80226436,0.57082452,512,474
151,geometric_skeleton,qa_rendered_geometric_centerline_record_v1.0,75,413.051,270.0,0.80831945,0.57082452,512,474
151,geometric_skeleton,qa_rendered_geometric_centerline_record_v1.0,76,416.145,270.0,0.81437454,0.57082452,512,474
151,geometric_skeleton,qa_rendered_geometric_centerline_record_v1.0,77,419.24,270.0,0.82042963,0.57082452,512,474
151,geometric_skeleton,qa_rendered_geometric_centerline_record_v1.0,78,422.236,269.764,0.82629346,0.57032567,512,474
151,geometric_skeleton,qa_rendered_geometric_centerline_record_v1.0,79,425.01,268.99,0.83172141,0.56868998,512,474
151,geometric_skeleton,qa_rendered_geometric_centerline_record_v1.0,80,427.694,268.0,0.83697372,0.56659619,512,474
151,geometric_skeleton,qa_rendered_geometric_centerline_record_v1.0,81,430.374,267.0,0.84221821,0.56448203,512,474
151,geometric_skeleton,qa_rendered_geometric_centerline_record_v1.0,82,433.468,267.0,0.8482733,0.56448203,512,474
151,geometric_skeleton,qa_rendered_geometric_centerline_record_v1.0,83,436.562,267.0,0.85432839,0.56448203,512,474
151,geometric_skeleton,qa_rendered_geometric_centerline_record_v1.0,84,439.242,266.0,0.85957289,0.56236786,512,474
151,geometric_skeleton,qa_rendered_geometric_centerline_record_v1.0,85,442.336,266.0,0.86562798,0.56236786,512,474
151,geometric_skeleton,qa_rendered_geometric_centerline_record_v1.0,86,445.016,265.0,0.87087247,0.5602537,512,474
151,geometric_skeleton,qa_rendered_geometric_centerline_record_v1.0,87,448.11,265.0,0.87692757,0.5602537,512,474
151,geometric_skeleton,qa_rendered_geometric_centerline_record_v1.0,88,451.204,265.0,0.88298266,0.5602537,512,474
151,geometric_skeleton,qa_rendered_geometric_centerline_record_v1.0,89,454.298,265.0,0.88903775,0.5602537,512,474
151,geometric_skeleton,qa_rendered_geometric_centerline_record_v1.0,90,457.392,265.0,0.89509284,0.5602537,512,474
151,geometric_skeleton,qa_rendered_geometric_centerline_record_v1.0,91,460.487,265.0,0.90114793,0.5602537,512,474
151,geometric_skeleton,qa_rendered_geometric_centerline_record_v1.0,92,463.581,265.0,0.90720302,0.5602537,512,474
151,geometric_skeleton,qa_rendered_geometric_centerline_record_v1.0,93,466.675,265.0,0.91325811,0.5602537,512,474
151,geometric_skeleton,qa_rendered_geometric_centerline_record_v1.0,94,469.769,265.0,0.9193132,0.5602537,512,474
151,geometric_skeleton,qa_rendered_geometric_centerline_record_v1.0,95,472.863,265.0,0.92536829,0.5602537,512,474
151,geometric_skeleton,qa_rendered_geometric_centerline_record_v1.0,96,475.957,265.0,0.93142338,0.5602537,512,474
151,geometric_skeleton,qa_rendered_geometric_centerline_record_v1.0,97,478.158,262.842,0.93572942,0.55569189,512,474
151,geometric_skeleton,qa_rendered_geometric_centerline_record_v1.0,98,480.346,260.654,0.94001102,0.55106632,512,474
151,geometric_skeleton,qa_rendered_geometric_centerline_record_v1.0,99,482.534,258.466,0.94429261,0.54644075,512,474
151,geometric_skeleton,qa_rendered_geometric_centerline_record_v1.0,100,484.721,256.279,0.94857421,0.54181518,512,474
151,geometric_skeleton,qa_rendered_geometric_centerline_record_v1.0,101,486.0,253.714,0.95107632,0.53639331,512,474
151,geometric_skeleton,qa_rendered_geometric_centerline_record_v1.0,102,487.0,251.034,0.95303327,0.53072748,512,474
151,geometric_skeleton,qa_rendered_geometric_centerline_record_v1.0,103,487.0,247.94,0.95303327,0.52418593,512,474
151,geometric_skeleton,qa_rendered_geometric_centerline_record_v1.0,104,487.0,244.846,0.95303327,0.51764439,512,474
151,geometric_skeleton,qa_rendered_geometric_centerline_record_v1.0,105,487.0,241.752,0.95303327,0.51110284,512,474
151,geometric_skeleton,qa_rendered_geometric_centerline_record_v1.0,106,487.949,239.051,0.95489099,0.50539261,512,474
151,geometric_skeleton,qa_rendered_geometric_centerline_record_v1.0,107,490.137,236.863,0.95917259,0.50076704,512,474
151,geometric_skeleton,qa_rendered_geometric_centerline_record_v1.0,108,490.768,234.141,0.96040619,0.49501166,512,474
151,geometric_skeleton,qa_rendered_geometric_centerline_record_v1.0,109,490.384,231.07,0.95965515,0.48852063,512,474
151,geometric_skeleton,qa_rendered_geometric_centerline_record_v1.0,110,490.0,228.0,0.95890411,0.4820296,512,474
154,geometric_skeleton,qa_rendered_geometric_centerline_record_v1.0,0,138.0,238.0,0.27005871,0.50317125,512,474
154,geometric_skeleton,qa_rendered_geometric_centerline_record_v1.0,1,140.751,239.375,0.27544176,0.50607901,512,474
154,geometric_skeleton,qa_rendered_geometric_centerline_record_v1.0,2,143.501,240.751,0.28082481,0.50898677,512,474
154,geometric_skeleton,qa_rendered_geometric_centerline_record_v1.0,3,145.781,242.781,0.28528481,0.51327809,512,474
154,geometric_skeleton,qa_rendered_geometric_centerline_record_v1.0,4,147.955,244.955,0.28954048,0.51787566,512,474
154,geometric_skeleton,qa_rendered_geometric_centerline_record_v1.0,5,150.423,246.423,0.29436934,0.52097829,512,474
154,geometric_skeleton,qa_rendered_geometric_centerline_record_v1.0,6,153.259,247.0,0.29991984,0.52219873,512,474
154,geometric_skeleton,qa_rendered_geometric_centerline_record_v1.0,7,156.334,247.0,0.30593828,0.52219873,512,474
154,geometric_skeleton,qa_rendered_geometric_centerline_record_v1.0,8,159.41,247.0,0.31195671,0.52219873,512,474
154,geometric_skeleton,qa_rendered_geometric_centerline_record_v1.0,9,162.485,247.0,0.31797515,0.52219873,512,474
154,geometric_skeleton,qa_rendered_geometric_centerline_record_v1.0,10,165.561,247.0,0.32399358,0.52219873,512,474
154,geometric_skeleton,qa_rendered_geometric_centerline_record_v1.0,11,168.636,247.0,0.33001202,0.52219873,512,474
154,geometric_skeleton,qa_rendered_geometric_centerline_record_v1.0,12,171.712,247.0,0.33603046,0.52219873,512,474
154,geometric_skeleton,qa_rendered_geometric_centerline_record_v1.0,13,174.787,247.0,0.34204889,0.52219873,512,474
154,geometric_skeleton,qa_rendered_geometric_centerline_record_v1.0,14,177.862,247.0,0.34806733,0.52219873,512,474
154,geometric_skeleton,qa_rendered_geometric_centerline_record_v1.0,15,180.938,247.0,0.35408576,0.52219873,512,474
154,geometric_skeleton,qa_rendered_geometric_centerline_record_v1.0,16,184.013,247.0,0.3601042,0.52219873,512,474
154,geometric_skeleton,qa_rendered_geometric_centerline_record_v1.0,17,187.089,247.0,0.36612264,0.52219873,512,474
154,geometric_skeleton,qa_rendered_geometric_centerline_record_v1.0,18,190.164,247.0,0.37214107,0.52219873,512,474
154,geometric_skeleton,qa_rendered_geometric_centerline_record_v1.0,19,193.24,247.0,0.37815951,0.52219873,512,474
154,geometric_skeleton,qa_rendered_geometric_centerline_record_v1.0,20,196.315,247.0,0.38417794,0.52219873,512,474
154,geometric_skeleton,qa_rendered_geometric_centerline_record_v1.0,21,199.39,247.0,0.39019638,0.52219873,512,474
154,geometric_skeleton,qa_rendered_geometric_centerline_record_v1.0,22,202.466,247.0,0.39621481,0.52219873,512,474
154,geometric_skeleton,qa_rendered_geometric_centerline_record_v1.0,23,205.541,247.0,0.40223325,0.52219873,512,474
154,geometric_skeleton,qa_rendered_geometric_centerline_record_v1.0,24,208.617,247.0,0.40825169,0.52219873,512,474
154,geometric_skeleton,qa_rendered_geometric_centerline_record_v1.0,25,211.692,247.0,0.41427012,0.52219873,512,474
154,geometric_skeleton,qa_rendered_geometric_centerline_record_v1.0,26,214.767,247.0,0.42028856,0.52219873,512,474
154,geometric_skeleton,qa_rendered_geometric_centerline_record_v1.0,27,217.843,247.0,0.42630699,0.52219873,512,474
154,geometric_skeleton,qa_rendered_geometric_centerline_record_v1.0,28,220.918,247.0,0.43232543,0.52219873,512,474
154,geometric_skeleton,qa_rendered_geometric_centerline_record_v1.0,29,223.58,248.0,0.43753327,0.5243129,512,474
154,geometric_skeleton,qa_rendered_geometric_centerline_record_v1.0,30,226.655,248.0,0.44355171,0.5243129,512,474
154,geometric_skeleton,qa_rendered_geometric_centerline_record_v1.0,31,229.73,248.0,0.44957014,0.5243129,512,474
154,geometric_skeleton,qa_rendered_geometric_centerline_record_v1.0,32,232.806,248.0,0.45558858,0.5243129,512,474
154,geometric_skeleton,qa_rendered_geometric_centerline_record_v1.0,33,235.881,248.0,0.46160701,0.5243129,512,474
154,geometric_skeleton,qa_rendered_geometric_centerline_record_v1.0,34,238.957,248.0,0.46762545,0.5243129,512,474
154,geometric_skeleton,qa_rendered_geometric_centerline_record_v1.0,35,242.032,248.0,0.47364389,0.5243129,512,474
154,geometric_skeleton,qa_rendered_geometric_centerline_record_v1.0,36,244.693,249.0,0.47885173,0.52642706,512,474
154,geometric_skeleton,qa_rendered_geometric_centerline_record_v1.0,37,247.769,249.0,0.48487016,0.52642706,512,474
154,geometric_skeleton,qa_rendered_geometric_centerline_record_v1.0,38,250.43,250.0,0.49007801,0.52854123,512,474
154,geometric_skeleton,qa_rendered_geometric_centerline_record_v1.0,39,253.505,250.0,0.49609644,0.52854123,512,474
154,geometric_skeleton,qa_rendered_geometric_centerline_record_v1.0,40,256.581,250.0,0.50211488,0.52854123,512,474
154,geometric_skeleton,qa_rendered_geometric_centerline_record_v1.0,41,259.242,251.0,0.50732272,0.53065539,512,474
154,geometric_skeleton,qa_rendered_geometric_centerline_record_v1.0,42,261.931,251.931,0.51258609,0.53262472,512,474
154,geometric_skeleton,qa_rendered_geometric_centerline_record_v1.0,43,264.979,252.0,0.518549,0.53276956,512,474
154,geometric_skeleton,qa_rendered_geometric_centerline_record_v1.0,44,267.745,252.745,0.52396333,0.53434516,512,474
154,geometric_skeleton,qa_rendered_geometric_centerline_record_v1.0,45,270.715,253.0,0.52977527,0.53488372,512,474
154,geometric_skeleton,qa_rendered_geometric_centerline_record_v1.0,46,273.559,253.559,0.53534056,0.5360656,512,474
154,geometric_skeleton,qa_rendered_geometric_centerline_record_v1.0,47,276.319,254.319,0.54074259,0.53767329,512,474
154,geometric_skeleton,qa_rendered_geometric_centerline_record_v1.0,48,279.08,255.08,0.54614462,0.53928098,512,474
154,geometric_skeleton,qa_rendered_geometric_centerline_record_v1.0,49,281.774,256.0,0.55141723,0.54122622,512,474
154,geometric_skeleton,qa_rendered_geometric_centerline_record_v1.0,50,284.435,257.0,0.55662508,0.54334038,512,474
154,geometric_skeleton,qa_rendered_geometric_centerline_record_v1.0,51,287.511,257.0,0.56264351,0.54334038,512,474
154,geometric_skeleton,qa_rendered_geometric_centerline_record_v1.0,52,290.586,257.0,0.56866195,0.54334038,512,474
154,geometric_skeleton,qa_rendered_geometric_centerline_record_v1.0,53,293.662,257.0,0.57468038,0.54334038,512,474
154,geometric_skeleton,qa_rendered_geometric_centerline_record_v1.0,54,296.737,257.0,0.58069882,0.54334038,512,474
154,geometric_skeleton,qa_rendered_geometric_centerline_record_v1.0,55,299.813,257.0,0.58671726,0.54334038,512,474
154,geometric_skeleton,qa_rendered_geometric_centerline_record_v1.0,56,302.888,257.0,0.59273569,0.54334038,512,474
154,geometric_skeleton,qa_rendered_geometric_centerline_record_v1.0,57,305.963,257.0,0.59875413,0.54334038,512,474
154,geometric_skeleton,qa_rendered_geometric_centerline_record_v1.0,58,309.039,257.0,0.60477256,0.54334038,512,474
154,geometric_skeleton,qa_rendered_geometric_centerline_record_v1.0,59,312.114,257.0,0.610791,0.54334038,512,474
154,geometric_skeleton,qa_rendered_geometric_centerline_record_v1.0,60,315.19,257.0,0.61680943,0.54334038,512,474
154,geometric_skeleton,qa_rendered_geometric_centerline_record_v1.0,61,318.265,257.0,0.62282787,0.54334038,512,474
154,geometric_skeleton,qa_rendered_geometric_centerline_record_v1.0,62,321.34,257.0,0.62884631,0.54334038,512,474
154,geometric_skeleton,qa_rendered_geometric_centerline_record_v1.0,63,324.416,257.0,0.63486474,0.54334038,512,474
154,geometric_skeleton,qa_rendered_geometric_centerline_record_v1.0,64,327.491,257.0,0.64088318,0.54334038,512,474
154,geometric_skeleton,qa_rendered_geometric_centerline_record_v1.0,65,330.567,257.0,0.64690161,0.54334038,512,474
154,geometric_skeleton,qa_rendered_geometric_centerline_record_v1.0,66,333.642,257.0,0.65292005,0.54334038,512,474
154,geometric_skeleton,qa_rendered_geometric_centerline_record_v1.0,67,336.718,257.0,0.65893849,0.54334038,512,474
154,geometric_skeleton,qa_rendered_geometric_centerline_record_v1.0,68,339.793,257.0,0.66495692,0.54334038,512,474
154,geometric_skeleton,qa_rendered_geometric_centerline_record_v1.0,69,342.868,257.0,0.67097536,0.54334038,512,474
154,geometric_skeleton,qa_rendered_geometric_centerline_record_v1.0,70,345.944,257.0,0.67699379,0.54334038,512,474
154,geometric_skeleton,qa_rendered_geometric_centerline_record_v1.0,71,349.019,257.0,0.68301223,0.54334038,512,474
154,geometric_skeleton,qa_rendered_geometric_centerline_record_v1.0,72,352.095,257.0,0.68903066,0.54334038,512,474
154,geometric_skeleton,qa_rendered_geometric_centerline_record_v1.0,73,355.17,257.0,0.6950491,0.54334038,512,474
154,geometric_skeleton,qa_rendered_geometric_centerline_record_v1.0,74,358.246,257.0,0.70106754,0.54334038,512,474
154,geometric_skeleton,qa_rendered_geometric_centerline_record_v1.0,75,361.321,257.0,0.70708597,0.54334038,512,474
154,geometric_skeleton,qa_rendered_geometric_centerline_record_v1.0,76,364.396,257.0,0.71310441,0.54334038,512,474
154,geometric_skeleton,qa_rendered_geometric_centerline_record_v1.0,77,367.472,257.0,0.71912284,0.54334038,512,474
154,geometric_skeleton,qa_rendered_geometric_centerline_record_v1.0,78,370.547,257.0,0.72514128,0.54334038,512,474
154,geometric_skeleton,qa_rendered_geometric_centerline_record_v1.0,79,373.623,257.0,0.73115972,0.54334038,512,474
154,geometric_skeleton,qa_rendered_geometric_centerline_record_v1.0,80,376.698,257.0,0.73717815,0.54334038,512,474
154,geometric_skeleton,qa_rendered_geometric_centerline_record_v1.0,81,379.773,257.0,0.74319659,0.54334038,512,474
154,geometric_skeleton,qa_rendered_geometric_centerline_record_v1.0,82,382.849,257.0,0.74921502,0.54334038,512,474
154,geometric_skeleton,qa_rendered_geometric_centerline_record_v1.0,83,385.51,258.0,0.75442286,0.54545455,512,474
154,geometric_skeleton,qa_rendered_geometric_centerline_record_v1.0,84,388.171,259.0,0.75963071,0.54756871,512,474
154,geometric_skeleton,qa_rendered_geometric_centerline_record_v1.0,85,390.882,259.882,0.76493456,0.54943247,512,474
154,geometric_skeleton,qa_rendered_geometric_centerline_record_v1.0,86,393.642,260.642,0.77033659,0.55104016,512,474
154,geometric_skeleton,qa_rendered_geometric_centerline_record_v1.0,87,396.402,261.402,0.77573862,0.55264785,512,474
154,geometric_skeleton,qa_rendered_geometric_centerline_record_v1.0,88,399.163,262.163,0.78114065,0.55425554,512,474
154,geometric_skeleton,qa_rendered_geometric_centerline_record_v1.0,89,401.892,263.0,0.78648051,0.55602537,512,474
154,geometric_skeleton,qa_rendered_geometric_centerline_record_v1.0,90,404.553,264.0,0.79168835,0.55813953,512,474
154,geometric_skeleton,qa_rendered_geometric_centerline_record_v1.0,91,407.628,264.0,0.79770679,0.55813953,512,474
154,geometric_skeleton,qa_rendered_geometric_centerline_record_v1.0,92,410.704,264.0,0.80372522,0.55813953,512,474
154,geometric_skeleton,qa_rendered_geometric_centerline_record_v1.0,93,413.779,264.0,0.80974366,0.55813953,512,474
154,geometric_skeleton,qa_rendered_geometric_centerline_record_v1.0,94,416.44,265.0,0.8149515,0.5602537,512,474
154,geometric_skeleton,qa_rendered_geometric_centerline_record_v1.0,95,419.516,265.0,0.82096994,0.5602537,512,474
154,geometric_skeleton,qa_rendered_geometric_centerline_record_v1.0,96,422.591,265.0,0.82698837,0.5602537,512,474
154,geometric_skeleton,qa_rendered_geometric_centerline_record_v1.0,97,425.666,265.0,0.83300681,0.5602537,512,474
154,geometric_skeleton,qa_rendered_geometric_centerline_record_v1.0,98,428.742,265.0,0.83902524,0.5602537,512,474
154,geometric_skeleton,qa_rendered_geometric_centerline_record_v1.0,99,431.817,265.0,0.84504368,0.5602537,512,474
154,geometric_skeleton,qa_rendered_geometric_centerline_record_v1.0,100,434.893,265.0,0.85106212,0.5602537,512,474
154,geometric_skeleton,qa_rendered_geometric_centerline_record_v1.0,101,437.968,265.0,0.85708055,0.5602537,512,474
154,geometric_skeleton,qa_rendered_geometric_centerline_record_v1.0,102,441.044,265.0,0.86309899,0.5602537,512,474
154,geometric_skeleton,qa_rendered_geometric_centerline_record_v1.0,103,444.119,265.0,0.86911742,0.5602537,512,474
154,geometric_skeleton,qa_rendered_geometric_centerline_record_v1.0,104,447.194,265.0,0.87513586,0.5602537,512,474
154,geometric_skeleton,qa_rendered_geometric_centerline_record_v1.0,105,450.27,265.0,0.88115429,0.5602537,512,474
154,geometric_skeleton,qa_rendered_geometric_centerline_record_v1.0,106,453.345,265.0,0.88717273,0.5602537,512,474
154,geometric_skeleton,qa_rendered_geometric_centerline_record_v1.0,107,456.421,265.0,0.89319117,0.5602537,512,474
154,geometric_skeleton,qa_rendered_geometric_centerline_record_v1.0,108,459.351,265.351,0.89892525,0.56099535,512,474
154,geometric_skeleton,qa_rendered_geometric_centerline_record_v1.0,109,462.111,266.111,0.90432727,0.56260304,512,474
154,geometric_skeleton,qa_rendered_geometric_centerline_record_v1.0,110,464.819,267.0,0.90962529,0.56448203,512,474
154,geometric_skeleton,qa_rendered_geometric_centerline_record_v1.0,111,467.894,267.0,0.91564372,0.56448203,512,474
154,geometric_skeleton,qa_rendered_geometric_centerline_record_v1.0,112,470.1,269.1,0.91996019,0.56892105,512,474
154,geometric_skeleton,qa_rendered_geometric_centerline_record_v1.0,113,472.274,271.274,0.92421586,0.57351862,512,474
154,geometric_skeleton,qa_rendered_geometric_centerline_record_v1.0,114,474.0,273.635,0.92759295,0.57850935,512,474
154,geometric_skeleton,qa_rendered_geometric_centerline_record_v1.0,115,474.0,276.71,0.92759295,0.5850113,512,474
154,geometric_skeleton,qa_rendered_geometric_centerline_record_v1.0,116,475.0,279.372,0.9295499,0.59063753,512,474
154,geometric_skeleton,qa_rendered_geometric_centerline_record_v1.0,117,475.0,282.447,0.9295499,0.59713947,512,474
154,geometric_skeleton,qa_rendered_geometric_centerline_record_v1.0,118,475.369,285.369,0.93027277,0.60331794,512,474
154,geometric_skeleton,qa_rendered_geometric_centerline_record_v1.0,119,477.0,287.769,0.9334638,0.60839193,512,474
154,geometric_skeleton,qa_rendered_geometric_centerline_record_v1.0,120,477.0,290.845,0.9334638,0.61489388,512,474
154,geometric_skeleton,qa_rendered_geometric_centerline_record_v1.0,121,476.87,293.911,0.93320912,0.62137627,512,474
154,geometric_skeleton,qa_rendered_geometric_centerline_record_v1.0,122,476.435,296.955,0.93235798,0.62781287,512,474
154,geometric_skeleton,qa_rendered_geometric_centerline_record_v1.0,123,476.0,300.0,0.93150685,0.63424947,512,474
