cow_id,ground_truth_weight_kg,torso_definition_code,torso_definition,torso_length_m,station_index,station_ratio_within_torso,station_ratio_full_pca,station_center_x_m,station_center_y_m,width_m,height_m,left_offset_m,right_offset_m,cross_section_point_count,height_point_count,height_station_method,method_version,status
1,415.0,pca_4548,rear_first_below_45pct_to_head_first_below_48pct,1.3,1,0.05,0.04751,-0.398893,-0.299547,0.371279,1.126325,-0.201962,0.169317,140,26,median_in_1cm_longitudinal_by_5cm_center_patch,two_pca_torso_definitions_11_stations_width_height_v1.0,ok
1,415.0,pca_4548,rear_first_below_45pct_to_head_first_below_48pct,1.3,2,0.14,0.110968,-0.282043,-0.293632,0.429954,1.163187,-0.246639,0.183315,173,26,median_in_1cm_longitudinal_by_5cm_center_patch,two_pca_torso_definitions_11_stations_width_height_v1.0,ok
1,415.0,pca_4548,rear_first_below_45pct_to_head_first_below_48pct,1.3,3,0.23,0.174426,-0.165192,-0.287716,0.461042,1.187843,-0.258169,0.202873,184,22,median_in_1cm_longitudinal_by_5cm_center_patch,two_pca_torso_definitions_11_stations_width_height_v1.0,ok
1,415.0,pca_4548,rear_first_below_45pct_to_head_first_below_48pct,1.3,4,0.32,0.237885,-0.048342,-0.2818,0.504292,1.188472,-0.252015,0.252277,218,22,median_in_1cm_longitudinal_by_5cm_center_patch,two_pca_torso_definitions_11_stations_width_height_v1.0,ok
1,415.0,pca_4548,rear_first_below_45pct_to_head_first_below_48pct,1.3,5,0.41,0.301343,0.068508,-0.275884,0.564662,1.197185,-0.280408,0.284255,234,24,median_in_1cm_longitudinal_by_5cm_center_patch,two_pca_torso_definitions_11_stations_width_height_v1.0,ok
1,415.0,pca_4548,rear_first_below_45pct_to_head_first_below_48pct,1.3,6,0.5,0.364801,0.185358,-0.269969,0.558674,1.198216,-0.275082,0.283592,233,22,median_in_1cm_longitudinal_by_5cm_center_patch,two_pca_torso_definitions_11_stations_width_height_v1.0,ok
1,415.0,pca_4548,rear_first_below_45pct_to_head_first_below_48pct,1.3,7,0.59,0.428259,0.302209,-0.264053,0.50964,1.193598,-0.249186,0.260455,209,24,median_in_1cm_longitudinal_by_5cm_center_patch,two_pca_torso_definitions_11_stations_width_height_v1.0,ok
1,415.0,pca_4548,rear_first_below_45pct_to_head_first_below_48pct,1.3,8,0.68,0.491718,0.419059,-0.258137,0.43355,1.194406,-0.212111,0.221439,168,20,median_in_1cm_longitudinal_by_5cm_center_patch,two_pca_torso_definitions_11_stations_width_height_v1.0,ok
1,415.0,pca_4548,rear_first_below_45pct_to_head_first_below_48pct,1.3,9,0.77,0.555176,0.535909,-0.252221,0.37619,1.176795,-0.197503,0.178687,158,24,median_in_1cm_longitudinal_by_5cm_center_patch,two_pca_torso_definitions_11_stations_width_height_v1.0,ok
1,415.0,pca_4548,rear_first_below_45pct_to_head_first_below_48pct,1.3,10,0.86,0.618634,0.65276,-0.246305,0.38326,1.151561,-0.2172,0.16606,140,22,median_in_1cm_longitudinal_by_5cm_center_patch,two_pca_torso_definitions_11_stations_width_height_v1.0,ok
1,415.0,pca_4548,rear_first_below_45pct_to_head_first_below_48pct,1.3,11,0.95,0.682093,0.76961,-0.24039,0.326168,1.126147,-0.165043,0.161125,107,19,median_in_1cm_longitudinal_by_5cm_center_patch,two_pca_torso_definitions_11_stations_width_height_v1.0,ok
1,415.0,pca_rear70,pca_rear_endpoint_0pct_to_full_length_70pct,1.290611,1,0.05,0.035,-0.421928,-0.300714,0.346743,1.112439,-0.183812,0.162931,115,21,median_in_1cm_longitudinal_by_5cm_center_patch,two_pca_torso_definitions_11_stations_width_height_v1.0,ok
1,415.0,pca_rear70,pca_rear_endpoint_0pct_to_full_length_70pct,1.290611,2,0.14,0.098,-0.305922,-0.294841,0.431478,1.157116,-0.245621,0.185857,164,22,median_in_1cm_longitudinal_by_5cm_center_patch,two_pca_torso_definitions_11_stations_width_height_v1.0,ok
1,415.0,pca_rear70,pca_rear_endpoint_0pct_to_full_length_70pct,1.290611,3,0.23,0.161,-0.189915,-0.288968,0.466455,1.18329,-0.263433,0.203022,183,22,median_in_1cm_longitudinal_by_5cm_center_patch,two_pca_torso_definitions_11_stations_width_height_v1.0,ok
1,415.0,pca_rear70,pca_rear_endpoint_0pct_to_full_length_70pct,1.290611,4,0.32,0.224,-0.073909,-0.283095,0.491937,1.18686,-0.259459,0.232478,208,22,median_in_1cm_longitudinal_by_5cm_center_patch,two_pca_torso_definitions_11_stations_width_height_v1.0,ok
1,415.0,pca_rear70,pca_rear_endpoint_0pct_to_full_length_70pct,1.290611,5,0.41,0.287,0.042098,-0.277222,0.562031,1.1935,-0.281847,0.280184,232,22,median_in_1cm_longitudinal_by_5cm_center_patch,two_pca_torso_definitions_11_stations_width_height_v1.0,ok
1,415.0,pca_rear70,pca_rear_endpoint_0pct_to_full_length_70pct,1.290611,6,0.5,0.35,0.158104,-0.271348,0.575632,1.20024,-0.290667,0.284965,234,24,median_in_1cm_longitudinal_by_5cm_center_patch,two_pca_torso_definitions_11_stations_width_height_v1.0,ok
1,415.0,pca_rear70,pca_rear_endpoint_0pct_to_full_length_70pct,1.290611,7,0.59,0.413,0.27411,-0.265475,0.525626,1.19603,-0.257143,0.268484,211,23,median_in_1cm_longitudinal_by_5cm_center_patch,two_pca_torso_definitions_11_stations_width_height_v1.0,ok
1,415.0,pca_rear70,pca_rear_endpoint_0pct_to_full_length_70pct,1.290611,8,0.68,0.476,0.390117,-0.259602,0.460087,1.192155,-0.227684,0.232403,178,20,median_in_1cm_longitudinal_by_5cm_center_patch,two_pca_torso_definitions_11_stations_width_height_v1.0,ok
1,415.0,pca_rear70,pca_rear_endpoint_0pct_to_full_length_70pct,1.290611,9,0.77,0.539,0.506123,-0.253729,0.386108,1.178105,-0.194975,0.191133,147,20,median_in_1cm_longitudinal_by_5cm_center_patch,two_pca_torso_definitions_11_stations_width_height_v1.0,ok
1,415.0,pca_rear70,pca_rear_endpoint_0pct_to_full_length_70pct,1.290611,10,0.86,0.602,0.62213,-0.247856,0.388474,1.159062,-0.231466,0.157007,142,20,median_in_1cm_longitudinal_by_5cm_center_patch,two_pca_torso_definitions_11_stations_width_height_v1.0,ok
1,415.0,pca_rear70,pca_rear_endpoint_0pct_to_full_length_70pct,1.290611,11,0.95,0.665,0.738136,-0.241983,0.340626,1.130537,-0.179634,0.160992,120,21,median_in_1cm_longitudinal_by_5cm_center_patch,two_pca_torso_definitions_11_stations_width_height_v1.0,ok
2,407.0,pca_4548,rear_first_below_45pct_to_head_first_below_48pct,1.22,1,0.05,0.056842,-0.454477,-0.339446,0.358916,1.173334,-0.168102,0.190815,131,17,median_in_1cm_longitudinal_by_5cm_center_patch,two_pca_torso_definitions_11_stations_width_height_v1.0,ok
2,407.0,pca_4548,rear_first_below_45pct_to_head_first_below_48pct,1.22,2,0.14,0.118274,-0.345777,-0.323943,0.474758,1.177701,-0.226915,0.247843,170,20,median_in_1cm_longitudinal_by_5cm_center_patch,two_pca_torso_definitions_11_stations_width_height_v1.0,ok
2,407.0,pca_4548,rear_first_below_45pct_to_head_first_below_48pct,1.22,3,0.23,0.179707,-0.237077,-0.308441,0.493816,1.181187,-0.236216,0.257601,213,23,median_in_1cm_longitudinal_by_5cm_center_patch,two_pca_torso_definitions_11_stations_width_height_v1.0,ok
2,407.0,pca_4548,rear_first_below_45pct_to_head_first_below_48pct,1.22,4,0.32,0.24114,-0.128377,-0.292939,0.521771,1.175901,-0.261764,0.260007,215,21,median_in_1cm_longitudinal_by_5cm_center_patch,two_pca_torso_definitions_11_stations_width_height_v1.0,ok
2,407.0,pca_4548,rear_first_below_45pct_to_head_first_below_48pct,1.22,5,0.41,0.302572,-0.019677,-0.277437,0.58336,1.175786,-0.320971,0.262389,237,21,median_in_1cm_longitudinal_by_5cm_center_patch,two_pca_torso_definitions_11_stations_width_height_v1.0,ok
2,407.0,pca_4548,rear_first_below_45pct_to_head_first_below_48pct,1.22,6,0.5,0.364005,0.089023,-0.261935,0.577211,1.175007,-0.32487,0.252342,236,21,median_in_1cm_longitudinal_by_5cm_center_patch,two_pca_torso_definitions_11_stations_width_height_v1.0,ok
2,407.0,pca_4548,rear_first_below_45pct_to_head_first_below_48pct,1.22,7,0.59,0.425438,0.197724,-0.246432,0.522116,1.159854,-0.299044,0.223072,204,19,median_in_1cm_longitudinal_by_5cm_center_patch,two_pca_torso_definitions_11_stations_width_height_v1.0,ok
2,407.0,pca_4548,rear_first_below_45pct_to_head_first_below_48pct,1.22,8,0.68,0.48687,0.306424,-0.23093,0.453578,1.144867,-0.256742,0.196837,177,22,median_in_1cm_longitudinal_by_5cm_center_patch,two_pca_torso_definitions_11_stations_width_height_v1.0,ok
2,407.0,pca_4548,rear_first_below_45pct_to_head_first_below_48pct,1.22,9,0.77,0.548303,0.415124,-0.215428,0.418498,1.118688,-0.20966,0.208838,162,19,median_in_1cm_longitudinal_by_5cm_center_patch,two_pca_torso_definitions_11_stations_width_height_v1.0,ok
2,407.0,pca_4548,rear_first_below_45pct_to_head_first_below_48pct,1.22,10,0.86,0.609736,0.523824,-0.199926,0.424932,1.102543,-0.222172,0.20276,167,19,median_in_1cm_longitudinal_by_5cm_center_patch,two_pca_torso_definitions_11_stations_width_height_v1.0,ok
2,407.0,pca_4548,rear_first_below_45pct_to_head_first_below_48pct,1.22,11,0.95,0.671168,0.632524,-0.184423,0.365773,1.071662,-0.224901,0.140873,121,19,median_in_1cm_longitudinal_by_5cm_center_patch,two_pca_torso_definitions_11_stations_width_height_v1.0,ok
2,407.0,pca_rear70,pca_rear_endpoint_0pct_to_full_length_70pct,1.251125,1,0.05,0.035,-0.493124,-0.344957,0.297059,1.170914,-0.129719,0.16734,111,15,median_in_1cm_longitudinal_by_5cm_center_patch,two_pca_torso_definitions_11_stations_width_height_v1.0,ok
2,407.0,pca_rear70,pca_rear_endpoint_0pct_to_full_length_70pct,1.251125,2,0.14,0.098,-0.381651,-0.329059,0.422419,1.17482,-0.183993,0.238426,164,19,median_in_1cm_longitudinal_by_5cm_center_patch,two_pca_torso_definitions_11_stations_width_height_v1.0,ok
2,407.0,pca_rear70,pca_rear_endpoint_0pct_to_full_length_70pct,1.251125,3,0.23,0.161,-0.270178,-0.313161,0.482216,1.185715,-0.229559,0.252657,198,20,median_in_1cm_longitudinal_by_5cm_center_patch,two_pca_torso_definitions_11_stations_width_height_v1.0,ok
2,407.0,pca_rear70,pca_rear_endpoint_0pct_to_full_length_70pct,1.251125,4,0.32,0.224,-0.158704,-0.297264,0.511003,1.176878,-0.259037,0.251966,217,22,median_in_1cm_longitudinal_by_5cm_center_patch,two_pca_torso_definitions_11_stations_width_height_v1.0,ok
2,407.0,pca_rear70,pca_rear_endpoint_0pct_to_full_length_70pct,1.251125,5,0.41,0.287,-0.047231,-0.281366,0.570163,1.177393,-0.314087,0.256075,229,21,median_in_1cm_longitudinal_by_5cm_center_patch,two_pca_torso_definitions_11_stations_width_height_v1.0,ok
2,407.0,pca_rear70,pca_rear_endpoint_0pct_to_full_length_70pct,1.251125,6,0.5,0.35,0.064242,-0.265468,0.581208,1.177073,-0.321525,0.259683,235,22,median_in_1cm_longitudinal_by_5cm_center_patch,two_pca_torso_definitions_11_stations_width_height_v1.0,ok
2,407.0,pca_rear70,pca_rear_endpoint_0pct_to_full_length_70pct,1.251125,7,0.59,0.413,0.175716,-0.24957,0.540155,1.161029,-0.309304,0.230851,212,20,median_in_1cm_longitudinal_by_5cm_center_patch,two_pca_torso_definitions_11_stations_width_height_v1.0,ok
2,407.0,pca_rear70,pca_rear_endpoint_0pct_to_full_length_70pct,1.251125,8,0.68,0.476,0.287189,-0.233672,0.476483,1.148138,-0.276907,0.199576,178,21,median_in_1cm_longitudinal_by_5cm_center_patch,two_pca_torso_definitions_11_stations_width_height_v1.0,ok
2,407.0,pca_rear70,pca_rear_endpoint_0pct_to_full_length_70pct,1.251125,9,0.77,0.539,0.398663,-0.217775,0.435656,1.124646,-0.22551,0.210147,163,21,median_in_1cm_longitudinal_by_5cm_center_patch,two_pca_torso_definitions_11_stations_width_height_v1.0,ok
2,407.0,pca_rear70,pca_rear_endpoint_0pct_to_full_length_70pct,1.251125,10,0.86,0.602,0.510136,-0.201877,0.433841,1.104503,-0.229768,0.204073,172,20,median_in_1cm_longitudinal_by_5cm_center_patch,two_pca_torso_definitions_11_stations_width_height_v1.0,ok
2,407.0,pca_rear70,pca_rear_endpoint_0pct_to_full_length_70pct,1.251125,11,0.95,0.665,0.621609,-0.185979,0.380232,1.077908,-0.221592,0.15864,126,19,median_in_1cm_longitudinal_by_5cm_center_patch,two_pca_torso_definitions_11_stations_width_height_v1.0,ok
4,443.0,pca_4548,rear_first_below_45pct_to_head_first_below_48pct,1.38,1,0.05,0.034049,-0.154756,0.048922,0.323749,1.188171,-0.152667,0.171083,115,19,median_in_1cm_longitudinal_by_5cm_center_patch,two_pca_torso_definitions_11_stations_width_height_v1.0,ok
4,443.0,pca_4548,rear_first_below_45pct_to_head_first_below_48pct,1.38,2,0.14,0.105979,-0.030635,0.044495,0.454461,1.203812,-0.231353,0.223108,184,20,median_in_1cm_longitudinal_by_5cm_center_patch,two_pca_torso_definitions_11_stations_width_height_v1.0,ok
4,443.0,pca_4548,rear_first_below_45pct_to_head_first_below_48pct,1.38,3,0.23,0.17791,0.093486,0.040068,0.501064,1.205906,-0.251786,0.249279,205,22,median_in_1cm_longitudinal_by_5cm_center_patch,two_pca_torso_definitions_11_stations_width_height_v1.0,ok
4,443.0,pca_4548,rear_first_below_45pct_to_head_first_below_48pct,1.38,4,0.32,0.249841,0.217607,0.035642,0.513736,1.19497,-0.270526,0.24321,203,22,median_in_1cm_longitudinal_by_5cm_center_patch,two_pca_torso_definitions_11_stations_width_height_v1.0,ok
4,443.0,pca_4548,rear_first_below_45pct_to_head_first_below_48pct,1.38,5,0.41,0.321771,0.341728,0.031215,0.614572,1.182276,-0.296886,0.317686,237,26,median_in_1cm_longitudinal_by_5cm_center_patch,two_pca_torso_definitions_11_stations_width_height_v1.0,ok
4,443.0,pca_4548,rear_first_below_45pct_to_head_first_below_48pct,1.38,6,0.5,0.393702,0.465849,0.026789,0.58398,1.172948,-0.288551,0.29543,216,22,median_in_1cm_longitudinal_by_5cm_center_patch,two_pca_torso_definitions_11_stations_width_height_v1.0,ok
4,443.0,pca_4548,rear_first_below_45pct_to_head_first_below_48pct,1.38,7,0.59,0.465633,0.589971,0.022362,0.517009,1.156347,-0.249883,0.267126,175,20,median_in_1cm_longitudinal_by_5cm_center_patch,two_pca_torso_definitions_11_stations_width_height_v1.0,ok
4,443.0,pca_4548,rear_first_below_45pct_to_head_first_below_48pct,1.38,8,0.68,0.537563,0.714092,0.017935,0.426735,1.151865,-0.209055,0.21768,151,21,median_in_1cm_longitudinal_by_5cm_center_patch,two_pca_torso_definitions_11_stations_width_height_v1.0,ok
4,443.0,pca_4548,rear_first_below_45pct_to_head_first_below_48pct,1.38,9,0.77,0.609494,0.838213,0.013509,0.443351,1.137037,-0.265428,0.177923,167,20,median_in_1cm_longitudinal_by_5cm_center_patch,two_pca_torso_definitions_11_stations_width_height_v1.0,ok
4,443.0,pca_4548,rear_first_below_45pct_to_head_first_below_48pct,1.38,10,0.86,0.681425,0.962334,0.009082,0.428277,1.119125,-0.228534,0.199743,145,16,median_in_1cm_longitudinal_by_5cm_center_patch,two_pca_torso_definitions_11_stations_width_height_v1.0,ok
4,443.0,pca_4548,rear_first_below_45pct_to_head_first_below_48pct,1.38,11,0.95,0.753355,1.086455,0.004655,0.264551,1.09633,-0.153863,0.110688,107,17,median_in_1cm_longitudinal_by_5cm_center_patch,two_pca_torso_definitions_11_stations_width_height_v1.0,ok
4,443.0,pca_rear70,pca_rear_endpoint_0pct_to_full_length_70pct,1.208664,1,0.05,0.035,-0.153114,0.048863,0.330259,1.190121,-0.155365,0.174894,122,18,median_in_1cm_longitudinal_by_5cm_center_patch,two_pca_torso_definitions_11_stations_width_height_v1.0,ok
4,443.0,pca_rear70,pca_rear_endpoint_0pct_to_full_length_70pct,1.208664,2,0.14,0.098,-0.044404,0.044986,0.453981,1.200222,-0.231669,0.222312,179,22,median_in_1cm_longitudinal_by_5cm_center_patch,two_pca_torso_definitions_11_stations_width_height_v1.0,ok
4,443.0,pca_rear70,pca_rear_endpoint_0pct_to_full_length_70pct,1.208664,3,0.23,0.161,0.064307,0.041109,0.49399,1.208899,-0.24513,0.24886,201,24,median_in_1cm_longitudinal_by_5cm_center_patch,two_pca_torso_definitions_11_stations_width_height_v1.0,ok
4,443.0,pca_rear70,pca_rear_endpoint_0pct_to_full_length_70pct,1.208664,4,0.32,0.224,0.173018,0.037232,0.51141,1.201911,-0.26921,0.2422,207,20,median_in_1cm_longitudinal_by_5cm_center_patch,two_pca_torso_definitions_11_stations_width_height_v1.0,ok
4,443.0,pca_rear70,pca_rear_endpoint_0pct_to_full_length_70pct,1.208664,5,0.41,0.287,0.281728,0.033355,0.558618,1.18601,-0.274433,0.284185,216,20,median_in_1cm_longitudinal_by_5cm_center_patch,two_pca_torso_definitions_11_stations_width_height_v1.0,ok
4,443.0,pca_rear70,pca_rear_endpoint_0pct_to_full_length_70pct,1.208664,6,0.5,0.35,0.390439,0.029478,0.599473,1.183092,-0.290715,0.308758,215,19,median_in_1cm_longitudinal_by_5cm_center_patch,two_pca_torso_definitions_11_stations_width_height_v1.0,ok
4,443.0,pca_rear70,pca_rear_endpoint_0pct_to_full_length_70pct,1.208664,7,0.59,0.413,0.49915,0.025601,0.582524,1.165358,-0.285411,0.297112,209,19,median_in_1cm_longitudinal_by_5cm_center_patch,two_pca_torso_definitions_11_stations_width_height_v1.0,ok
4,443.0,pca_rear70,pca_rear_endpoint_0pct_to_full_length_70pct,1.208664,8,0.68,0.476,0.60786,0.021724,0.498663,1.153523,-0.233171,0.265492,187,22,median_in_1cm_longitudinal_by_5cm_center_patch,two_pca_torso_definitions_11_stations_width_height_v1.0,ok
4,443.0,pca_rear70,pca_rear_endpoint_0pct_to_full_length_70pct,1.208664,9,0.77,0.539,0.716571,0.017847,0.426872,1.152461,-0.214134,0.212738,161,23,median_in_1cm_longitudinal_by_5cm_center_patch,two_pca_torso_definitions_11_stations_width_height_v1.0,ok
4,443.0,pca_rear70,pca_rear_endpoint_0pct_to_full_length_70pct,1.208664,10,0.86,0.602,0.825282,0.01397,0.447055,1.137535,-0.268279,0.178776,153,23,median_in_1cm_longitudinal_by_5cm_center_patch,two_pca_torso_definitions_11_stations_width_height_v1.0,ok
4,443.0,pca_rear70,pca_rear_endpoint_0pct_to_full_length_70pct,1.208664,11,0.95,0.665,0.933992,0.010093,0.431576,1.124306,-0.226438,0.205138,162,21,median_in_1cm_longitudinal_by_5cm_center_patch,two_pca_torso_definitions_11_stations_width_height_v1.0,ok
6,441.0,pca_4548,rear_first_below_45pct_to_head_first_below_48pct,1.45,1,0.05,0.025055,-0.360425,-0.080571,0.171218,0.991654,-0.071912,0.099306,55,10,median_in_1cm_longitudinal_by_5cm_center_patch,two_pca_torso_definitions_11_stations_width_height_v1.0,ok
6,441.0,pca_4548,rear_first_below_45pct_to_head_first_below_48pct,1.45,2,0.14,0.094638,-0.231209,-0.062311,0.41619,1.164823,-0.195069,0.221121,145,18,median_in_1cm_longitudinal_by_5cm_center_patch,two_pca_torso_definitions_11_stations_width_height_v1.0,ok
6,441.0,pca_4548,rear_first_below_45pct_to_head_first_below_48pct,1.45,3,0.23,0.164222,-0.101993,-0.044051,0.459608,1.186429,-0.201789,0.257819,179,20,median_in_1cm_longitudinal_by_5cm_center_patch,two_pca_torso_definitions_11_stations_width_height_v1.0,ok
6,441.0,pca_4548,rear_first_below_45pct_to_head_first_below_48pct,1.45,4,0.32,0.233805,0.027223,-0.025791,0.474883,1.189695,-0.210738,0.264145,189,20,median_in_1cm_longitudinal_by_5cm_center_patch,two_pca_torso_definitions_11_stations_width_height_v1.0,ok
6,441.0,pca_4548,rear_first_below_45pct_to_head_first_below_48pct,1.45,5,0.41,0.303388,0.156439,-0.00753,0.540436,1.185189,-0.281727,0.258709,218,22,median_in_1cm_longitudinal_by_5cm_center_patch,two_pca_torso_definitions_11_stations_width_height_v1.0,ok
6,441.0,pca_4548,rear_first_below_45pct_to_head_first_below_48pct,1.45,6,0.5,0.372971,0.285655,0.01073,0.566246,1.184945,-0.292078,0.274169,226,20,median_in_1cm_longitudinal_by_5cm_center_patch,two_pca_torso_definitions_11_stations_width_height_v1.0,ok
6,441.0,pca_4548,rear_first_below_45pct_to_head_first_below_48pct,1.45,7,0.59,0.442554,0.414872,0.02899,0.51481,1.177021,-0.275863,0.238946,205,22,median_in_1cm_longitudinal_by_5cm_center_patch,two_pca_torso_definitions_11_stations_width_height_v1.0,ok
6,441.0,pca_4548,rear_first_below_45pct_to_head_first_below_48pct,1.45,8,0.68,0.512137,0.544088,0.047251,0.487897,1.181703,-0.259842,0.228056,190,22,median_in_1cm_longitudinal_by_5cm_center_patch,two_pca_torso_definitions_11_stations_width_height_v1.0,ok
6,441.0,pca_4548,rear_first_below_45pct_to_head_first_below_48pct,1.45,9,0.77,0.581721,0.673304,0.065511,0.404079,1.17023,-0.215249,0.18883,142,23,median_in_1cm_longitudinal_by_5cm_center_patch,two_pca_torso_definitions_11_stations_width_height_v1.0,ok
6,441.0,pca_4548,rear_first_below_45pct_to_head_first_below_48pct,1.45,10,0.86,0.651304,0.80252,0.083771,0.423798,1.167014,-0.220858,0.20294,168,21,median_in_1cm_longitudinal_by_5cm_center_patch,two_pca_torso_definitions_11_stations_width_height_v1.0,ok
6,441.0,pca_4548,rear_first_below_45pct_to_head_first_below_48pct,1.45,11,0.95,0.720887,0.931736,0.102031,0.366291,1.153539,-0.174726,0.191565,120,18,median_in_1cm_longitudinal_by_5cm_center_patch,two_pca_torso_definitions_11_stations_width_height_v1.0,ok
6,441.0,pca_rear70,pca_rear_endpoint_0pct_to_full_length_70pct,1.312817,1,0.05,0.035,-0.341958,-0.077961,0.299911,1.026879,-0.190111,0.1098,63,8,median_in_1cm_longitudinal_by_5cm_center_patch,two_pca_torso_definitions_11_stations_width_height_v1.0,ok
6,441.0,pca_rear70,pca_rear_endpoint_0pct_to_full_length_70pct,1.312817,2,0.14,0.098,-0.224967,-0.061429,0.420483,1.169453,-0.1946,0.225884,148,17,median_in_1cm_longitudinal_by_5cm_center_patch,two_pca_torso_definitions_11_stations_width_height_v1.0,ok
6,441.0,pca_rear70,pca_rear_endpoint_0pct_to_full_length_70pct,1.312817,3,0.23,0.161,-0.107976,-0.044896,0.461734,1.188003,-0.203622,0.258113,182,21,median_in_1cm_longitudinal_by_5cm_center_patch,two_pca_torso_definitions_11_stations_width_height_v1.0,ok
6,441.0,pca_rear70,pca_rear_endpoint_0pct_to_full_length_70pct,1.312817,4,0.32,0.224,0.009016,-0.028363,0.478388,1.190382,-0.208632,0.269756,192,21,median_in_1cm_longitudinal_by_5cm_center_patch,two_pca_torso_definitions_11_stations_width_height_v1.0,ok
6,441.0,pca_rear70,pca_rear_endpoint_0pct_to_full_length_70pct,1.312817,5,0.41,0.287,0.126007,-0.011831,0.51916,1.184988,-0.264969,0.254191,208,21,median_in_1cm_longitudinal_by_5cm_center_patch,two_pca_torso_definitions_11_stations_width_height_v1.0,ok
6,441.0,pca_rear70,pca_rear_endpoint_0pct_to_full_length_70pct,1.312817,6,0.5,0.35,0.242998,0.004702,0.573472,1.184021,-0.294854,0.278618,229,21,median_in_1cm_longitudinal_by_5cm_center_patch,two_pca_torso_definitions_11_stations_width_height_v1.0,ok
6,441.0,pca_rear70,pca_rear_endpoint_0pct_to_full_length_70pct,1.312817,7,0.59,0.413,0.359989,0.021235,0.546681,1.178819,-0.296003,0.250678,219,22,median_in_1cm_longitudinal_by_5cm_center_patch,two_pca_torso_definitions_11_stations_width_height_v1.0,ok
6,441.0,pca_rear70,pca_rear_endpoint_0pct_to_full_length_70pct,1.312817,8,0.68,0.476,0.47698,0.037767,0.507109,1.178514,-0.270728,0.236381,198,23,median_in_1cm_longitudinal_by_5cm_center_patch,two_pca_torso_definitions_11_stations_width_height_v1.0,ok
6,441.0,pca_rear70,pca_rear_endpoint_0pct_to_full_length_70pct,1.312817,9,0.77,0.539,0.593972,0.0543,0.452864,1.17638,-0.238056,0.214808,166,17,median_in_1cm_longitudinal_by_5cm_center_patch,two_pca_torso_definitions_11_stations_width_height_v1.0,ok
6,441.0,pca_rear70,pca_rear_endpoint_0pct_to_full_length_70pct,1.312817,10,0.86,0.602,0.710963,0.070833,0.421046,1.169873,-0.214012,0.207034,159,18,median_in_1cm_longitudinal_by_5cm_center_patch,two_pca_torso_definitions_11_stations_width_height_v1.0,ok
6,441.0,pca_rear70,pca_rear_endpoint_0pct_to_full_length_70pct,1.312817,11,0.95,0.665,0.827954,0.087365,0.432397,1.165205,-0.208596,0.223801,162,20,median_in_1cm_longitudinal_by_5cm_center_patch,two_pca_torso_definitions_11_stations_width_height_v1.0,ok
13,410.0,pca_4548,rear_first_below_45pct_to_head_first_below_48pct,1.27,1,0.05,0.048684,-0.255619,-0.394511,0.322122,1.160212,-0.181699,0.140423,122,25,median_in_1cm_longitudinal_by_5cm_center_patch,two_pca_torso_definitions_11_stations_width_height_v1.0,ok
13,410.0,pca_4548,rear_first_below_45pct_to_head_first_below_48pct,1.27,2,0.14,0.113603,-0.141389,-0.398508,0.431383,1.157266,-0.227459,0.203924,171,22,median_in_1cm_longitudinal_by_5cm_center_patch,two_pca_torso_definitions_11_stations_width_height_v1.0,ok
13,410.0,pca_4548,rear_first_below_45pct_to_head_first_below_48pct,1.27,3,0.23,0.178522,-0.027159,-0.402505,0.480474,1.164608,-0.252795,0.227679,201,24,median_in_1cm_longitudinal_by_5cm_center_patch,two_pca_torso_definitions_11_stations_width_height_v1.0,ok
13,410.0,pca_4548,rear_first_below_45pct_to_head_first_below_48pct,1.27,4,0.32,0.243441,0.087071,-0.406502,0.494622,1.153502,-0.25698,0.237642,209,20,median_in_1cm_longitudinal_by_5cm_center_patch,two_pca_torso_definitions_11_stations_width_height_v1.0,ok
13,410.0,pca_4548,rear_first_below_45pct_to_head_first_below_48pct,1.27,5,0.41,0.30836,0.201301,-0.410498,0.558245,1.138017,-0.303076,0.255169,228,22,median_in_1cm_longitudinal_by_5cm_center_patch,two_pca_torso_definitions_11_stations_width_height_v1.0,ok
13,410.0,pca_4548,rear_first_below_45pct_to_head_first_below_48pct,1.27,6,0.5,0.373279,0.315531,-0.414495,0.549875,1.142094,-0.297608,0.252267,227,25,median_in_1cm_longitudinal_by_5cm_center_patch,two_pca_torso_definitions_11_stations_width_height_v1.0,ok
13,410.0,pca_4548,rear_first_below_45pct_to_head_first_below_48pct,1.27,7,0.59,0.438198,0.429762,-0.418492,0.506078,1.127941,-0.279431,0.226647,196,22,median_in_1cm_longitudinal_by_5cm_center_patch,two_pca_torso_definitions_11_stations_width_height_v1.0,ok
13,410.0,pca_4548,rear_first_below_45pct_to_head_first_below_48pct,1.27,8,0.68,0.503116,0.543992,-0.422488,0.445543,1.122637,-0.238904,0.206639,169,24,median_in_1cm_longitudinal_by_5cm_center_patch,two_pca_torso_definitions_11_stations_width_height_v1.0,ok
13,410.0,pca_4548,rear_first_below_45pct_to_head_first_below_48pct,1.27,9,0.77,0.568035,0.658222,-0.426485,0.400578,1.103987,-0.182485,0.218093,168,22,median_in_1cm_longitudinal_by_5cm_center_patch,two_pca_torso_definitions_11_stations_width_height_v1.0,ok
13,410.0,pca_4548,rear_first_below_45pct_to_head_first_below_48pct,1.27,10,0.86,0.632954,0.772452,-0.430482,0.409249,1.090836,-0.194812,0.214437,147,13,median_in_1cm_longitudinal_by_5cm_center_patch,two_pca_torso_definitions_11_stations_width_height_v1.0,ok
13,410.0,pca_4548,rear_first_below_45pct_to_head_first_below_48pct,1.27,11,0.95,0.697873,0.886682,-0.434479,0.317478,1.064732,-0.151072,0.166405,98,20,median_in_1cm_longitudinal_by_5cm_center_patch,two_pca_torso_definitions_11_stations_width_height_v1.0,ok
13,410.0,pca_rear70,pca_rear_endpoint_0pct_to_full_length_70pct,1.23246,1,0.05,0.035,-0.279697,-0.393669,0.306079,1.148513,-0.171182,0.134897,106,23,median_in_1cm_longitudinal_by_5cm_center_patch,two_pca_torso_definitions_11_stations_width_height_v1.0,ok
13,410.0,pca_rear70,pca_rear_endpoint_0pct_to_full_length_70pct,1.23246,2,0.14,0.098,-0.168843,-0.397547,0.414888,1.16189,-0.217085,0.197803,168,22,median_in_1cm_longitudinal_by_5cm_center_patch,two_pca_torso_definitions_11_stations_width_height_v1.0,ok
13,410.0,pca_rear70,pca_rear_endpoint_0pct_to_full_length_70pct,1.23246,3,0.23,0.161,-0.05799,-0.401426,0.472536,1.164588,-0.249259,0.223277,196,23,median_in_1cm_longitudinal_by_5cm_center_patch,two_pca_torso_definitions_11_stations_width_height_v1.0,ok
13,410.0,pca_rear70,pca_rear_endpoint_0pct_to_full_length_70pct,1.23246,4,0.32,0.224,0.052864,-0.405304,0.494063,1.156832,-0.25843,0.235633,208,22,median_in_1cm_longitudinal_by_5cm_center_patch,two_pca_torso_definitions_11_stations_width_height_v1.0,ok
13,410.0,pca_rear70,pca_rear_endpoint_0pct_to_full_length_70pct,1.23246,5,0.41,0.287,0.163717,-0.409183,0.532288,1.143858,-0.292036,0.240251,227,23,median_in_1cm_longitudinal_by_5cm_center_patch,two_pca_torso_definitions_11_stations_width_height_v1.0,ok
13,410.0,pca_rear70,pca_rear_endpoint_0pct_to_full_length_70pct,1.23246,6,0.5,0.35,0.274571,-0.413061,0.556779,1.143418,-0.306171,0.250608,229,20,median_in_1cm_longitudinal_by_5cm_center_patch,two_pca_torso_definitions_11_stations_width_height_v1.0,ok
13,410.0,pca_rear70,pca_rear_endpoint_0pct_to_full_length_70pct,1.23246,7,0.59,0.413,0.385425,-0.41694,0.534369,1.131795,-0.293405,0.240964,201,23,median_in_1cm_longitudinal_by_5cm_center_patch,two_pca_torso_definitions_11_stations_width_height_v1.0,ok
13,410.0,pca_rear70,pca_rear_endpoint_0pct_to_full_length_70pct,1.23246,8,0.68,0.476,0.496278,-0.420819,0.477778,1.128433,-0.259866,0.217912,193,22,median_in_1cm_longitudinal_by_5cm_center_patch,two_pca_torso_definitions_11_stations_width_height_v1.0,ok
13,410.0,pca_rear70,pca_rear_endpoint_0pct_to_full_length_70pct,1.23246,9,0.77,0.539,0.607132,-0.424697,0.405489,1.110687,-0.198885,0.206604,164,23,median_in_1cm_longitudinal_by_5cm_center_patch,two_pca_torso_definitions_11_stations_width_height_v1.0,ok
13,410.0,pca_rear70,pca_rear_endpoint_0pct_to_full_length_70pct,1.23246,10,0.86,0.602,0.717985,-0.428576,0.446661,1.093743,-0.21361,0.233051,194,23,median_in_1cm_longitudinal_by_5cm_center_patch,two_pca_torso_definitions_11_stations_width_height_v1.0,ok
13,410.0,pca_rear70,pca_rear_endpoint_0pct_to_full_length_70pct,1.23246,11,0.95,0.665,0.828839,-0.432454,0.374852,1.080881,-0.181698,0.193155,129,20,median_in_1cm_longitudinal_by_5cm_center_patch,two_pca_torso_definitions_11_stations_width_height_v1.0,ok
16,312.0,pca_4548,rear_first_below_45pct_to_head_first_below_48pct,1.21,1,0.05,0.068954,-0.03127,0.102281,0.34964,1.047952,-0.180342,0.169299,104,17,median_in_1cm_longitudinal_by_5cm_center_patch,two_pca_torso_definitions_11_stations_width_height_v1.0,ok
16,312.0,pca_4548,rear_first_below_45pct_to_head_first_below_48pct,1.21,2,0.14,0.133412,0.07763,0.102252,0.416498,1.067536,-0.193886,0.222612,147,20,median_in_1cm_longitudinal_by_5cm_center_patch,two_pca_torso_definitions_11_stations_width_height_v1.0,ok
16,312.0,pca_4548,rear_first_below_45pct_to_head_first_below_48pct,1.21,3,0.23,0.19787,0.18653,0.102222,0.414633,1.08555,-0.170926,0.243707,150,20,median_in_1cm_longitudinal_by_5cm_center_patch,two_pca_torso_definitions_11_stations_width_height_v1.0,ok
16,312.0,pca_4548,rear_first_below_45pct_to_head_first_below_48pct,1.21,4,0.32,0.262328,0.29543,0.102192,0.432311,1.068469,-0.210109,0.222201,145,20,median_in_1cm_longitudinal_by_5cm_center_patch,two_pca_torso_definitions_11_stations_width_height_v1.0,ok
16,312.0,pca_4548,rear_first_below_45pct_to_head_first_below_48pct,1.21,5,0.41,0.326786,0.40433,0.102162,0.506206,1.065732,-0.264859,0.241346,191,20,median_in_1cm_longitudinal_by_5cm_center_patch,two_pca_torso_definitions_11_stations_width_height_v1.0,ok
16,312.0,pca_4548,rear_first_below_45pct_to_head_first_below_48pct,1.21,6,0.5,0.391243,0.51323,0.102133,0.528906,1.069145,-0.269757,0.259149,182,19,median_in_1cm_longitudinal_by_5cm_center_patch,two_pca_torso_definitions_11_stations_width_height_v1.0,ok
16,312.0,pca_4548,rear_first_below_45pct_to_head_first_below_48pct,1.21,7,0.59,0.455701,0.62213,0.102103,0.473746,1.063897,-0.238546,0.235199,161,21,median_in_1cm_longitudinal_by_5cm_center_patch,two_pca_torso_definitions_11_stations_width_height_v1.0,ok
16,312.0,pca_4548,rear_first_below_45pct_to_head_first_below_48pct,1.21,8,0.68,0.520159,0.73103,0.102073,0.43266,1.064111,-0.211968,0.220692,130,17,median_in_1cm_longitudinal_by_5cm_center_patch,two_pca_torso_definitions_11_stations_width_height_v1.0,ok
16,312.0,pca_4548,rear_first_below_45pct_to_head_first_below_48pct,1.21,9,0.77,0.584617,0.83993,0.102043,0.355165,1.045998,-0.179268,0.175897,115,14,median_in_1cm_longitudinal_by_5cm_center_patch,two_pca_torso_definitions_11_stations_width_height_v1.0,ok
16,312.0,pca_4548,rear_first_below_45pct_to_head_first_below_48pct,1.21,10,0.86,0.649074,0.94883,0.102013,0.34271,1.035068,-0.177132,0.165578,119,19,median_in_1cm_longitudinal_by_5cm_center_patch,two_pca_torso_definitions_11_stations_width_height_v1.0,ok
16,312.0,pca_4548,rear_first_below_45pct_to_head_first_below_48pct,1.21,11,0.95,0.713532,1.05773,0.101984,0.335252,1.036057,-0.175964,0.159288,89,17,median_in_1cm_longitudinal_by_5cm_center_patch,two_pca_torso_definitions_11_stations_width_height_v1.0,ok
16,312.0,pca_rear70,pca_rear_endpoint_0pct_to_full_length_70pct,1.182635,1,0.05,0.035,-0.088635,0.102297,0.189125,1.004688,-0.111447,0.077679,52,14,median_in_1cm_longitudinal_by_5cm_center_patch,two_pca_torso_definitions_11_stations_width_height_v1.0,ok
16,312.0,pca_rear70,pca_rear_endpoint_0pct_to_full_length_70pct,1.182635,2,0.14,0.098,0.017802,0.102268,0.391006,1.066838,-0.190509,0.200497,112,20,median_in_1cm_longitudinal_by_5cm_center_patch,two_pca_torso_definitions_11_stations_width_height_v1.0,ok
16,312.0,pca_rear70,pca_rear_endpoint_0pct_to_full_length_70pct,1.182635,3,0.23,0.161,0.124239,0.102239,0.414619,1.080668,-0.179802,0.234816,153,20,median_in_1cm_longitudinal_by_5cm_center_patch,two_pca_torso_definitions_11_stations_width_height_v1.0,ok
16,312.0,pca_rear70,pca_rear_endpoint_0pct_to_full_length_70pct,1.182635,4,0.32,0.224,0.230676,0.10221,0.416203,1.077343,-0.178107,0.238096,149,19,median_in_1cm_longitudinal_by_5cm_center_patch,two_pca_torso_definitions_11_stations_width_height_v1.0,ok
16,312.0,pca_rear70,pca_rear_endpoint_0pct_to_full_length_70pct,1.182635,5,0.41,0.287,0.337113,0.102181,0.476772,1.0675,-0.242728,0.234044,172,20,median_in_1cm_longitudinal_by_5cm_center_patch,two_pca_torso_definitions_11_stations_width_height_v1.0,ok
16,312.0,pca_rear70,pca_rear_endpoint_0pct_to_full_length_70pct,1.182635,6,0.5,0.35,0.44355,0.102152,0.514765,1.070564,-0.265687,0.249077,185,19,median_in_1cm_longitudinal_by_5cm_center_patch,two_pca_torso_definitions_11_stations_width_height_v1.0,ok
16,312.0,pca_rear70,pca_rear_endpoint_0pct_to_full_length_70pct,1.182635,7,0.59,0.413,0.549988,0.102122,0.520067,1.068709,-0.262484,0.257583,180,14,median_in_1cm_longitudinal_by_5cm_center_patch,two_pca_torso_definitions_11_stations_width_height_v1.0,ok
16,312.0,pca_rear70,pca_rear_endpoint_0pct_to_full_length_70pct,1.182635,8,0.68,0.476,0.656425,0.102093,0.468422,1.064955,-0.226705,0.241717,157,20,median_in_1cm_longitudinal_by_5cm_center_patch,two_pca_torso_definitions_11_stations_width_height_v1.0,ok
16,312.0,pca_rear70,pca_rear_endpoint_0pct_to_full_length_70pct,1.182635,9,0.77,0.539,0.762862,0.102064,0.398054,1.063561,-0.200779,0.197275,131,21,median_in_1cm_longitudinal_by_5cm_center_patch,two_pca_torso_definitions_11_stations_width_height_v1.0,ok
16,312.0,pca_rear70,pca_rear_endpoint_0pct_to_full_length_70pct,1.182635,10,0.86,0.602,0.869299,0.102035,0.334133,1.049117,-0.1717,0.162432,114,16,median_in_1cm_longitudinal_by_5cm_center_patch,two_pca_torso_definitions_11_stations_width_height_v1.0,ok
16,312.0,pca_rear70,pca_rear_endpoint_0pct_to_full_length_70pct,1.182635,11,0.95,0.665,0.975736,0.102006,0.33718,1.037569,-0.177097,0.160082,114,16,median_in_1cm_longitudinal_by_5cm_center_patch,two_pca_torso_definitions_11_stations_width_height_v1.0,ok
20,441.0,pca_4548,rear_first_below_45pct_to_head_first_below_48pct,1.359999,1,0.05,0.037064,-0.594937,0.135099,0.359663,1.154483,-0.199918,0.159745,114,18,median_in_1cm_longitudinal_by_5cm_center_patch,two_pca_torso_definitions_11_stations_width_height_v1.0,ok
20,441.0,pca_4548,rear_first_below_45pct_to_head_first_below_48pct,1.359999,2,0.14,0.10428,-0.473665,0.11852,0.47865,1.171043,-0.238348,0.240302,160,18,median_in_1cm_longitudinal_by_5cm_center_patch,two_pca_torso_definitions_11_stations_width_height_v1.0,ok
20,441.0,pca_4548,rear_first_below_45pct_to_head_first_below_48pct,1.359999,3,0.23,0.171496,-0.352393,0.101941,0.484015,1.176435,-0.222964,0.261051,191,21,median_in_1cm_longitudinal_by_5cm_center_patch,two_pca_torso_definitions_11_stations_width_height_v1.0,ok
20,441.0,pca_4548,rear_first_below_45pct_to_head_first_below_48pct,1.359999,4,0.32,0.238712,-0.231121,0.085362,0.503438,1.160533,-0.233051,0.270387,198,20,median_in_1cm_longitudinal_by_5cm_center_patch,two_pca_torso_definitions_11_stations_width_height_v1.0,ok
20,441.0,pca_4548,rear_first_below_45pct_to_head_first_below_48pct,1.359999,5,0.41,0.305928,-0.109849,0.068783,0.557609,1.166788,-0.292408,0.265201,206,20,median_in_1cm_longitudinal_by_5cm_center_patch,two_pca_torso_definitions_11_stations_width_height_v1.0,ok
20,441.0,pca_4548,rear_first_below_45pct_to_head_first_below_48pct,1.359999,6,0.5,0.373144,0.011423,0.052205,0.574057,1.172303,-0.303978,0.270079,219,20,median_in_1cm_longitudinal_by_5cm_center_patch,two_pca_torso_definitions_11_stations_width_height_v1.0,ok
20,441.0,pca_4548,rear_first_below_45pct_to_head_first_below_48pct,1.359999,7,0.59,0.44036,0.132695,0.035626,0.528909,1.182816,-0.27421,0.254698,203,21,median_in_1cm_longitudinal_by_5cm_center_patch,two_pca_torso_definitions_11_stations_width_height_v1.0,ok
20,441.0,pca_4548,rear_first_below_45pct_to_head_first_below_48pct,1.359999,8,0.68,0.507576,0.253967,0.019047,0.446989,1.183091,-0.226755,0.220234,174,20,median_in_1cm_longitudinal_by_5cm_center_patch,two_pca_torso_definitions_11_stations_width_height_v1.0,ok
20,441.0,pca_4548,rear_first_below_45pct_to_head_first_below_48pct,1.359999,9,0.77,0.574791,0.375239,0.002468,0.410679,1.168933,-0.179981,0.230697,161,20,median_in_1cm_longitudinal_by_5cm_center_patch,two_pca_torso_definitions_11_stations_width_height_v1.0,ok
20,441.0,pca_4548,rear_first_below_45pct_to_head_first_below_48pct,1.359999,10,0.86,0.642007,0.496511,-0.014111,0.406529,1.163336,-0.177943,0.228586,138,19,median_in_1cm_longitudinal_by_5cm_center_patch,two_pca_torso_definitions_11_stations_width_height_v1.0,ok
20,441.0,pca_4548,rear_first_below_45pct_to_head_first_below_48pct,1.359999,11,0.95,0.709223,0.617783,-0.03069,0.333147,1.119997,-0.162217,0.17093,104,16,median_in_1cm_longitudinal_by_5cm_center_patch,two_pca_torso_definitions_11_stations_width_height_v1.0,ok
20,441.0,pca_rear70,pca_rear_endpoint_0pct_to_full_length_70pct,1.274698,1,0.05,0.035,-0.598661,0.135609,0.383848,1.156466,-0.218993,0.164855,111,15,median_in_1cm_longitudinal_by_5cm_center_patch,two_pca_torso_definitions_11_stations_width_height_v1.0,ok
20,441.0,pca_rear70,pca_rear_endpoint_0pct_to_full_length_70pct,1.274698,2,0.14,0.098,-0.484996,0.12007,0.482486,1.169872,-0.235561,0.246925,163,19,median_in_1cm_longitudinal_by_5cm_center_patch,two_pca_torso_definitions_11_stations_width_height_v1.0,ok
20,441.0,pca_rear70,pca_rear_endpoint_0pct_to_full_length_70pct,1.274698,3,0.23,0.161,-0.37133,0.104531,0.471188,1.177456,-0.209612,0.261577,180,20,median_in_1cm_longitudinal_by_5cm_center_patch,two_pca_torso_definitions_11_stations_width_height_v1.0,ok
20,441.0,pca_rear70,pca_rear_endpoint_0pct_to_full_length_70pct,1.274698,4,0.32,0.224,-0.257665,0.088991,0.504959,1.163137,-0.223896,0.281063,197,20,median_in_1cm_longitudinal_by_5cm_center_patch,two_pca_torso_definitions_11_stations_width_height_v1.0,ok
20,441.0,pca_rear70,pca_rear_endpoint_0pct_to_full_length_70pct,1.274698,5,0.41,0.287,-0.143999,0.073452,0.545769,1.165537,-0.282787,0.262982,205,21,median_in_1cm_longitudinal_by_5cm_center_patch,two_pca_torso_definitions_11_stations_width_height_v1.0,ok
20,441.0,pca_rear70,pca_rear_endpoint_0pct_to_full_length_70pct,1.274698,6,0.5,0.35,-0.030334,0.057913,0.576492,1.172757,-0.309146,0.267346,216,21,median_in_1cm_longitudinal_by_5cm_center_patch,two_pca_torso_definitions_11_stations_width_height_v1.0,ok
20,441.0,pca_rear70,pca_rear_endpoint_0pct_to_full_length_70pct,1.274698,7,0.59,0.413,0.083332,0.042374,0.557436,1.178621,-0.294754,0.262682,212,21,median_in_1cm_longitudinal_by_5cm_center_patch,two_pca_torso_definitions_11_stations_width_height_v1.0,ok
20,441.0,pca_rear70,pca_rear_endpoint_0pct_to_full_length_70pct,1.274698,8,0.68,0.476,0.196998,0.026835,0.488395,1.186438,-0.243073,0.245322,187,21,median_in_1cm_longitudinal_by_5cm_center_patch,two_pca_torso_definitions_11_stations_width_height_v1.0,ok
20,441.0,pca_rear70,pca_rear_endpoint_0pct_to_full_length_70pct,1.274698,9,0.77,0.539,0.310663,0.011295,0.42954,1.176004,-0.203875,0.225665,168,23,median_in_1cm_longitudinal_by_5cm_center_patch,two_pca_torso_definitions_11_stations_width_height_v1.0,ok
20,441.0,pca_rear70,pca_rear_endpoint_0pct_to_full_length_70pct,1.274698,10,0.86,0.602,0.424329,-0.004244,0.40908,1.161889,-0.179105,0.229975,165,21,median_in_1cm_longitudinal_by_5cm_center_patch,two_pca_torso_definitions_11_stations_width_height_v1.0,ok
20,441.0,pca_rear70,pca_rear_endpoint_0pct_to_full_length_70pct,1.274698,11,0.95,0.665,0.537994,-0.019783,0.379102,1.153322,-0.175891,0.203211,129,22,median_in_1cm_longitudinal_by_5cm_center_patch,two_pca_torso_definitions_11_stations_width_height_v1.0,ok
21,373.0,pca_4548,rear_first_below_45pct_to_head_first_below_48pct,1.240001,1,0.05,0.073919,-0.484981,-0.038419,0.362142,1.136415,-0.191741,0.170402,137,20,median_in_1cm_longitudinal_by_5cm_center_patch,two_pca_torso_definitions_11_stations_width_height_v1.0,ok
21,373.0,pca_4548,rear_first_below_45pct_to_head_first_below_48pct,1.240001,2,0.14,0.135399,-0.374053,-0.050646,0.445062,1.126641,-0.240216,0.204846,158,20,median_in_1cm_longitudinal_by_5cm_center_patch,two_pca_torso_definitions_11_stations_width_height_v1.0,ok
21,373.0,pca_4548,rear_first_below_45pct_to_head_first_below_48pct,1.240001,3,0.23,0.19688,-0.263125,-0.062873,0.446293,1.12283,-0.235124,0.211169,170,20,median_in_1cm_longitudinal_by_5cm_center_patch,two_pca_torso_definitions_11_stations_width_height_v1.0,ok
21,373.0,pca_4548,rear_first_below_45pct_to_head_first_below_48pct,1.240001,4,0.32,0.25836,-0.152196,-0.0751,0.485576,1.124723,-0.258654,0.226922,186,20,median_in_1cm_longitudinal_by_5cm_center_patch,two_pca_torso_definitions_11_stations_width_height_v1.0,ok
21,373.0,pca_4548,rear_first_below_45pct_to_head_first_below_48pct,1.240001,5,0.41,0.31984,-0.041268,-0.087327,0.56926,1.124406,-0.28189,0.28737,212,20,median_in_1cm_longitudinal_by_5cm_center_patch,two_pca_torso_definitions_11_stations_width_height_v1.0,ok
21,373.0,pca_4548,rear_first_below_45pct_to_head_first_below_48pct,1.240001,6,0.5,0.38132,0.06966,-0.099554,0.578406,1.12361,-0.282067,0.296339,214,18,median_in_1cm_longitudinal_by_5cm_center_patch,two_pca_torso_definitions_11_stations_width_height_v1.0,ok
21,373.0,pca_4548,rear_first_below_45pct_to_head_first_below_48pct,1.240001,7,0.59,0.442801,0.180588,-0.111782,0.51681,1.122804,-0.243622,0.273189,190,20,median_in_1cm_longitudinal_by_5cm_center_patch,two_pca_torso_definitions_11_stations_width_height_v1.0,ok
21,373.0,pca_4548,rear_first_below_45pct_to_head_first_below_48pct,1.240001,8,0.68,0.504281,0.291516,-0.124009,0.456724,1.108731,-0.213979,0.242745,164,19,median_in_1cm_longitudinal_by_5cm_center_patch,two_pca_torso_definitions_11_stations_width_height_v1.0,ok
21,373.0,pca_4548,rear_first_below_45pct_to_head_first_below_48pct,1.240001,9,0.77,0.565761,0.402445,-0.136236,0.423277,1.094656,-0.205469,0.217808,142,16,median_in_1cm_longitudinal_by_5cm_center_patch,two_pca_torso_definitions_11_stations_width_height_v1.0,ok
21,373.0,pca_4548,rear_first_below_45pct_to_head_first_below_48pct,1.240001,10,0.86,0.627241,0.513373,-0.148463,0.406005,1.082538,-0.203367,0.202638,141,22,median_in_1cm_longitudinal_by_5cm_center_patch,two_pca_torso_definitions_11_stations_width_height_v1.0,ok
21,373.0,pca_4548,rear_first_below_45pct_to_head_first_below_48pct,1.240001,11,0.95,0.688722,0.624301,-0.16069,0.357008,1.049503,-0.159327,0.197681,99,19,median_in_1cm_longitudinal_by_5cm_center_patch,two_pca_torso_definitions_11_stations_width_height_v1.0,ok
21,373.0,pca_rear70,pca_rear_endpoint_0pct_to_full_length_70pct,1.270653,1,0.05,0.035,-0.555203,-0.030679,0.221905,1.133492,-0.076734,0.145171,76,22,median_in_1cm_longitudinal_by_5cm_center_patch,two_pca_torso_definitions_11_stations_width_height_v1.0,ok
21,373.0,pca_rear70,pca_rear_endpoint_0pct_to_full_length_70pct,1.270653,2,0.14,0.098,-0.441532,-0.043208,0.402794,1.130832,-0.208128,0.194666,153,17,median_in_1cm_longitudinal_by_5cm_center_patch,two_pca_torso_definitions_11_stations_width_height_v1.0,ok
21,373.0,pca_rear70,pca_rear_endpoint_0pct_to_full_length_70pct,1.270653,3,0.23,0.161,-0.327862,-0.055737,0.449751,1.143634,-0.245165,0.204586,160,21,median_in_1cm_longitudinal_by_5cm_center_patch,two_pca_torso_definitions_11_stations_width_height_v1.0,ok
21,373.0,pca_rear70,pca_rear_endpoint_0pct_to_full_length_70pct,1.270653,4,0.32,0.224,-0.214192,-0.068267,0.459545,1.126029,-0.243972,0.215573,180,20,median_in_1cm_longitudinal_by_5cm_center_patch,two_pca_torso_definitions_11_stations_width_height_v1.0,ok
21,373.0,pca_rear70,pca_rear_endpoint_0pct_to_full_length_70pct,1.270653,5,0.41,0.287,-0.100521,-0.080796,0.531683,1.122326,-0.275165,0.256518,199,20,median_in_1cm_longitudinal_by_5cm_center_patch,two_pca_torso_definitions_11_stations_width_height_v1.0,ok
21,373.0,pca_rear70,pca_rear_endpoint_0pct_to_full_length_70pct,1.270653,6,0.5,0.35,0.013149,-0.093325,0.573048,1.127824,-0.285659,0.287389,216,19,median_in_1cm_longitudinal_by_5cm_center_patch,two_pca_torso_definitions_11_stations_width_height_v1.0,ok
21,373.0,pca_rear70,pca_rear_endpoint_0pct_to_full_length_70pct,1.270653,7,0.59,0.413,0.126819,-0.105855,0.548681,1.12433,-0.266109,0.282572,197,21,median_in_1cm_longitudinal_by_5cm_center_patch,two_pca_torso_definitions_11_stations_width_height_v1.0,ok
21,373.0,pca_rear70,pca_rear_endpoint_0pct_to_full_length_70pct,1.270653,8,0.68,0.476,0.24049,-0.118384,0.492166,1.120188,-0.234333,0.257834,175,17,median_in_1cm_longitudinal_by_5cm_center_patch,two_pca_torso_definitions_11_stations_width_height_v1.0,ok
21,373.0,pca_rear70,pca_rear_endpoint_0pct_to_full_length_70pct,1.270653,9,0.77,0.539,0.35416,-0.130914,0.424706,1.097832,-0.199961,0.224745,147,19,median_in_1cm_longitudinal_by_5cm_center_patch,two_pca_torso_definitions_11_stations_width_height_v1.0,ok
21,373.0,pca_rear70,pca_rear_endpoint_0pct_to_full_length_70pct,1.270653,10,0.86,0.602,0.46783,-0.143443,0.42225,1.081151,-0.218968,0.203282,142,18,median_in_1cm_longitudinal_by_5cm_center_patch,two_pca_torso_definitions_11_stations_width_height_v1.0,ok
21,373.0,pca_rear70,pca_rear_endpoint_0pct_to_full_length_70pct,1.270653,11,0.95,0.665,0.581501,-0.155972,0.377731,1.061394,-0.179648,0.198084,111,14,median_in_1cm_longitudinal_by_5cm_center_patch,two_pca_torso_definitions_11_stations_width_height_v1.0,ok
22,394.0,pca_4548,rear_first_below_45pct_to_head_first_below_48pct,1.42,1,0.05,0.042904,-0.691614,0.121115,0.356239,1.207399,-0.140549,0.21569,139,22,median_in_1cm_longitudinal_by_5cm_center_patch,two_pca_torso_definitions_11_stations_width_height_v1.0,ok
22,394.0,pca_4548,rear_first_below_45pct_to_head_first_below_48pct,1.42,2,0.14,0.113894,-0.563826,0.119339,0.454639,1.206482,-0.196227,0.258412,188,23,median_in_1cm_longitudinal_by_5cm_center_patch,two_pca_torso_definitions_11_stations_width_height_v1.0,ok
22,394.0,pca_4548,rear_first_below_45pct_to_head_first_below_48pct,1.42,3,0.23,0.184884,-0.436039,0.117564,0.487232,1.193164,-0.225923,0.261309,197,20,median_in_1cm_longitudinal_by_5cm_center_patch,two_pca_torso_definitions_11_stations_width_height_v1.0,ok
22,394.0,pca_4548,rear_first_below_45pct_to_head_first_below_48pct,1.42,4,0.32,0.255874,-0.308251,0.115788,0.46666,1.174743,-0.236855,0.229805,187,20,median_in_1cm_longitudinal_by_5cm_center_patch,two_pca_torso_definitions_11_stations_width_height_v1.0,ok
22,394.0,pca_4548,rear_first_below_45pct_to_head_first_below_48pct,1.42,5,0.41,0.326863,-0.180463,0.114013,0.527476,1.163986,-0.279193,0.248284,200,20,median_in_1cm_longitudinal_by_5cm_center_patch,two_pca_torso_definitions_11_stations_width_height_v1.0,ok
22,394.0,pca_4548,rear_first_below_45pct_to_head_first_below_48pct,1.42,6,0.5,0.397853,-0.052676,0.112238,0.52088,1.153712,-0.278684,0.242196,198,22,median_in_1cm_longitudinal_by_5cm_center_patch,two_pca_torso_definitions_11_stations_width_height_v1.0,ok
22,394.0,pca_4548,rear_first_below_45pct_to_head_first_below_48pct,1.42,7,0.59,0.468843,0.075112,0.110462,0.48418,1.153209,-0.257945,0.226235,181,20,median_in_1cm_longitudinal_by_5cm_center_patch,two_pca_torso_definitions_11_stations_width_height_v1.0,ok
22,394.0,pca_4548,rear_first_below_45pct_to_head_first_below_48pct,1.42,8,0.68,0.539833,0.2029,0.108687,0.429825,1.128976,-0.216614,0.213211,152,17,median_in_1cm_longitudinal_by_5cm_center_patch,two_pca_torso_definitions_11_stations_width_height_v1.0,ok
22,394.0,pca_4548,rear_first_below_45pct_to_head_first_below_48pct,1.42,9,0.77,0.610823,0.330688,0.106911,0.420235,1.112859,-0.197018,0.223217,146,19,median_in_1cm_longitudinal_by_5cm_center_patch,two_pca_torso_definitions_11_stations_width_height_v1.0,ok
22,394.0,pca_4548,rear_first_below_45pct_to_head_first_below_48pct,1.42,10,0.86,0.681812,0.458475,0.105136,0.34494,1.089578,-0.203146,0.141794,119,18,median_in_1cm_longitudinal_by_5cm_center_patch,two_pca_torso_definitions_11_stations_width_height_v1.0,ok
22,394.0,pca_4548,rear_first_below_45pct_to_head_first_below_48pct,1.42,11,0.95,0.752802,0.586263,0.10336,0.299636,1.039618,-0.200824,0.098812,83,17,median_in_1cm_longitudinal_by_5cm_center_patch,two_pca_torso_definitions_11_stations_width_height_v1.0,ok
22,394.0,pca_rear70,pca_rear_endpoint_0pct_to_full_length_70pct,1.260181,1,0.05,0.035,-0.705842,0.121313,0.321544,1.189603,-0.123177,0.198367,112,20,median_in_1cm_longitudinal_by_5cm_center_patch,two_pca_torso_definitions_11_stations_width_height_v1.0,ok
22,394.0,pca_rear70,pca_rear_endpoint_0pct_to_full_length_70pct,1.260181,2,0.14,0.098,-0.592437,0.119737,0.446351,1.203933,-0.180493,0.265858,194,25,median_in_1cm_longitudinal_by_5cm_center_patch,two_pca_torso_definitions_11_stations_width_height_v1.0,ok
22,394.0,pca_rear70,pca_rear_endpoint_0pct_to_full_length_70pct,1.260181,3,0.23,0.161,-0.479031,0.118161,0.487961,1.200227,-0.226508,0.261453,199,23,median_in_1cm_longitudinal_by_5cm_center_patch,two_pca_torso_definitions_11_stations_width_height_v1.0,ok
22,394.0,pca_rear70,pca_rear_endpoint_0pct_to_full_length_70pct,1.260181,4,0.32,0.224,-0.365626,0.116585,0.460742,1.18192,-0.220854,0.239888,189,20,median_in_1cm_longitudinal_by_5cm_center_patch,two_pca_torso_definitions_11_stations_width_height_v1.0,ok
22,394.0,pca_rear70,pca_rear_endpoint_0pct_to_full_length_70pct,1.260181,5,0.41,0.287,-0.252221,0.11501,0.506738,1.168397,-0.263842,0.242896,195,19,median_in_1cm_longitudinal_by_5cm_center_patch,two_pca_torso_definitions_11_stations_width_height_v1.0,ok
22,394.0,pca_rear70,pca_rear_endpoint_0pct_to_full_length_70pct,1.260181,6,0.5,0.35,-0.138816,0.113434,0.535163,1.165323,-0.278407,0.256756,198,19,median_in_1cm_longitudinal_by_5cm_center_patch,two_pca_torso_definitions_11_stations_width_height_v1.0,ok
22,394.0,pca_rear70,pca_rear_endpoint_0pct_to_full_length_70pct,1.260181,7,0.59,0.413,-0.02541,0.111858,0.509886,1.153747,-0.2729,0.236987,196,19,median_in_1cm_longitudinal_by_5cm_center_patch,two_pca_torso_definitions_11_stations_width_height_v1.0,ok
22,394.0,pca_rear70,pca_rear_endpoint_0pct_to_full_length_70pct,1.260181,8,0.68,0.476,0.087995,0.110283,0.470998,1.149413,-0.252981,0.218017,175,20,median_in_1cm_longitudinal_by_5cm_center_patch,two_pca_torso_definitions_11_stations_width_height_v1.0,ok
22,394.0,pca_rear70,pca_rear_endpoint_0pct_to_full_length_70pct,1.260181,9,0.77,0.539,0.2014,0.108707,0.437681,1.12902,-0.216228,0.221453,155,18,median_in_1cm_longitudinal_by_5cm_center_patch,two_pca_torso_definitions_11_stations_width_height_v1.0,ok
22,394.0,pca_rear70,pca_rear_endpoint_0pct_to_full_length_70pct,1.260181,10,0.86,0.602,0.314806,0.107131,0.417876,1.116565,-0.185778,0.232099,147,20,median_in_1cm_longitudinal_by_5cm_center_patch,two_pca_torso_definitions_11_stations_width_height_v1.0,ok
22,394.0,pca_rear70,pca_rear_endpoint_0pct_to_full_length_70pct,1.260181,11,0.95,0.665,0.428211,0.105555,0.374022,1.100853,-0.203205,0.170817,127,17,median_in_1cm_longitudinal_by_5cm_center_patch,two_pca_torso_definitions_11_stations_width_height_v1.0,ok
23,439.0,pca_4548,rear_first_below_45pct_to_head_first_below_48pct,1.33,1,0.05,0.038191,-0.290588,0.25516,0.355838,1.172132,-0.181985,0.173853,121,15,median_in_1cm_longitudinal_by_5cm_center_patch,two_pca_torso_definitions_11_stations_width_height_v1.0,ok
23,439.0,pca_4548,rear_first_below_45pct_to_head_first_below_48pct,1.33,2,0.14,0.106229,-0.170895,0.25643,0.455948,1.163416,-0.235636,0.220312,169,22,median_in_1cm_longitudinal_by_5cm_center_patch,two_pca_torso_definitions_11_stations_width_height_v1.0,ok
23,439.0,pca_4548,rear_first_below_45pct_to_head_first_below_48pct,1.33,3,0.23,0.174267,-0.051201,0.257701,0.48901,1.165138,-0.255818,0.233192,195,20,median_in_1cm_longitudinal_by_5cm_center_patch,two_pca_torso_definitions_11_stations_width_height_v1.0,ok
23,439.0,pca_4548,rear_first_below_45pct_to_head_first_below_48pct,1.33,4,0.32,0.242306,0.068492,0.258971,0.495598,1.151933,-0.246387,0.249211,193,20,median_in_1cm_longitudinal_by_5cm_center_patch,two_pca_torso_definitions_11_stations_width_height_v1.0,ok
23,439.0,pca_4548,rear_first_below_45pct_to_head_first_below_48pct,1.33,5,0.41,0.310344,0.188185,0.260242,0.566825,1.146527,-0.252169,0.314656,210,20,median_in_1cm_longitudinal_by_5cm_center_patch,two_pca_torso_definitions_11_stations_width_height_v1.0,ok
23,439.0,pca_4548,rear_first_below_45pct_to_head_first_below_48pct,1.33,6,0.5,0.378382,0.307878,0.261512,0.558329,1.142481,-0.253379,0.30495,202,21,median_in_1cm_longitudinal_by_5cm_center_patch,two_pca_torso_definitions_11_stations_width_height_v1.0,ok
23,439.0,pca_4548,rear_first_below_45pct_to_head_first_below_48pct,1.33,7,0.59,0.446421,0.427572,0.262783,0.529723,1.136845,-0.227278,0.302445,196,21,median_in_1cm_longitudinal_by_5cm_center_patch,two_pca_torso_definitions_11_stations_width_height_v1.0,ok
23,439.0,pca_4548,rear_first_below_45pct_to_head_first_below_48pct,1.33,8,0.68,0.514459,0.547265,0.264054,0.444676,1.134332,-0.192032,0.252644,173,28,median_in_1cm_longitudinal_by_5cm_center_patch,two_pca_torso_definitions_11_stations_width_height_v1.0,ok
23,439.0,pca_4548,rear_first_below_45pct_to_head_first_below_48pct,1.33,9,0.77,0.582497,0.666958,0.265324,0.414723,1.124017,-0.182492,0.232231,158,19,median_in_1cm_longitudinal_by_5cm_center_patch,two_pca_torso_definitions_11_stations_width_height_v1.0,ok
23,439.0,pca_4548,rear_first_below_45pct_to_head_first_below_48pct,1.33,10,0.86,0.650535,0.786652,0.266595,0.452574,1.123807,-0.200958,0.251617,166,19,median_in_1cm_longitudinal_by_5cm_center_patch,two_pca_torso_definitions_11_stations_width_height_v1.0,ok
23,439.0,pca_4548,rear_first_below_45pct_to_head_first_below_48pct,1.33,11,0.95,0.718574,0.906345,0.267865,0.341243,1.10383,-0.178522,0.162721,114,18,median_in_1cm_longitudinal_by_5cm_center_patch,two_pca_torso_definitions_11_stations_width_height_v1.0,ok
23,439.0,pca_rear70,pca_rear_endpoint_0pct_to_full_length_70pct,1.231512,1,0.05,0.035,-0.296201,0.2551,0.359533,1.1667,-0.180355,0.179179,120,14,median_in_1cm_longitudinal_by_5cm_center_patch,two_pca_torso_definitions_11_stations_width_height_v1.0,ok
23,439.0,pca_rear70,pca_rear_endpoint_0pct_to_full_length_70pct,1.231512,2,0.14,0.098,-0.185371,0.256276,0.44702,1.169421,-0.237367,0.209653,169,19,median_in_1cm_longitudinal_by_5cm_center_patch,two_pca_torso_definitions_11_stations_width_height_v1.0,ok
23,439.0,pca_rear70,pca_rear_endpoint_0pct_to_full_length_70pct,1.231512,3,0.23,0.161,-0.074541,0.257453,0.484737,1.164194,-0.255687,0.22905,194,20,median_in_1cm_longitudinal_by_5cm_center_patch,two_pca_torso_definitions_11_stations_width_height_v1.0,ok
23,439.0,pca_rear70,pca_rear_endpoint_0pct_to_full_length_70pct,1.231512,4,0.32,0.224,0.036289,0.258629,0.490095,1.153302,-0.256028,0.234067,193,19,median_in_1cm_longitudinal_by_5cm_center_patch,two_pca_torso_definitions_11_stations_width_height_v1.0,ok
23,439.0,pca_rear70,pca_rear_endpoint_0pct_to_full_length_70pct,1.231512,5,0.41,0.287,0.147119,0.259806,0.545452,1.149068,-0.240683,0.304769,206,19,median_in_1cm_longitudinal_by_5cm_center_patch,two_pca_torso_definitions_11_stations_width_height_v1.0,ok
23,439.0,pca_rear70,pca_rear_endpoint_0pct_to_full_length_70pct,1.231512,6,0.5,0.35,0.257948,0.260982,0.574013,1.146197,-0.262059,0.311954,218,20,median_in_1cm_longitudinal_by_5cm_center_patch,two_pca_torso_definitions_11_stations_width_height_v1.0,ok
23,439.0,pca_rear70,pca_rear_endpoint_0pct_to_full_length_70pct,1.231512,7,0.59,0.413,0.368778,0.262158,0.557359,1.137171,-0.248392,0.308967,200,20,median_in_1cm_longitudinal_by_5cm_center_patch,two_pca_torso_definitions_11_stations_width_height_v1.0,ok
23,439.0,pca_rear70,pca_rear_endpoint_0pct_to_full_length_70pct,1.231512,8,0.68,0.476,0.479608,0.263335,0.498941,1.136566,-0.21275,0.286191,183,22,median_in_1cm_longitudinal_by_5cm_center_patch,two_pca_torso_definitions_11_stations_width_height_v1.0,ok
23,439.0,pca_rear70,pca_rear_endpoint_0pct_to_full_length_70pct,1.231512,9,0.77,0.539,0.590438,0.264511,0.410702,1.126797,-0.188462,0.22224,156,18,median_in_1cm_longitudinal_by_5cm_center_patch,two_pca_torso_definitions_11_stations_width_height_v1.0,ok
23,439.0,pca_rear70,pca_rear_endpoint_0pct_to_full_length_70pct,1.231512,10,0.86,0.602,0.701268,0.265688,0.407968,1.124006,-0.19838,0.209588,164,20,median_in_1cm_longitudinal_by_5cm_center_patch,two_pca_torso_definitions_11_stations_width_height_v1.0,ok
23,439.0,pca_rear70,pca_rear_endpoint_0pct_to_full_length_70pct,1.231512,11,0.95,0.665,0.812098,0.266864,0.431789,1.12152,-0.201052,0.230736,156,20,median_in_1cm_longitudinal_by_5cm_center_patch,two_pca_torso_definitions_11_stations_width_height_v1.0,ok
24,441.0,pca_4548,rear_first_below_45pct_to_head_first_below_48pct,1.350001,1,0.05,0.046105,-0.591154,0.303982,0.353992,1.146416,-0.168348,0.185644,121,22,median_in_1cm_longitudinal_by_5cm_center_patch,two_pca_torso_definitions_11_stations_width_height_v1.0,ok
24,441.0,pca_4548,rear_first_below_45pct_to_head_first_below_48pct,1.350001,2,0.14,0.111839,-0.469725,0.299811,0.461938,1.148429,-0.238896,0.223042,179,21,median_in_1cm_longitudinal_by_5cm_center_patch,two_pca_torso_definitions_11_stations_width_height_v1.0,ok
24,441.0,pca_4548,rear_first_below_45pct_to_head_first_below_48pct,1.350001,3,0.23,0.177573,-0.348297,0.295641,0.503872,1.148196,-0.253944,0.249928,202,20,median_in_1cm_longitudinal_by_5cm_center_patch,two_pca_torso_definitions_11_stations_width_height_v1.0,ok
24,441.0,pca_4548,rear_first_below_45pct_to_head_first_below_48pct,1.350001,4,0.32,0.243307,-0.226868,0.29147,0.513943,1.148306,-0.250093,0.26385,201,20,median_in_1cm_longitudinal_by_5cm_center_patch,two_pca_torso_definitions_11_stations_width_height_v1.0,ok
24,441.0,pca_4548,rear_first_below_45pct_to_head_first_below_48pct,1.350001,5,0.41,0.309042,-0.10544,0.2873,0.555877,1.147014,-0.256725,0.299152,212,20,median_in_1cm_longitudinal_by_5cm_center_patch,two_pca_torso_definitions_11_stations_width_height_v1.0,ok
24,441.0,pca_4548,rear_first_below_45pct_to_head_first_below_48pct,1.350001,6,0.5,0.374776,0.015988,0.283129,0.545556,1.142183,-0.246945,0.298612,207,20,median_in_1cm_longitudinal_by_5cm_center_patch,two_pca_torso_definitions_11_stations_width_height_v1.0,ok
24,441.0,pca_4548,rear_first_below_45pct_to_head_first_below_48pct,1.350001,7,0.59,0.44051,0.137417,0.278958,0.510747,1.128354,-0.2273,0.283447,187,20,median_in_1cm_longitudinal_by_5cm_center_patch,two_pca_torso_definitions_11_stations_width_height_v1.0,ok
24,441.0,pca_4548,rear_first_below_45pct_to_head_first_below_48pct,1.350001,8,0.68,0.506244,0.258845,0.274788,0.425947,1.119378,-0.190468,0.235478,166,20,median_in_1cm_longitudinal_by_5cm_center_patch,two_pca_torso_definitions_11_stations_width_height_v1.0,ok
24,441.0,pca_4548,rear_first_below_45pct_to_head_first_below_48pct,1.350001,9,0.77,0.571978,0.380274,0.270617,0.427624,1.100996,-0.217449,0.210174,161,19,median_in_1cm_longitudinal_by_5cm_center_patch,two_pca_torso_definitions_11_stations_width_height_v1.0,ok
24,441.0,pca_4548,rear_first_below_45pct_to_head_first_below_48pct,1.350001,10,0.86,0.637712,0.501702,0.266447,0.403024,1.091701,-0.189743,0.213281,139,19,median_in_1cm_longitudinal_by_5cm_center_patch,two_pca_torso_definitions_11_stations_width_height_v1.0,ok
24,441.0,pca_4548,rear_first_below_45pct_to_head_first_below_48pct,1.350001,11,0.95,0.703446,0.623131,0.262276,0.331019,1.063554,-0.140201,0.190819,130,22,median_in_1cm_longitudinal_by_5cm_center_patch,two_pca_torso_definitions_11_stations_width_height_v1.0,ok
24,441.0,pca_rear70,pca_rear_endpoint_0pct_to_full_length_70pct,1.293848,1,0.05,0.035,-0.611668,0.304687,0.309297,1.140253,-0.146799,0.162498,109,22,median_in_1cm_longitudinal_by_5cm_center_patch,two_pca_torso_definitions_11_stations_width_height_v1.0,ok
24,441.0,pca_rear70,pca_rear_endpoint_0pct_to_full_length_70pct,1.293848,2,0.14,0.098,-0.49529,0.30069,0.432874,1.145592,-0.221429,0.211444,158,18,median_in_1cm_longitudinal_by_5cm_center_patch,two_pca_torso_definitions_11_stations_width_height_v1.0,ok
24,441.0,pca_rear70,pca_rear_endpoint_0pct_to_full_length_70pct,1.293848,3,0.23,0.161,-0.378912,0.296693,0.489981,1.151239,-0.25076,0.239221,192,20,median_in_1cm_longitudinal_by_5cm_center_patch,two_pca_torso_definitions_11_stations_width_height_v1.0,ok
24,441.0,pca_rear70,pca_rear_endpoint_0pct_to_full_length_70pct,1.293848,4,0.32,0.224,-0.262534,0.292696,0.499765,1.146517,-0.251246,0.248519,202,20,median_in_1cm_longitudinal_by_5cm_center_patch,two_pca_torso_definitions_11_stations_width_height_v1.0,ok
24,441.0,pca_rear70,pca_rear_endpoint_0pct_to_full_length_70pct,1.293848,5,0.41,0.287,-0.146157,0.288699,0.550098,1.147593,-0.252232,0.297866,205,20,median_in_1cm_longitudinal_by_5cm_center_patch,two_pca_torso_definitions_11_stations_width_height_v1.0,ok
24,441.0,pca_rear70,pca_rear_endpoint_0pct_to_full_length_70pct,1.293848,6,0.5,0.35,-0.029779,0.284701,0.55611,1.146928,-0.259988,0.296123,208,22,median_in_1cm_longitudinal_by_5cm_center_patch,two_pca_torso_definitions_11_stations_width_height_v1.0,ok
24,441.0,pca_rear70,pca_rear_endpoint_0pct_to_full_length_70pct,1.293848,7,0.59,0.413,0.086599,0.280704,0.537115,1.135595,-0.244488,0.292627,200,19,median_in_1cm_longitudinal_by_5cm_center_patch,two_pca_torso_definitions_11_stations_width_height_v1.0,ok
24,441.0,pca_rear70,pca_rear_endpoint_0pct_to_full_length_70pct,1.293848,8,0.68,0.476,0.202976,0.276707,0.479765,1.128306,-0.209771,0.269994,176,21,median_in_1cm_longitudinal_by_5cm_center_patch,two_pca_torso_definitions_11_stations_width_height_v1.0,ok
24,441.0,pca_rear70,pca_rear_endpoint_0pct_to_full_length_70pct,1.293848,9,0.77,0.539,0.319354,0.27271,0.418175,1.108807,-0.198965,0.219211,160,20,median_in_1cm_longitudinal_by_5cm_center_patch,two_pca_torso_definitions_11_stations_width_height_v1.0,ok
24,441.0,pca_rear70,pca_rear_endpoint_0pct_to_full_length_70pct,1.293848,10,0.86,0.602,0.435732,0.268713,0.403466,1.095475,-0.197975,0.205491,149,16,median_in_1cm_longitudinal_by_5cm_center_patch,two_pca_torso_definitions_11_stations_width_height_v1.0,ok
24,441.0,pca_rear70,pca_rear_endpoint_0pct_to_full_length_70pct,1.293848,11,0.95,0.665,0.55211,0.264716,0.391004,1.079477,-0.176543,0.214461,135,22,median_in_1cm_longitudinal_by_5cm_center_patch,two_pca_torso_definitions_11_stations_width_height_v1.0,ok
25,434.0,pca_4548,rear_first_below_45pct_to_head_first_below_48pct,1.33,1,0.05,0.032016,-0.269286,-0.181986,0.393524,1.140065,-0.127419,0.266104,124,15,median_in_1cm_longitudinal_by_5cm_center_patch,two_pca_torso_definitions_11_stations_width_height_v1.0,ok
25,434.0,pca_4548,rear_first_below_45pct_to_head_first_below_48pct,1.33,2,0.14,0.098685,-0.15157,-0.160284,0.452168,1.1453,-0.192367,0.259801,163,20,median_in_1cm_longitudinal_by_5cm_center_patch,two_pca_torso_definitions_11_stations_width_height_v1.0,ok
25,434.0,pca_4548,rear_first_below_45pct_to_head_first_below_48pct,1.33,3,0.23,0.165354,-0.033853,-0.138582,0.447975,1.153668,-0.221643,0.226332,177,21,median_in_1cm_longitudinal_by_5cm_center_patch,two_pca_torso_definitions_11_stations_width_height_v1.0,ok
25,434.0,pca_4548,rear_first_below_45pct_to_head_first_below_48pct,1.33,4,0.32,0.232023,0.083863,-0.116881,0.441079,1.151695,-0.228654,0.212426,180,20,median_in_1cm_longitudinal_by_5cm_center_patch,two_pca_torso_definitions_11_stations_width_height_v1.0,ok
25,434.0,pca_4548,rear_first_below_45pct_to_head_first_below_48pct,1.33,5,0.41,0.298692,0.201579,-0.095179,0.510924,1.155934,-0.260343,0.250582,195,21,median_in_1cm_longitudinal_by_5cm_center_patch,two_pca_torso_definitions_11_stations_width_height_v1.0,ok
25,434.0,pca_4548,rear_first_below_45pct_to_head_first_below_48pct,1.33,6,0.5,0.365361,0.319295,-0.073478,0.511546,1.155761,-0.26793,0.243616,200,21,median_in_1cm_longitudinal_by_5cm_center_patch,two_pca_torso_definitions_11_stations_width_height_v1.0,ok
25,434.0,pca_4548,rear_first_below_45pct_to_head_first_below_48pct,1.33,7,0.59,0.43203,0.437012,-0.051776,0.497624,1.152362,-0.269794,0.22783,199,21,median_in_1cm_longitudinal_by_5cm_center_patch,two_pca_torso_definitions_11_stations_width_height_v1.0,ok
25,434.0,pca_4548,rear_first_below_45pct_to_head_first_below_48pct,1.33,8,0.68,0.498699,0.554728,-0.030074,0.456199,1.157626,-0.261675,0.194524,180,21,median_in_1cm_longitudinal_by_5cm_center_patch,two_pca_torso_definitions_11_stations_width_height_v1.0,ok
25,434.0,pca_4548,rear_first_below_45pct_to_head_first_below_48pct,1.33,9,0.77,0.565368,0.672444,-0.008373,0.399313,1.146286,-0.243051,0.156262,140,18,median_in_1cm_longitudinal_by_5cm_center_patch,two_pca_torso_definitions_11_stations_width_height_v1.0,ok
25,434.0,pca_4548,rear_first_below_45pct_to_head_first_below_48pct,1.33,10,0.86,0.632037,0.790161,0.013329,0.42753,1.119827,-0.270726,0.156804,162,18,median_in_1cm_longitudinal_by_5cm_center_patch,two_pca_torso_definitions_11_stations_width_height_v1.0,ok
25,434.0,pca_4548,rear_first_below_45pct_to_head_first_below_48pct,1.33,11,0.95,0.698706,0.907877,0.035031,0.327254,1.115066,-0.223666,0.103588,113,21,median_in_1cm_longitudinal_by_5cm_center_patch,two_pca_torso_definitions_11_stations_width_height_v1.0,ok
25,434.0,pca_rear70,pca_rear_endpoint_0pct_to_full_length_70pct,1.256807,1,0.05,0.035,-0.264018,-0.181014,0.394967,1.141699,-0.137743,0.257225,133,15,median_in_1cm_longitudinal_by_5cm_center_patch,two_pca_torso_definitions_11_stations_width_height_v1.0,ok
25,434.0,pca_rear70,pca_rear_endpoint_0pct_to_full_length_70pct,1.256807,2,0.14,0.098,-0.15278,-0.160507,0.44529,1.145355,-0.193008,0.252283,158,21,median_in_1cm_longitudinal_by_5cm_center_patch,two_pca_torso_definitions_11_stations_width_height_v1.0,ok
25,434.0,pca_rear70,pca_rear_endpoint_0pct_to_full_length_70pct,1.256807,3,0.23,0.161,-0.041542,-0.139999,0.45361,1.154833,-0.222536,0.231074,175,21,median_in_1cm_longitudinal_by_5cm_center_patch,two_pca_torso_definitions_11_stations_width_height_v1.0,ok
25,434.0,pca_rear70,pca_rear_endpoint_0pct_to_full_length_70pct,1.256807,4,0.32,0.224,0.069696,-0.119492,0.439861,1.149201,-0.226719,0.213143,175,20,median_in_1cm_longitudinal_by_5cm_center_patch,two_pca_torso_definitions_11_stations_width_height_v1.0,ok
25,434.0,pca_rear70,pca_rear_endpoint_0pct_to_full_length_70pct,1.256807,5,0.41,0.287,0.180934,-0.098985,0.507515,1.152971,-0.256036,0.251479,196,21,median_in_1cm_longitudinal_by_5cm_center_patch,two_pca_torso_definitions_11_stations_width_height_v1.0,ok
25,434.0,pca_rear70,pca_rear_endpoint_0pct_to_full_length_70pct,1.256807,6,0.5,0.35,0.292172,-0.078478,0.522885,1.155191,-0.267867,0.255018,204,21,median_in_1cm_longitudinal_by_5cm_center_patch,two_pca_torso_definitions_11_stations_width_height_v1.0,ok
25,434.0,pca_rear70,pca_rear_endpoint_0pct_to_full_length_70pct,1.256807,7,0.59,0.413,0.403411,-0.05797,0.502855,1.151775,-0.265115,0.237739,198,21,median_in_1cm_longitudinal_by_5cm_center_patch,two_pca_torso_definitions_11_stations_width_height_v1.0,ok
25,434.0,pca_rear70,pca_rear_endpoint_0pct_to_full_length_70pct,1.256807,8,0.68,0.476,0.514649,-0.037463,0.466788,1.156347,-0.262149,0.204639,188,22,median_in_1cm_longitudinal_by_5cm_center_patch,two_pca_torso_definitions_11_stations_width_height_v1.0,ok
25,434.0,pca_rear70,pca_rear_endpoint_0pct_to_full_length_70pct,1.256807,9,0.77,0.539,0.625887,-0.016956,0.416692,1.147263,-0.242135,0.174557,155,22,median_in_1cm_longitudinal_by_5cm_center_patch,two_pca_torso_definitions_11_stations_width_height_v1.0,ok
25,434.0,pca_rear70,pca_rear_endpoint_0pct_to_full_length_70pct,1.256807,10,0.86,0.602,0.737125,0.003552,0.406429,1.128453,-0.253404,0.153025,142,19,median_in_1cm_longitudinal_by_5cm_center_patch,two_pca_torso_definitions_11_stations_width_height_v1.0,ok
25,434.0,pca_rear70,pca_rear_endpoint_0pct_to_full_length_70pct,1.256807,11,0.95,0.665,0.848363,0.024059,0.425182,1.120909,-0.270556,0.154627,115,18,median_in_1cm_longitudinal_by_5cm_center_patch,two_pca_torso_definitions_11_stations_width_height_v1.0,ok
26,414.0,pca_4548,rear_first_below_45pct_to_head_first_below_48pct,1.32,1,0.05,0.05282,-0.481782,-0.242348,0.354074,1.132552,-0.169553,0.184521,116,23,median_in_1cm_longitudinal_by_5cm_center_patch,two_pca_torso_definitions_11_stations_width_height_v1.0,ok
26,414.0,pca_4548,rear_first_below_45pct_to_head_first_below_48pct,1.32,2,0.14,0.11835,-0.3635,-0.253425,0.462446,1.153148,-0.231105,0.231341,172,22,median_in_1cm_longitudinal_by_5cm_center_patch,two_pca_torso_definitions_11_stations_width_height_v1.0,ok
26,414.0,pca_4548,rear_first_below_45pct_to_head_first_below_48pct,1.32,3,0.23,0.18388,-0.245217,-0.264501,0.474718,1.164283,-0.245326,0.229392,195,21,median_in_1cm_longitudinal_by_5cm_center_patch,two_pca_torso_definitions_11_stations_width_height_v1.0,ok
26,414.0,pca_4548,rear_first_below_45pct_to_head_first_below_48pct,1.32,4,0.32,0.24941,-0.126935,-0.275577,0.484551,1.166403,-0.253976,0.230575,199,21,median_in_1cm_longitudinal_by_5cm_center_patch,two_pca_torso_definitions_11_stations_width_height_v1.0,ok
26,414.0,pca_4548,rear_first_below_45pct_to_head_first_below_48pct,1.32,5,0.41,0.31494,-0.008653,-0.286653,0.521597,1.17658,-0.269414,0.252183,215,21,median_in_1cm_longitudinal_by_5cm_center_patch,two_pca_torso_definitions_11_stations_width_height_v1.0,ok
26,414.0,pca_4548,rear_first_below_45pct_to_head_first_below_48pct,1.32,6,0.5,0.38047,0.10963,-0.297729,0.521761,1.174352,-0.270897,0.250864,206,21,median_in_1cm_longitudinal_by_5cm_center_patch,two_pca_torso_definitions_11_stations_width_height_v1.0,ok
26,414.0,pca_4548,rear_first_below_45pct_to_head_first_below_48pct,1.32,7,0.59,0.446,0.227913,-0.308805,0.478289,1.171133,-0.25159,0.226699,192,23,median_in_1cm_longitudinal_by_5cm_center_patch,two_pca_torso_definitions_11_stations_width_height_v1.0,ok
26,414.0,pca_4548,rear_first_below_45pct_to_head_first_below_48pct,1.32,8,0.68,0.51153,0.346195,-0.319881,0.416825,1.161921,-0.229537,0.187288,163,23,median_in_1cm_longitudinal_by_5cm_center_patch,two_pca_torso_definitions_11_stations_width_height_v1.0,ok
26,414.0,pca_4548,rear_first_below_45pct_to_head_first_below_48pct,1.32,9,0.77,0.57706,0.464477,-0.330957,0.405826,1.142394,-0.243098,0.162727,158,22,median_in_1cm_longitudinal_by_5cm_center_patch,two_pca_torso_definitions_11_stations_width_height_v1.0,ok
26,414.0,pca_4548,rear_first_below_45pct_to_head_first_below_48pct,1.32,10,0.86,0.642589,0.58276,-0.342033,0.414084,1.118205,-0.230467,0.183617,142,21,median_in_1cm_longitudinal_by_5cm_center_patch,two_pca_torso_definitions_11_stations_width_height_v1.0,ok
26,414.0,pca_4548,rear_first_below_45pct_to_head_first_below_48pct,1.32,11,0.95,0.708119,0.701042,-0.35311,0.311221,1.092964,-0.158745,0.152476,123,25,median_in_1cm_longitudinal_by_5cm_center_patch,two_pca_torso_definitions_11_stations_width_height_v1.0,ok
26,414.0,pca_rear70,pca_rear_endpoint_0pct_to_full_length_70pct,1.269038,1,0.05,0.035,-0.513948,-0.239336,0.305747,1.128158,-0.148327,0.157421,96,21,median_in_1cm_longitudinal_by_5cm_center_patch,two_pca_torso_definitions_11_stations_width_height_v1.0,ok
26,414.0,pca_rear70,pca_rear_endpoint_0pct_to_full_length_70pct,1.269038,2,0.14,0.098,-0.400232,-0.249984,0.469752,1.142117,-0.235531,0.23422,165,22,median_in_1cm_longitudinal_by_5cm_center_patch,two_pca_torso_definitions_11_stations_width_height_v1.0,ok
26,414.0,pca_rear70,pca_rear_endpoint_0pct_to_full_length_70pct,1.269038,3,0.23,0.161,-0.286516,-0.260633,0.483637,1.164548,-0.252727,0.230909,197,21,median_in_1cm_longitudinal_by_5cm_center_patch,two_pca_torso_definitions_11_stations_width_height_v1.0,ok
26,414.0,pca_rear70,pca_rear_endpoint_0pct_to_full_length_70pct,1.269038,4,0.32,0.224,-0.1728,-0.271281,0.483148,1.167301,-0.256204,0.226943,196,21,median_in_1cm_longitudinal_by_5cm_center_patch,two_pca_torso_definitions_11_stations_width_height_v1.0,ok
26,414.0,pca_rear70,pca_rear_endpoint_0pct_to_full_length_70pct,1.269038,5,0.41,0.287,-0.059084,-0.28193,0.508376,1.173159,-0.267107,0.241269,211,21,median_in_1cm_longitudinal_by_5cm_center_patch,two_pca_torso_definitions_11_stations_width_height_v1.0,ok
26,414.0,pca_rear70,pca_rear_endpoint_0pct_to_full_length_70pct,1.269038,6,0.5,0.35,0.054632,-0.292579,0.520027,1.179903,-0.268825,0.251202,211,22,median_in_1cm_longitudinal_by_5cm_center_patch,two_pca_torso_definitions_11_stations_width_height_v1.0,ok
26,414.0,pca_rear70,pca_rear_endpoint_0pct_to_full_length_70pct,1.269038,7,0.59,0.413,0.168348,-0.303227,0.50279,1.170043,-0.262192,0.240598,197,22,median_in_1cm_longitudinal_by_5cm_center_patch,two_pca_torso_definitions_11_stations_width_height_v1.0,ok
26,414.0,pca_rear70,pca_rear_endpoint_0pct_to_full_length_70pct,1.269038,8,0.68,0.476,0.282064,-0.313876,0.452317,1.171084,-0.243045,0.209272,176,19,median_in_1cm_longitudinal_by_5cm_center_patch,two_pca_torso_definitions_11_stations_width_height_v1.0,ok
26,414.0,pca_rear70,pca_rear_endpoint_0pct_to_full_length_70pct,1.269038,9,0.77,0.539,0.39578,-0.324524,0.405951,1.150548,-0.231654,0.174297,155,22,median_in_1cm_longitudinal_by_5cm_center_patch,two_pca_torso_definitions_11_stations_width_height_v1.0,ok
26,414.0,pca_rear70,pca_rear_endpoint_0pct_to_full_length_70pct,1.269038,10,0.86,0.602,0.509496,-0.335173,0.418977,1.127301,-0.245682,0.173295,157,17,median_in_1cm_longitudinal_by_5cm_center_patch,two_pca_torso_definitions_11_stations_width_height_v1.0,ok
26,414.0,pca_rear70,pca_rear_endpoint_0pct_to_full_length_70pct,1.269038,11,0.95,0.665,0.623212,-0.345821,0.373223,1.110065,-0.197961,0.175262,132,22,median_in_1cm_longitudinal_by_5cm_center_patch,two_pca_torso_definitions_11_stations_width_height_v1.0,ok
27,400.0,pca_4548,rear_first_below_45pct_to_head_first_below_48pct,1.34,1,0.05,0.046434,-0.9332,-0.091388,0.370053,1.240103,-0.204957,0.165095,111,19,median_in_1cm_longitudinal_by_5cm_center_patch,two_pca_torso_definitions_11_stations_width_height_v1.0,ok
27,400.0,pca_4548,rear_first_below_45pct_to_head_first_below_48pct,1.34,2,0.14,0.114761,-0.813847,-0.074095,0.449444,1.260494,-0.239057,0.210387,164,20,median_in_1cm_longitudinal_by_5cm_center_patch,two_pca_torso_definitions_11_stations_width_height_v1.0,ok
27,400.0,pca_4548,rear_first_below_45pct_to_head_first_below_48pct,1.34,3,0.23,0.183088,-0.694493,-0.056802,0.497764,1.259484,-0.247512,0.250252,216,24,median_in_1cm_longitudinal_by_5cm_center_patch,two_pca_torso_definitions_11_stations_width_height_v1.0,ok
27,400.0,pca_4548,rear_first_below_45pct_to_head_first_below_48pct,1.34,4,0.32,0.251415,-0.575139,-0.039509,0.481143,1.252119,-0.23851,0.242633,219,24,median_in_1cm_longitudinal_by_5cm_center_patch,two_pca_torso_definitions_11_stations_width_height_v1.0,ok
27,400.0,pca_4548,rear_first_below_45pct_to_head_first_below_48pct,1.34,5,0.41,0.319742,-0.455785,-0.022216,0.544518,1.253083,-0.268801,0.275717,228,26,median_in_1cm_longitudinal_by_5cm_center_patch,two_pca_torso_definitions_11_stations_width_height_v1.0,ok
27,400.0,pca_4548,rear_first_below_45pct_to_head_first_below_48pct,1.34,6,0.5,0.388069,-0.336432,-0.004924,0.548601,1.244138,-0.2611,0.287501,232,22,median_in_1cm_longitudinal_by_5cm_center_patch,two_pca_torso_definitions_11_stations_width_height_v1.0,ok
27,400.0,pca_4548,rear_first_below_45pct_to_head_first_below_48pct,1.34,7,0.59,0.456396,-0.217078,0.012369,0.509107,1.231703,-0.2388,0.270307,209,22,median_in_1cm_longitudinal_by_5cm_center_patch,two_pca_torso_definitions_11_stations_width_height_v1.0,ok
27,400.0,pca_4548,rear_first_below_45pct_to_head_first_below_48pct,1.34,8,0.68,0.524723,-0.097724,0.029662,0.468644,1.220068,-0.211825,0.25682,185,21,median_in_1cm_longitudinal_by_5cm_center_patch,two_pca_torso_definitions_11_stations_width_height_v1.0,ok
27,400.0,pca_4548,rear_first_below_45pct_to_head_first_below_48pct,1.34,9,0.77,0.59305,0.02163,0.046955,0.442967,1.195309,-0.197066,0.245902,174,21,median_in_1cm_longitudinal_by_5cm_center_patch,two_pca_torso_definitions_11_stations_width_height_v1.0,ok
27,400.0,pca_4548,rear_first_below_45pct_to_head_first_below_48pct,1.34,10,0.86,0.661377,0.140984,0.064248,0.467792,1.179838,-0.225591,0.242201,176,20,median_in_1cm_longitudinal_by_5cm_center_patch,two_pca_torso_definitions_11_stations_width_height_v1.0,ok
27,400.0,pca_4548,rear_first_below_45pct_to_head_first_below_48pct,1.34,11,0.95,0.729704,0.260337,0.081541,0.404487,1.133816,-0.179779,0.224708,132,19,median_in_1cm_longitudinal_by_5cm_center_patch,two_pca_torso_definitions_11_stations_width_height_v1.0,ok
27,400.0,pca_rear70,pca_rear_endpoint_0pct_to_full_length_70pct,1.235531,1,0.05,0.035,-0.953174,-0.094282,0.330141,1.238517,-0.195161,0.134981,94,18,median_in_1cm_longitudinal_by_5cm_center_patch,two_pca_torso_definitions_11_stations_width_height_v1.0,ok
27,400.0,pca_rear70,pca_rear_endpoint_0pct_to_full_length_70pct,1.235531,2,0.14,0.098,-0.843125,-0.078337,0.443966,1.253808,-0.229163,0.214804,171,23,median_in_1cm_longitudinal_by_5cm_center_patch,two_pca_torso_definitions_11_stations_width_height_v1.0,ok
27,400.0,pca_rear70,pca_rear_endpoint_0pct_to_full_length_70pct,1.235531,3,0.23,0.161,-0.733077,-0.062392,0.497108,1.259884,-0.253155,0.243953,196,25,median_in_1cm_longitudinal_by_5cm_center_patch,two_pca_torso_definitions_11_stations_width_height_v1.0,ok
27,400.0,pca_rear70,pca_rear_endpoint_0pct_to_full_length_70pct,1.235531,4,0.32,0.224,-0.623028,-0.046448,0.48434,1.254748,-0.231763,0.252577,225,24,median_in_1cm_longitudinal_by_5cm_center_patch,two_pca_torso_definitions_11_stations_width_height_v1.0,ok
27,400.0,pca_rear70,pca_rear_endpoint_0pct_to_full_length_70pct,1.235531,5,0.41,0.287,-0.512979,-0.030503,0.498015,1.250995,-0.239241,0.258774,215,24,median_in_1cm_longitudinal_by_5cm_center_patch,two_pca_torso_definitions_11_stations_width_height_v1.0,ok
27,400.0,pca_rear70,pca_rear_endpoint_0pct_to_full_length_70pct,1.235531,6,0.5,0.35,-0.402931,-0.014558,0.53972,1.251978,-0.253245,0.286476,232,20,median_in_1cm_longitudinal_by_5cm_center_patch,two_pca_torso_definitions_11_stations_width_height_v1.0,ok
27,400.0,pca_rear70,pca_rear_endpoint_0pct_to_full_length_70pct,1.235531,7,0.59,0.413,-0.292882,0.001387,0.54604,1.238014,-0.259886,0.286154,219,21,median_in_1cm_longitudinal_by_5cm_center_patch,two_pca_torso_definitions_11_stations_width_height_v1.0,ok
27,400.0,pca_rear70,pca_rear_endpoint_0pct_to_full_length_70pct,1.235531,8,0.68,0.476,-0.182833,0.017332,0.511094,1.231819,-0.233923,0.277171,211,22,median_in_1cm_longitudinal_by_5cm_center_patch,two_pca_torso_definitions_11_stations_width_height_v1.0,ok
27,400.0,pca_rear70,pca_rear_endpoint_0pct_to_full_length_70pct,1.235531,9,0.77,0.539,-0.072784,0.033276,0.452838,1.212979,-0.204409,0.24843,181,22,median_in_1cm_longitudinal_by_5cm_center_patch,two_pca_torso_definitions_11_stations_width_height_v1.0,ok
27,400.0,pca_rear70,pca_rear_endpoint_0pct_to_full_length_70pct,1.235531,10,0.86,0.602,0.037264,0.049221,0.454163,1.193089,-0.211817,0.242346,179,21,median_in_1cm_longitudinal_by_5cm_center_patch,two_pca_torso_definitions_11_stations_width_height_v1.0,ok
27,400.0,pca_rear70,pca_rear_endpoint_0pct_to_full_length_70pct,1.235531,11,0.95,0.665,0.147313,0.065166,0.467781,1.177626,-0.223342,0.244439,170,21,median_in_1cm_longitudinal_by_5cm_center_patch,two_pca_torso_definitions_11_stations_width_height_v1.0,ok
28,464.0,pca_4548,rear_first_below_45pct_to_head_first_below_48pct,1.28,1,0.05,0.0548,-0.170494,-0.470229,0.381977,1.246016,-0.153551,0.228427,160,15,median_in_1cm_longitudinal_by_5cm_center_patch,two_pca_torso_definitions_11_stations_width_height_v1.0,ok
28,464.0,pca_4548,rear_first_below_45pct_to_head_first_below_48pct,1.28,2,0.14,0.121274,-0.05812,-0.444873,0.467232,1.249712,-0.205934,0.261298,207,20,median_in_1cm_longitudinal_by_5cm_center_patch,two_pca_torso_definitions_11_stations_width_height_v1.0,ok
28,464.0,pca_4548,rear_first_below_45pct_to_head_first_below_48pct,1.28,3,0.23,0.187749,0.054255,-0.419517,0.489518,1.253975,-0.22022,0.269298,232,23,median_in_1cm_longitudinal_by_5cm_center_patch,two_pca_torso_definitions_11_stations_width_height_v1.0,ok
28,464.0,pca_4548,rear_first_below_45pct_to_head_first_below_48pct,1.28,4,0.32,0.254223,0.16663,-0.394161,0.508619,1.229872,-0.267527,0.241092,227,24,median_in_1cm_longitudinal_by_5cm_center_patch,two_pca_torso_definitions_11_stations_width_height_v1.0,ok
28,464.0,pca_4548,rear_first_below_45pct_to_head_first_below_48pct,1.28,5,0.41,0.320698,0.279005,-0.368805,0.546318,1.213601,-0.322292,0.224026,231,23,median_in_1cm_longitudinal_by_5cm_center_patch,two_pca_torso_definitions_11_stations_width_height_v1.0,ok
28,464.0,pca_4548,rear_first_below_45pct_to_head_first_below_48pct,1.28,6,0.5,0.387172,0.39138,-0.34345,0.534364,1.206056,-0.316499,0.217865,245,25,median_in_1cm_longitudinal_by_5cm_center_patch,two_pca_torso_definitions_11_stations_width_height_v1.0,ok
28,464.0,pca_4548,rear_first_below_45pct_to_head_first_below_48pct,1.28,7,0.59,0.453647,0.503755,-0.318094,0.536598,1.183553,-0.337947,0.198651,217,23,median_in_1cm_longitudinal_by_5cm_center_patch,two_pca_torso_definitions_11_stations_width_height_v1.0,ok
28,464.0,pca_4548,rear_first_below_45pct_to_head_first_below_48pct,1.28,8,0.68,0.520121,0.61613,-0.292738,0.450955,1.152701,-0.285277,0.165678,184,22,median_in_1cm_longitudinal_by_5cm_center_patch,two_pca_torso_definitions_11_stations_width_height_v1.0,ok
28,464.0,pca_4548,rear_first_below_45pct_to_head_first_below_48pct,1.28,9,0.77,0.586596,0.728505,-0.267382,0.440974,1.11555,-0.281501,0.159474,180,23,median_in_1cm_longitudinal_by_5cm_center_patch,two_pca_torso_definitions_11_stations_width_height_v1.0,ok
28,464.0,pca_4548,rear_first_below_45pct_to_head_first_below_48pct,1.28,10,0.86,0.653071,0.84088,-0.242026,0.424615,1.142278,-0.280579,0.144037,170,26,median_in_1cm_longitudinal_by_5cm_center_patch,two_pca_torso_definitions_11_stations_width_height_v1.0,ok
28,464.0,pca_4548,rear_first_below_45pct_to_head_first_below_48pct,1.28,11,0.95,0.719545,0.953254,-0.21667,0.332124,1.096571,-0.223619,0.108505,123,20,median_in_1cm_longitudinal_by_5cm_center_patch,two_pca_torso_definitions_11_stations_width_height_v1.0,ok
28,464.0,pca_rear70,pca_rear_endpoint_0pct_to_full_length_70pct,1.213096,1,0.05,0.035,-0.203966,-0.477782,0.346651,1.201785,-0.140061,0.20659,138,14,median_in_1cm_longitudinal_by_5cm_center_patch,two_pca_torso_definitions_11_stations_width_height_v1.0,ok
28,464.0,pca_rear70,pca_rear_endpoint_0pct_to_full_length_70pct,1.213096,2,0.14,0.098,-0.097464,-0.453751,0.433288,1.245496,-0.182946,0.250343,202,20,median_in_1cm_longitudinal_by_5cm_center_patch,two_pca_torso_definitions_11_stations_width_height_v1.0,ok
28,464.0,pca_rear70,pca_rear_endpoint_0pct_to_full_length_70pct,1.213096,3,0.23,0.161,0.009037,-0.42972,0.49522,1.258748,-0.226316,0.268904,226,23,median_in_1cm_longitudinal_by_5cm_center_patch,two_pca_torso_definitions_11_stations_width_height_v1.0,ok
28,464.0,pca_rear70,pca_rear_endpoint_0pct_to_full_length_70pct,1.213096,4,0.32,0.224,0.115538,-0.40569,0.506584,1.23956,-0.243188,0.263396,235,23,median_in_1cm_longitudinal_by_5cm_center_patch,two_pca_torso_definitions_11_stations_width_height_v1.0,ok
28,464.0,pca_rear70,pca_rear_endpoint_0pct_to_full_length_70pct,1.213096,5,0.41,0.287,0.222039,-0.381659,0.5153,1.223165,-0.288809,0.226491,231,24,median_in_1cm_longitudinal_by_5cm_center_patch,two_pca_torso_definitions_11_stations_width_height_v1.0,ok
28,464.0,pca_rear70,pca_rear_endpoint_0pct_to_full_length_70pct,1.213096,6,0.5,0.35,0.32854,-0.357629,0.560833,1.211977,-0.335666,0.225167,238,23,median_in_1cm_longitudinal_by_5cm_center_patch,two_pca_torso_definitions_11_stations_width_height_v1.0,ok
28,464.0,pca_rear70,pca_rear_endpoint_0pct_to_full_length_70pct,1.213096,7,0.59,0.413,0.435042,-0.333598,0.544511,1.197418,-0.327326,0.217186,230,24,median_in_1cm_longitudinal_by_5cm_center_patch,two_pca_torso_definitions_11_stations_width_height_v1.0,ok
28,464.0,pca_rear70,pca_rear_endpoint_0pct_to_full_length_70pct,1.213096,8,0.68,0.476,0.541543,-0.309567,0.514118,1.177673,-0.321581,0.192537,208,25,median_in_1cm_longitudinal_by_5cm_center_patch,two_pca_torso_definitions_11_stations_width_height_v1.0,ok
28,464.0,pca_rear70,pca_rear_endpoint_0pct_to_full_length_70pct,1.213096,9,0.77,0.539,0.648044,-0.285537,0.443879,1.140133,-0.284451,0.159428,174,20,median_in_1cm_longitudinal_by_5cm_center_patch,two_pca_torso_definitions_11_stations_width_height_v1.0,ok
28,464.0,pca_rear70,pca_rear_endpoint_0pct_to_full_length_70pct,1.213096,10,0.86,0.602,0.754545,-0.261506,0.445648,1.124997,-0.290487,0.155161,209,31,median_in_1cm_longitudinal_by_5cm_center_patch,two_pca_torso_definitions_11_stations_width_height_v1.0,ok
28,464.0,pca_rear70,pca_rear_endpoint_0pct_to_full_length_70pct,1.213096,11,0.95,0.665,0.861047,-0.237475,0.443801,1.143961,-0.301315,0.142486,172,22,median_in_1cm_longitudinal_by_5cm_center_patch,two_pca_torso_definitions_11_stations_width_height_v1.0,ok
39,437.0,pca_4548,rear_first_below_45pct_to_head_first_below_48pct,1.43,1,0.05,0.052281,-0.279559,-0.183163,0.369586,1.240703,-0.18339,0.186195,156,20,median_in_1cm_longitudinal_by_5cm_center_patch,two_pca_torso_definitions_11_stations_width_height_v1.0,ok
39,437.0,pca_4548,rear_first_below_45pct_to_head_first_below_48pct,1.43,2,0.14,0.124107,-0.1511,-0.175286,0.472771,1.226208,-0.235242,0.237529,194,21,median_in_1cm_longitudinal_by_5cm_center_patch,two_pca_torso_definitions_11_stations_width_height_v1.0,ok
39,437.0,pca_4548,rear_first_below_45pct_to_head_first_below_48pct,1.43,3,0.23,0.195933,-0.022642,-0.167409,0.513517,1.208805,-0.250205,0.263312,212,22,median_in_1cm_longitudinal_by_5cm_center_patch,two_pca_torso_definitions_11_stations_width_height_v1.0,ok
39,437.0,pca_4548,rear_first_below_45pct_to_head_first_below_48pct,1.43,4,0.32,0.26776,0.105817,-0.159532,0.516859,1.186352,-0.266344,0.250515,209,20,median_in_1cm_longitudinal_by_5cm_center_patch,two_pca_torso_definitions_11_stations_width_height_v1.0,ok
39,437.0,pca_4548,rear_first_below_45pct_to_head_first_below_48pct,1.43,5,0.41,0.339586,0.234276,-0.151655,0.57441,1.173275,-0.305002,0.269408,223,20,median_in_1cm_longitudinal_by_5cm_center_patch,two_pca_torso_definitions_11_stations_width_height_v1.0,ok
39,437.0,pca_4548,rear_first_below_45pct_to_head_first_below_48pct,1.43,6,0.5,0.411412,0.362734,-0.143778,0.552617,1.157119,-0.293882,0.258735,206,20,median_in_1cm_longitudinal_by_5cm_center_patch,two_pca_torso_definitions_11_stations_width_height_v1.0,ok
39,437.0,pca_4548,rear_first_below_45pct_to_head_first_below_48pct,1.43,7,0.59,0.483239,0.491193,-0.1359,0.489849,1.142296,-0.265549,0.224301,181,23,median_in_1cm_longitudinal_by_5cm_center_patch,two_pca_torso_definitions_11_stations_width_height_v1.0,ok
39,437.0,pca_4548,rear_first_below_45pct_to_head_first_below_48pct,1.43,8,0.68,0.555065,0.619652,-0.128023,0.455976,1.124379,-0.211293,0.244682,170,22,median_in_1cm_longitudinal_by_5cm_center_patch,two_pca_torso_definitions_11_stations_width_height_v1.0,ok
39,437.0,pca_4548,rear_first_below_45pct_to_head_first_below_48pct,1.43,9,0.77,0.626891,0.748111,-0.120146,0.447357,1.103409,-0.198971,0.248386,159,18,median_in_1cm_longitudinal_by_5cm_center_patch,two_pca_torso_definitions_11_stations_width_height_v1.0,ok
39,437.0,pca_4548,rear_first_below_45pct_to_head_first_below_48pct,1.43,10,0.86,0.698717,0.876569,-0.112269,0.394996,1.087672,-0.214717,0.180278,110,13,median_in_1cm_longitudinal_by_5cm_center_patch,two_pca_torso_definitions_11_stations_width_height_v1.0,ok
39,437.0,pca_4548,rear_first_below_45pct_to_head_first_below_48pct,1.43,11,0.95,0.770544,1.005028,-0.104392,0.321131,1.064267,-0.197168,0.123962,97,17,median_in_1cm_longitudinal_by_5cm_center_patch,two_pca_torso_definitions_11_stations_width_height_v1.0,ok
39,437.0,pca_rear70,pca_rear_endpoint_0pct_to_full_length_70pct,1.254275,1,0.05,0.035,-0.310465,-0.185058,0.333273,1.233466,-0.166378,0.166895,121,18,median_in_1cm_longitudinal_by_5cm_center_patch,two_pca_torso_definitions_11_stations_width_height_v1.0,ok
39,437.0,pca_rear70,pca_rear_endpoint_0pct_to_full_length_70pct,1.254275,2,0.14,0.098,-0.197792,-0.178148,0.470085,1.235862,-0.236196,0.233889,183,22,median_in_1cm_longitudinal_by_5cm_center_patch,two_pca_torso_definitions_11_stations_width_height_v1.0,ok
39,437.0,pca_rear70,pca_rear_endpoint_0pct_to_full_length_70pct,1.254275,3,0.23,0.161,-0.085118,-0.171239,0.501885,1.2237,-0.246281,0.255604,209,22,median_in_1cm_longitudinal_by_5cm_center_patch,two_pca_torso_definitions_11_stations_width_height_v1.0,ok
39,437.0,pca_rear70,pca_rear_endpoint_0pct_to_full_length_70pct,1.254275,4,0.32,0.224,0.027555,-0.16433,0.505493,1.19795,-0.24397,0.261522,210,20,median_in_1cm_longitudinal_by_5cm_center_patch,two_pca_torso_definitions_11_stations_width_height_v1.0,ok
39,437.0,pca_rear70,pca_rear_endpoint_0pct_to_full_length_70pct,1.254275,5,0.41,0.287,0.140228,-0.157421,0.533749,1.180391,-0.271708,0.262042,213,21,median_in_1cm_longitudinal_by_5cm_center_patch,two_pca_torso_definitions_11_stations_width_height_v1.0,ok
39,437.0,pca_rear70,pca_rear_endpoint_0pct_to_full_length_70pct,1.254275,6,0.5,0.35,0.252901,-0.150512,0.582105,1.173195,-0.31341,0.268694,226,21,median_in_1cm_longitudinal_by_5cm_center_patch,two_pca_torso_definitions_11_stations_width_height_v1.0,ok
39,437.0,pca_rear70,pca_rear_endpoint_0pct_to_full_length_70pct,1.254275,7,0.59,0.413,0.365574,-0.143603,0.566259,1.157029,-0.308519,0.25774,214,21,median_in_1cm_longitudinal_by_5cm_center_patch,two_pca_torso_definitions_11_stations_width_height_v1.0,ok
39,437.0,pca_rear70,pca_rear_endpoint_0pct_to_full_length_70pct,1.254275,8,0.68,0.476,0.478247,-0.136694,0.508554,1.144744,-0.274602,0.233952,186,20,median_in_1cm_longitudinal_by_5cm_center_patch,two_pca_torso_definitions_11_stations_width_height_v1.0,ok
39,437.0,pca_rear70,pca_rear_endpoint_0pct_to_full_length_70pct,1.254275,9,0.77,0.539,0.59092,-0.129785,0.453613,1.128256,-0.222925,0.230688,162,15,median_in_1cm_longitudinal_by_5cm_center_patch,two_pca_torso_definitions_11_stations_width_height_v1.0,ok
39,437.0,pca_rear70,pca_rear_endpoint_0pct_to_full_length_70pct,1.254275,10,0.86,0.602,0.703594,-0.122876,0.431487,1.109796,-0.17416,0.257327,173,23,median_in_1cm_longitudinal_by_5cm_center_patch,two_pca_torso_definitions_11_stations_width_height_v1.0,ok
39,437.0,pca_rear70,pca_rear_endpoint_0pct_to_full_length_70pct,1.254275,11,0.95,0.665,0.816267,-0.115966,0.432729,1.097991,-0.205343,0.227386,133,19,median_in_1cm_longitudinal_by_5cm_center_patch,two_pca_torso_definitions_11_stations_width_height_v1.0,ok
50,410.0,pca_4548,rear_first_below_45pct_to_head_first_below_48pct,1.330001,1,0.05,0.032771,-0.257201,-0.209014,0.41526,1.119957,-0.118004,0.297256,146,18,median_in_1cm_longitudinal_by_5cm_center_patch,two_pca_torso_definitions_11_stations_width_height_v1.0,ok
50,410.0,pca_4548,rear_first_below_45pct_to_head_first_below_48pct,1.330001,2,0.14,0.097966,-0.141161,-0.179638,0.494332,1.15695,-0.204576,0.289756,191,19,median_in_1cm_longitudinal_by_5cm_center_patch,two_pca_torso_definitions_11_stations_width_height_v1.0,ok
50,410.0,pca_4548,rear_first_below_45pct_to_head_first_below_48pct,1.330001,3,0.23,0.163161,-0.025122,-0.150263,0.485887,1.184846,-0.234656,0.251231,196,22,median_in_1cm_longitudinal_by_5cm_center_patch,two_pca_torso_definitions_11_stations_width_height_v1.0,ok
50,410.0,pca_4548,rear_first_below_45pct_to_head_first_below_48pct,1.330001,4,0.32,0.228356,0.090918,-0.120887,0.4967,1.178248,-0.258799,0.237901,196,22,median_in_1cm_longitudinal_by_5cm_center_patch,two_pca_torso_definitions_11_stations_width_height_v1.0,ok
50,410.0,pca_4548,rear_first_below_45pct_to_head_first_below_48pct,1.330001,5,0.41,0.293551,0.206957,-0.091511,0.602695,1.176538,-0.333375,0.26932,236,23,median_in_1cm_longitudinal_by_5cm_center_patch,two_pca_torso_definitions_11_stations_width_height_v1.0,ok
50,410.0,pca_4548,rear_first_below_45pct_to_head_first_below_48pct,1.330001,6,0.5,0.358745,0.322997,-0.062136,0.591335,1.17553,-0.327158,0.264177,242,21,median_in_1cm_longitudinal_by_5cm_center_patch,two_pca_torso_definitions_11_stations_width_height_v1.0,ok
50,410.0,pca_4548,rear_first_below_45pct_to_head_first_below_48pct,1.330001,7,0.59,0.42394,0.439037,-0.03276,0.554868,1.173344,-0.321585,0.233283,215,23,median_in_1cm_longitudinal_by_5cm_center_patch,two_pca_torso_definitions_11_stations_width_height_v1.0,ok
50,410.0,pca_4548,rear_first_below_45pct_to_head_first_below_48pct,1.330001,8,0.68,0.489135,0.555076,-0.003384,0.502503,1.177443,-0.294951,0.207552,183,21,median_in_1cm_longitudinal_by_5cm_center_patch,two_pca_torso_definitions_11_stations_width_height_v1.0,ok
50,410.0,pca_4548,rear_first_below_45pct_to_head_first_below_48pct,1.330001,9,0.77,0.55433,0.671116,0.025992,0.433137,1.166528,-0.252617,0.18052,176,21,median_in_1cm_longitudinal_by_5cm_center_patch,two_pca_torso_definitions_11_stations_width_height_v1.0,ok
50,410.0,pca_4548,rear_first_below_45pct_to_head_first_below_48pct,1.330001,10,0.86,0.619525,0.787155,0.055367,0.440968,1.162966,-0.26264,0.178328,195,25,median_in_1cm_longitudinal_by_5cm_center_patch,two_pca_torso_definitions_11_stations_width_height_v1.0,ok
50,410.0,pca_4548,rear_first_below_45pct_to_head_first_below_48pct,1.330001,11,0.95,0.684719,0.903195,0.084743,0.366267,1.164698,-0.212607,0.15366,134,22,median_in_1cm_longitudinal_by_5cm_center_patch,two_pca_torso_definitions_11_stations_width_height_v1.0,ok
50,410.0,pca_rear70,pca_rear_endpoint_0pct_to_full_length_70pct,1.285225,1,0.05,0.035,-0.253234,-0.208011,0.417341,1.12018,-0.12526,0.292081,146,19,median_in_1cm_longitudinal_by_5cm_center_patch,two_pca_torso_definitions_11_stations_width_height_v1.0,ok
50,410.0,pca_rear70,pca_rear_endpoint_0pct_to_full_length_70pct,1.285225,2,0.14,0.098,-0.141101,-0.179624,0.494749,1.15695,-0.204741,0.290008,189,19,median_in_1cm_longitudinal_by_5cm_center_patch,two_pca_torso_definitions_11_stations_width_height_v1.0,ok
50,410.0,pca_rear70,pca_rear_endpoint_0pct_to_full_length_70pct,1.285225,3,0.23,0.161,-0.028968,-0.151237,0.487186,1.184781,-0.234756,0.25243,195,21,median_in_1cm_longitudinal_by_5cm_center_patch,two_pca_torso_definitions_11_stations_width_height_v1.0,ok
50,410.0,pca_rear70,pca_rear_endpoint_0pct_to_full_length_70pct,1.285225,4,0.32,0.224,0.083165,-0.12285,0.486039,1.182565,-0.252848,0.233191,191,20,median_in_1cm_longitudinal_by_5cm_center_patch,two_pca_torso_definitions_11_stations_width_height_v1.0,ok
50,410.0,pca_rear70,pca_rear_endpoint_0pct_to_full_length_70pct,1.285225,5,0.41,0.287,0.195298,-0.094463,0.585991,1.176625,-0.320951,0.265039,222,22,median_in_1cm_longitudinal_by_5cm_center_patch,two_pca_torso_definitions_11_stations_width_height_v1.0,ok
50,410.0,pca_rear70,pca_rear_endpoint_0pct_to_full_length_70pct,1.285225,6,0.5,0.35,0.307431,-0.066077,0.600928,1.176823,-0.334981,0.265946,232,20,median_in_1cm_longitudinal_by_5cm_center_patch,two_pca_torso_definitions_11_stations_width_height_v1.0,ok
50,410.0,pca_rear70,pca_rear_endpoint_0pct_to_full_length_70pct,1.285225,7,0.59,0.413,0.419564,-0.03769,0.54833,1.173298,-0.302925,0.245405,222,21,median_in_1cm_longitudinal_by_5cm_center_patch,two_pca_torso_definitions_11_stations_width_height_v1.0,ok
50,410.0,pca_rear70,pca_rear_endpoint_0pct_to_full_length_70pct,1.285225,8,0.68,0.476,0.531697,-0.009303,0.509453,1.1742,-0.293647,0.215806,207,22,median_in_1cm_longitudinal_by_5cm_center_patch,two_pca_torso_definitions_11_stations_width_height_v1.0,ok
50,410.0,pca_rear70,pca_rear_endpoint_0pct_to_full_length_70pct,1.285225,9,0.77,0.539,0.64383,0.019084,0.425138,1.170986,-0.255887,0.16925,175,20,median_in_1cm_longitudinal_by_5cm_center_patch,two_pca_torso_definitions_11_stations_width_height_v1.0,ok
50,410.0,pca_rear70,pca_rear_endpoint_0pct_to_full_length_70pct,1.285225,10,0.86,0.602,0.755963,0.047471,0.447927,1.157437,-0.256407,0.191521,190,25,median_in_1cm_longitudinal_by_5cm_center_patch,two_pca_torso_definitions_11_stations_width_height_v1.0,ok
50,410.0,pca_rear70,pca_rear_endpoint_0pct_to_full_length_70pct,1.285225,11,0.95,0.665,0.868096,0.075858,0.393185,1.170045,-0.237861,0.155324,147,22,median_in_1cm_longitudinal_by_5cm_center_patch,two_pca_torso_definitions_11_stations_width_height_v1.0,ok
51,431.0,pca_4548,rear_first_below_45pct_to_head_first_below_48pct,1.35,1,0.05,0.03566,-0.351693,-0.006312,0.375665,1.142545,-0.232476,0.143189,115,20,median_in_1cm_longitudinal_by_5cm_center_patch,two_pca_torso_definitions_11_stations_width_height_v1.0,ok
51,431.0,pca_4548,rear_first_below_45pct_to_head_first_below_48pct,1.35,2,0.14,0.101913,-0.230518,-0.015198,0.450948,1.161648,-0.241167,0.209781,170,20,median_in_1cm_longitudinal_by_5cm_center_patch,two_pca_torso_definitions_11_stations_width_height_v1.0,ok
51,431.0,pca_4548,rear_first_below_45pct_to_head_first_below_48pct,1.35,3,0.23,0.168167,-0.109343,-0.024083,0.482006,1.183819,-0.227994,0.254011,189,21,median_in_1cm_longitudinal_by_5cm_center_patch,two_pca_torso_definitions_11_stations_width_height_v1.0,ok
51,431.0,pca_4548,rear_first_below_45pct_to_head_first_below_48pct,1.35,4,0.32,0.23442,0.011831,-0.032968,0.49447,1.194211,-0.24076,0.25371,199,21,median_in_1cm_longitudinal_by_5cm_center_patch,two_pca_torso_definitions_11_stations_width_height_v1.0,ok
51,431.0,pca_4548,rear_first_below_45pct_to_head_first_below_48pct,1.35,5,0.41,0.300674,0.133006,-0.041854,0.565057,1.205093,-0.285054,0.280003,229,21,median_in_1cm_longitudinal_by_5cm_center_patch,two_pca_torso_definitions_11_stations_width_height_v1.0,ok
51,431.0,pca_4548,rear_first_below_45pct_to_head_first_below_48pct,1.35,6,0.5,0.366927,0.25418,-0.050739,0.570129,1.214096,-0.284808,0.285321,241,26,median_in_1cm_longitudinal_by_5cm_center_patch,two_pca_torso_definitions_11_stations_width_height_v1.0,ok
51,431.0,pca_4548,rear_first_below_45pct_to_head_first_below_48pct,1.35,7,0.59,0.433181,0.375355,-0.059624,0.551179,1.212469,-0.276441,0.274738,227,21,median_in_1cm_longitudinal_by_5cm_center_patch,two_pca_torso_definitions_11_stations_width_height_v1.0,ok
51,431.0,pca_4548,rear_first_below_45pct_to_head_first_below_48pct,1.35,8,0.68,0.499435,0.49653,-0.06851,0.485486,1.205502,-0.234194,0.251292,197,26,median_in_1cm_longitudinal_by_5cm_center_patch,two_pca_torso_definitions_11_stations_width_height_v1.0,ok
51,431.0,pca_4548,rear_first_below_45pct_to_head_first_below_48pct,1.35,9,0.77,0.565688,0.617704,-0.077395,0.446069,1.182761,-0.211007,0.235062,166,20,median_in_1cm_longitudinal_by_5cm_center_patch,two_pca_torso_definitions_11_stations_width_height_v1.0,ok
51,431.0,pca_4548,rear_first_below_45pct_to_head_first_below_48pct,1.35,10,0.86,0.631942,0.738879,-0.08628,0.451924,1.157014,-0.211096,0.240828,177,20,median_in_1cm_longitudinal_by_5cm_center_patch,two_pca_torso_definitions_11_stations_width_height_v1.0,ok
51,431.0,pca_4548,rear_first_below_45pct_to_head_first_below_48pct,1.35,11,0.95,0.698195,0.860054,-0.095166,0.339838,1.145648,-0.148037,0.1918,121,15,median_in_1cm_longitudinal_by_5cm_center_patch,two_pca_torso_definitions_11_stations_width_height_v1.0,ok
51,431.0,pca_rear70,pca_rear_endpoint_0pct_to_full_length_70pct,1.283705,1,0.05,0.035,-0.3529,-0.006224,0.37539,1.141705,-0.232243,0.143147,116,19,median_in_1cm_longitudinal_by_5cm_center_patch,two_pca_torso_definitions_11_stations_width_height_v1.0,ok
51,431.0,pca_rear70,pca_rear_endpoint_0pct_to_full_length_70pct,1.283705,2,0.14,0.098,-0.237675,-0.014673,0.443386,1.156922,-0.235661,0.207725,160,21,median_in_1cm_longitudinal_by_5cm_center_patch,two_pca_torso_definitions_11_stations_width_height_v1.0,ok
51,431.0,pca_rear70,pca_rear_endpoint_0pct_to_full_length_70pct,1.283705,3,0.23,0.161,-0.122451,-0.023122,0.474436,1.185557,-0.226273,0.248163,183,21,median_in_1cm_longitudinal_by_5cm_center_patch,two_pca_torso_definitions_11_stations_width_height_v1.0,ok
51,431.0,pca_rear70,pca_rear_endpoint_0pct_to_full_length_70pct,1.283705,4,0.32,0.224,-0.007227,-0.031571,0.478985,1.193983,-0.225108,0.253876,194,23,median_in_1cm_longitudinal_by_5cm_center_patch,two_pca_torso_definitions_11_stations_width_height_v1.0,ok
51,431.0,pca_rear70,pca_rear_endpoint_0pct_to_full_length_70pct,1.283705,5,0.41,0.287,0.107997,-0.04002,0.551665,1.205155,-0.277568,0.274097,225,22,median_in_1cm_longitudinal_by_5cm_center_patch,two_pca_torso_definitions_11_stations_width_height_v1.0,ok
51,431.0,pca_rear70,pca_rear_endpoint_0pct_to_full_length_70pct,1.283705,6,0.5,0.35,0.223221,-0.048469,0.568604,1.215606,-0.291391,0.277214,226,20,median_in_1cm_longitudinal_by_5cm_center_patch,two_pca_torso_definitions_11_stations_width_height_v1.0,ok
51,431.0,pca_rear70,pca_rear_endpoint_0pct_to_full_length_70pct,1.283705,7,0.59,0.413,0.338445,-0.056918,0.559372,1.210196,-0.276981,0.282391,224,20,median_in_1cm_longitudinal_by_5cm_center_patch,two_pca_torso_definitions_11_stations_width_height_v1.0,ok
51,431.0,pca_rear70,pca_rear_endpoint_0pct_to_full_length_70pct,1.283705,8,0.68,0.476,0.453669,-0.065367,0.511361,1.209151,-0.253217,0.258143,191,18,median_in_1cm_longitudinal_by_5cm_center_patch,two_pca_torso_definitions_11_stations_width_height_v1.0,ok
51,431.0,pca_rear70,pca_rear_endpoint_0pct_to_full_length_70pct,1.283705,9,0.77,0.539,0.568893,-0.073816,0.452158,1.194021,-0.2075,0.244658,172,21,median_in_1cm_longitudinal_by_5cm_center_patch,two_pca_torso_definitions_11_stations_width_height_v1.0,ok
51,431.0,pca_rear70,pca_rear_endpoint_0pct_to_full_length_70pct,1.283705,10,0.86,0.602,0.684117,-0.082265,0.461447,1.169836,-0.225308,0.236139,188,18,median_in_1cm_longitudinal_by_5cm_center_patch,two_pca_torso_definitions_11_stations_width_height_v1.0,ok
51,431.0,pca_rear70,pca_rear_endpoint_0pct_to_full_length_70pct,1.283705,11,0.95,0.665,0.799342,-0.090714,0.42512,1.154501,-0.197838,0.227282,137,22,median_in_1cm_longitudinal_by_5cm_center_patch,two_pca_torso_definitions_11_stations_width_height_v1.0,ok
76,463.0,pca_4548,rear_first_below_45pct_to_head_first_below_48pct,1.34,1,0.05,0.051711,-0.181022,-0.055346,0.369615,1.22936,-0.184719,0.184896,147,22,median_in_1cm_longitudinal_by_5cm_center_patch,two_pca_torso_definitions_11_stations_width_height_v1.0,ok
76,463.0,pca_4548,rear_first_below_45pct_to_head_first_below_48pct,1.34,2,0.14,0.121966,-0.060435,-0.057101,0.489608,1.213521,-0.235396,0.254212,194,20,median_in_1cm_longitudinal_by_5cm_center_patch,two_pca_torso_definitions_11_stations_width_height_v1.0,ok
76,463.0,pca_4548,rear_first_below_45pct_to_head_first_below_48pct,1.34,3,0.23,0.192222,0.060152,-0.058856,0.522386,1.209678,-0.244614,0.277773,214,20,median_in_1cm_longitudinal_by_5cm_center_patch,two_pca_torso_definitions_11_stations_width_height_v1.0,ok
76,463.0,pca_4548,rear_first_below_45pct_to_head_first_below_48pct,1.34,4,0.32,0.262477,0.18074,-0.06061,0.565489,1.204691,-0.282758,0.282731,228,22,median_in_1cm_longitudinal_by_5cm_center_patch,two_pca_torso_definitions_11_stations_width_height_v1.0,ok
76,463.0,pca_4548,rear_first_below_45pct_to_head_first_below_48pct,1.34,5,0.41,0.332733,0.301327,-0.062365,0.65212,1.204854,-0.346948,0.305172,264,20,median_in_1cm_longitudinal_by_5cm_center_patch,two_pca_torso_definitions_11_stations_width_height_v1.0,ok
76,463.0,pca_4548,rear_first_below_45pct_to_head_first_below_48pct,1.34,6,0.5,0.402988,0.421914,-0.06412,0.645069,1.202185,-0.34453,0.300539,253,24,median_in_1cm_longitudinal_by_5cm_center_patch,two_pca_torso_definitions_11_stations_width_height_v1.0,ok
76,463.0,pca_4548,rear_first_below_45pct_to_head_first_below_48pct,1.34,7,0.59,0.473243,0.542501,-0.065875,0.572928,1.189004,-0.309712,0.263216,225,22,median_in_1cm_longitudinal_by_5cm_center_patch,two_pca_torso_definitions_11_stations_width_height_v1.0,ok
76,463.0,pca_4548,rear_first_below_45pct_to_head_first_below_48pct,1.34,8,0.68,0.543499,0.663088,-0.06763,0.491024,1.18101,-0.244397,0.246627,178,19,median_in_1cm_longitudinal_by_5cm_center_patch,two_pca_torso_definitions_11_stations_width_height_v1.0,ok
76,463.0,pca_4548,rear_first_below_45pct_to_head_first_below_48pct,1.34,9,0.77,0.613754,0.783676,-0.069384,0.480443,1.154844,-0.189796,0.290648,168,17,median_in_1cm_longitudinal_by_5cm_center_patch,two_pca_torso_definitions_11_stations_width_height_v1.0,ok
76,463.0,pca_4548,rear_first_below_45pct_to_head_first_below_48pct,1.34,10,0.86,0.68401,0.904263,-0.071139,0.442629,1.141053,-0.188013,0.254616,137,17,median_in_1cm_longitudinal_by_5cm_center_patch,two_pca_torso_definitions_11_stations_width_height_v1.0,ok
76,463.0,pca_4548,rear_first_below_45pct_to_head_first_below_48pct,1.34,11,0.95,0.754265,1.02485,-0.072894,0.367478,1.11196,-0.180128,0.187349,98,15,median_in_1cm_longitudinal_by_5cm_center_patch,two_pca_torso_definitions_11_stations_width_height_v1.0,ok
76,463.0,pca_rear70,pca_rear_endpoint_0pct_to_full_length_70pct,1.201615,1,0.05,0.035,-0.209705,-0.054928,0.346136,1.222281,-0.170096,0.17604,126,19,median_in_1cm_longitudinal_by_5cm_center_patch,two_pca_torso_definitions_11_stations_width_height_v1.0,ok
76,463.0,pca_rear70,pca_rear_endpoint_0pct_to_full_length_70pct,1.201615,2,0.14,0.098,-0.101571,-0.056502,0.465651,1.222537,-0.224968,0.240683,187,20,median_in_1cm_longitudinal_by_5cm_center_patch,two_pca_torso_definitions_11_stations_width_height_v1.0,ok
76,463.0,pca_rear70,pca_rear_endpoint_0pct_to_full_length_70pct,1.201615,3,0.23,0.161,0.006563,-0.058075,0.517377,1.219251,-0.251243,0.266134,211,21,median_in_1cm_longitudinal_by_5cm_center_patch,two_pca_torso_definitions_11_stations_width_height_v1.0,ok
76,463.0,pca_rear70,pca_rear_endpoint_0pct_to_full_length_70pct,1.201615,4,0.32,0.224,0.114697,-0.059649,0.53222,1.207602,-0.252468,0.279752,217,22,median_in_1cm_longitudinal_by_5cm_center_patch,two_pca_torso_definitions_11_stations_width_height_v1.0,ok
76,463.0,pca_rear70,pca_rear_endpoint_0pct_to_full_length_70pct,1.201615,5,0.41,0.287,0.222831,-0.061222,0.604037,1.204564,-0.315318,0.288719,247,24,median_in_1cm_longitudinal_by_5cm_center_patch,two_pca_torso_definitions_11_stations_width_height_v1.0,ok
76,463.0,pca_rear70,pca_rear_endpoint_0pct_to_full_length_70pct,1.201615,6,0.5,0.35,0.330965,-0.062796,0.661045,1.204143,-0.34893,0.312115,261,20,median_in_1cm_longitudinal_by_5cm_center_patch,two_pca_torso_definitions_11_stations_width_height_v1.0,ok
76,463.0,pca_rear70,pca_rear_endpoint_0pct_to_full_length_70pct,1.201615,7,0.59,0.413,0.439099,-0.06437,0.625486,1.200618,-0.338619,0.286867,253,22,median_in_1cm_longitudinal_by_5cm_center_patch,two_pca_torso_definitions_11_stations_width_height_v1.0,ok
76,463.0,pca_rear70,pca_rear_endpoint_0pct_to_full_length_70pct,1.201615,8,0.68,0.476,0.547233,-0.065943,0.579346,1.188186,-0.30991,0.269436,229,22,median_in_1cm_longitudinal_by_5cm_center_patch,two_pca_torso_definitions_11_stations_width_height_v1.0,ok
76,463.0,pca_rear70,pca_rear_endpoint_0pct_to_full_length_70pct,1.201615,9,0.77,0.539,0.655367,-0.067517,0.500041,1.181452,-0.247898,0.252143,183,20,median_in_1cm_longitudinal_by_5cm_center_patch,two_pca_torso_definitions_11_stations_width_height_v1.0,ok
76,463.0,pca_rear70,pca_rear_endpoint_0pct_to_full_length_70pct,1.201615,10,0.86,0.602,0.763501,-0.06909,0.472523,1.158869,-0.188842,0.283681,164,20,median_in_1cm_longitudinal_by_5cm_center_patch,two_pca_torso_definitions_11_stations_width_height_v1.0,ok
76,463.0,pca_rear70,pca_rear_endpoint_0pct_to_full_length_70pct,1.201615,11,0.95,0.665,0.871635,-0.070664,0.436253,1.142933,-0.171869,0.264384,171,20,median_in_1cm_longitudinal_by_5cm_center_patch,two_pca_torso_definitions_11_stations_width_height_v1.0,ok
82,445.0,pca_4548,rear_first_below_45pct_to_head_first_below_48pct,1.36,1,0.05,0.046228,-0.278114,0.093698,0.367968,1.170764,-0.138828,0.229139,142,19,median_in_1cm_longitudinal_by_5cm_center_patch,two_pca_torso_definitions_11_stations_width_height_v1.0,ok
82,445.0,pca_4548,rear_first_below_45pct_to_head_first_below_48pct,1.36,2,0.14,0.115493,-0.155749,0.096613,0.490782,1.191546,-0.201634,0.289148,186,21,median_in_1cm_longitudinal_by_5cm_center_patch,two_pca_torso_definitions_11_stations_width_height_v1.0,ok
82,445.0,pca_4548,rear_first_below_45pct_to_head_first_below_48pct,1.36,3,0.23,0.184758,-0.033384,0.099528,0.507892,1.197689,-0.22338,0.284512,202,24,median_in_1cm_longitudinal_by_5cm_center_patch,two_pca_torso_definitions_11_stations_width_height_v1.0,ok
82,445.0,pca_4548,rear_first_below_45pct_to_head_first_below_48pct,1.36,4,0.32,0.254024,0.088981,0.102442,0.542292,1.179462,-0.269604,0.272688,213,20,median_in_1cm_longitudinal_by_5cm_center_patch,two_pca_torso_definitions_11_stations_width_height_v1.0,ok
82,445.0,pca_4548,rear_first_below_45pct_to_head_first_below_48pct,1.36,5,0.41,0.323289,0.211347,0.105357,0.579098,1.182212,-0.31711,0.261988,224,24,median_in_1cm_longitudinal_by_5cm_center_patch,two_pca_torso_definitions_11_stations_width_height_v1.0,ok
82,445.0,pca_4548,rear_first_below_45pct_to_head_first_below_48pct,1.36,6,0.5,0.392554,0.333712,0.108271,0.569046,1.172534,-0.308744,0.260302,212,20,median_in_1cm_longitudinal_by_5cm_center_patch,two_pca_torso_definitions_11_stations_width_height_v1.0,ok
82,445.0,pca_4548,rear_first_below_45pct_to_head_first_below_48pct,1.36,7,0.59,0.46182,0.456077,0.111186,0.513056,1.169697,-0.273597,0.239459,195,20,median_in_1cm_longitudinal_by_5cm_center_patch,two_pca_torso_definitions_11_stations_width_height_v1.0,ok
82,445.0,pca_4548,rear_first_below_45pct_to_head_first_below_48pct,1.36,8,0.68,0.531085,0.578443,0.114101,0.458025,1.159903,-0.243946,0.214079,173,20,median_in_1cm_longitudinal_by_5cm_center_patch,two_pca_torso_definitions_11_stations_width_height_v1.0,ok
82,445.0,pca_4548,rear_first_below_45pct_to_head_first_below_48pct,1.36,9,0.77,0.60035,0.700808,0.117015,0.439141,1.139795,-0.21082,0.228321,158,19,median_in_1cm_longitudinal_by_5cm_center_patch,two_pca_torso_definitions_11_stations_width_height_v1.0,ok
82,445.0,pca_4548,rear_first_below_45pct_to_head_first_below_48pct,1.36,10,0.86,0.669615,0.823173,0.11993,0.404083,1.123813,-0.246714,0.157368,134,18,median_in_1cm_longitudinal_by_5cm_center_patch,two_pca_torso_definitions_11_stations_width_height_v1.0,ok
82,445.0,pca_4548,rear_first_below_45pct_to_head_first_below_48pct,1.36,11,0.95,0.738881,0.945538,0.122845,0.333215,1.088917,-0.212628,0.120587,118,20,median_in_1cm_longitudinal_by_5cm_center_patch,two_pca_torso_definitions_11_stations_width_height_v1.0,ok
82,445.0,pca_rear70,pca_rear_endpoint_0pct_to_full_length_70pct,1.236983,1,0.05,0.035,-0.297949,0.093226,0.352328,1.165604,-0.125595,0.226733,122,18,median_in_1cm_longitudinal_by_5cm_center_patch,two_pca_torso_definitions_11_stations_width_height_v1.0,ok
82,445.0,pca_rear70,pca_rear_endpoint_0pct_to_full_length_70pct,1.236983,2,0.14,0.098,-0.186653,0.095877,0.46254,1.189729,-0.180426,0.282115,180,22,median_in_1cm_longitudinal_by_5cm_center_patch,two_pca_torso_definitions_11_stations_width_height_v1.0,ok
82,445.0,pca_rear70,pca_rear_endpoint_0pct_to_full_length_70pct,1.236983,3,0.23,0.161,-0.075356,0.098528,0.502065,1.204264,-0.218339,0.283725,195,22,median_in_1cm_longitudinal_by_5cm_center_patch,two_pca_torso_definitions_11_stations_width_height_v1.0,ok
82,445.0,pca_rear70,pca_rear_endpoint_0pct_to_full_length_70pct,1.236983,4,0.32,0.224,0.035941,0.101179,0.514847,1.18473,-0.241067,0.27378,205,22,median_in_1cm_longitudinal_by_5cm_center_patch,two_pca_torso_definitions_11_stations_width_height_v1.0,ok
82,445.0,pca_rear70,pca_rear_endpoint_0pct_to_full_length_70pct,1.236983,5,0.41,0.287,0.147238,0.10383,0.557415,1.180111,-0.295187,0.262228,228,20,median_in_1cm_longitudinal_by_5cm_center_patch,two_pca_torso_definitions_11_stations_width_height_v1.0,ok
82,445.0,pca_rear70,pca_rear_endpoint_0pct_to_full_length_70pct,1.236983,6,0.5,0.35,0.258535,0.106481,0.582288,1.179544,-0.309417,0.272871,226,20,median_in_1cm_longitudinal_by_5cm_center_patch,two_pca_torso_definitions_11_stations_width_height_v1.0,ok
82,445.0,pca_rear70,pca_rear_endpoint_0pct_to_full_length_70pct,1.236983,7,0.59,0.413,0.369832,0.109132,0.541238,1.169032,-0.292592,0.248646,199,19,median_in_1cm_longitudinal_by_5cm_center_patch,two_pca_torso_definitions_11_stations_width_height_v1.0,ok
82,445.0,pca_rear70,pca_rear_endpoint_0pct_to_full_length_70pct,1.236983,8,0.68,0.476,0.481129,0.111783,0.508103,1.169712,-0.275234,0.232869,191,19,median_in_1cm_longitudinal_by_5cm_center_patch,two_pca_torso_definitions_11_stations_width_height_v1.0,ok
82,445.0,pca_rear70,pca_rear_endpoint_0pct_to_full_length_70pct,1.236983,9,0.77,0.539,0.592426,0.114434,0.433534,1.157924,-0.229097,0.204436,150,18,median_in_1cm_longitudinal_by_5cm_center_patch,two_pca_torso_definitions_11_stations_width_height_v1.0,ok
82,445.0,pca_rear70,pca_rear_endpoint_0pct_to_full_length_70pct,1.236983,10,0.86,0.602,0.703723,0.117085,0.445461,1.139642,-0.216558,0.228903,164,20,median_in_1cm_longitudinal_by_5cm_center_patch,two_pca_torso_definitions_11_stations_width_height_v1.0,ok
82,445.0,pca_rear70,pca_rear_endpoint_0pct_to_full_length_70pct,1.236983,11,0.95,0.665,0.815019,0.119736,0.389718,1.127198,-0.234275,0.155442,128,19,median_in_1cm_longitudinal_by_5cm_center_patch,two_pca_torso_definitions_11_stations_width_height_v1.0,ok
87,451.0,pca_4548,rear_first_below_45pct_to_head_first_below_48pct,1.32,1,0.05,0.045989,-0.250386,-0.154466,0.341157,1.181364,-0.165751,0.175406,129,18,median_in_1cm_longitudinal_by_5cm_center_patch,two_pca_torso_definitions_11_stations_width_height_v1.0,ok
87,451.0,pca_4548,rear_first_below_45pct_to_head_first_below_48pct,1.32,2,0.14,0.112403,-0.131864,-0.162598,0.456504,1.18253,-0.208212,0.248291,182,20,median_in_1cm_longitudinal_by_5cm_center_patch,two_pca_torso_definitions_11_stations_width_height_v1.0,ok
87,451.0,pca_4548,rear_first_below_45pct_to_head_first_below_48pct,1.32,3,0.23,0.178817,-0.013343,-0.17073,0.501681,1.193893,-0.242184,0.259497,205,22,median_in_1cm_longitudinal_by_5cm_center_patch,two_pca_torso_definitions_11_stations_width_height_v1.0,ok
87,451.0,pca_4548,rear_first_below_45pct_to_head_first_below_48pct,1.32,4,0.32,0.245231,0.105178,-0.178862,0.528485,1.188974,-0.261839,0.266646,218,20,median_in_1cm_longitudinal_by_5cm_center_patch,two_pca_torso_definitions_11_stations_width_height_v1.0,ok
87,451.0,pca_4548,rear_first_below_45pct_to_head_first_below_48pct,1.32,5,0.41,0.311644,0.2237,-0.186994,0.583685,1.193789,-0.316964,0.26672,230,22,median_in_1cm_longitudinal_by_5cm_center_patch,two_pca_torso_definitions_11_stations_width_height_v1.0,ok
87,451.0,pca_4548,rear_first_below_45pct_to_head_first_below_48pct,1.32,6,0.5,0.378058,0.342221,-0.195126,0.565225,1.190204,-0.318053,0.247172,237,26,median_in_1cm_longitudinal_by_5cm_center_patch,two_pca_torso_definitions_11_stations_width_height_v1.0,ok
87,451.0,pca_4548,rear_first_below_45pct_to_head_first_below_48pct,1.32,7,0.59,0.444472,0.460742,-0.203258,0.524184,1.186869,-0.290464,0.23372,210,22,median_in_1cm_longitudinal_by_5cm_center_patch,two_pca_torso_definitions_11_stations_width_height_v1.0,ok
87,451.0,pca_4548,rear_first_below_45pct_to_head_first_below_48pct,1.32,8,0.68,0.510886,0.579264,-0.21139,0.458134,1.18578,-0.252929,0.205205,188,20,median_in_1cm_longitudinal_by_5cm_center_patch,two_pca_torso_definitions_11_stations_width_height_v1.0,ok
87,451.0,pca_4548,rear_first_below_45pct_to_head_first_below_48pct,1.32,9,0.77,0.5773,0.697785,-0.219522,0.429132,1.171831,-0.211728,0.217404,158,21,median_in_1cm_longitudinal_by_5cm_center_patch,two_pca_torso_definitions_11_stations_width_height_v1.0,ok
87,451.0,pca_4548,rear_first_below_45pct_to_head_first_below_48pct,1.32,10,0.86,0.643713,0.816306,-0.227654,0.423589,1.158276,-0.192819,0.230771,154,18,median_in_1cm_longitudinal_by_5cm_center_patch,two_pca_torso_definitions_11_stations_width_height_v1.0,ok
87,451.0,pca_4548,rear_first_below_45pct_to_head_first_below_48pct,1.32,11,0.95,0.710127,0.934828,-0.235786,0.365522,1.141794,-0.197579,0.167943,124,16,median_in_1cm_longitudinal_by_5cm_center_patch,two_pca_torso_definitions_11_stations_width_height_v1.0,ok
87,451.0,pca_rear70,pca_rear_endpoint_0pct_to_full_length_70pct,1.25215,1,0.05,0.035,-0.269997,-0.153121,0.303751,1.174141,-0.163951,0.1398,101,17,median_in_1cm_longitudinal_by_5cm_center_patch,two_pca_torso_definitions_11_stations_width_height_v1.0,ok
87,451.0,pca_rear70,pca_rear_endpoint_0pct_to_full_length_70pct,1.25215,2,0.14,0.098,-0.157568,-0.160835,0.444751,1.183273,-0.20054,0.244212,180,20,median_in_1cm_longitudinal_by_5cm_center_patch,two_pca_torso_definitions_11_stations_width_height_v1.0,ok
87,451.0,pca_rear70,pca_rear_endpoint_0pct_to_full_length_70pct,1.25215,3,0.23,0.161,-0.045139,-0.168549,0.490288,1.195806,-0.238359,0.251929,200,20,median_in_1cm_longitudinal_by_5cm_center_patch,two_pca_torso_definitions_11_stations_width_height_v1.0,ok
87,451.0,pca_rear70,pca_rear_endpoint_0pct_to_full_length_70pct,1.25215,4,0.32,0.224,0.06729,-0.176263,0.501919,1.190886,-0.235941,0.265978,213,23,median_in_1cm_longitudinal_by_5cm_center_patch,two_pca_torso_definitions_11_stations_width_height_v1.0,ok
87,451.0,pca_rear70,pca_rear_endpoint_0pct_to_full_length_70pct,1.25215,5,0.41,0.287,0.179719,-0.183977,0.539242,1.192634,-0.289713,0.249529,220,19,median_in_1cm_longitudinal_by_5cm_center_patch,two_pca_torso_definitions_11_stations_width_height_v1.0,ok
87,451.0,pca_rear70,pca_rear_endpoint_0pct_to_full_length_70pct,1.25215,6,0.5,0.35,0.292148,-0.19169,0.58065,1.192769,-0.319581,0.261069,229,20,median_in_1cm_longitudinal_by_5cm_center_patch,two_pca_torso_definitions_11_stations_width_height_v1.0,ok
87,451.0,pca_rear70,pca_rear_endpoint_0pct_to_full_length_70pct,1.25215,7,0.59,0.413,0.404578,-0.199404,0.546222,1.187284,-0.305666,0.240556,219,27,median_in_1cm_longitudinal_by_5cm_center_patch,two_pca_torso_definitions_11_stations_width_height_v1.0,ok
87,451.0,pca_rear70,pca_rear_endpoint_0pct_to_full_length_70pct,1.25215,8,0.68,0.476,0.517007,-0.207118,0.504565,1.188813,-0.283675,0.22089,196,21,median_in_1cm_longitudinal_by_5cm_center_patch,two_pca_torso_definitions_11_stations_width_height_v1.0,ok
87,451.0,pca_rear70,pca_rear_endpoint_0pct_to_full_length_70pct,1.25215,9,0.77,0.539,0.629436,-0.214832,0.428066,1.178581,-0.216793,0.211273,159,22,median_in_1cm_longitudinal_by_5cm_center_patch,two_pca_torso_definitions_11_stations_width_height_v1.0,ok
87,451.0,pca_rear70,pca_rear_endpoint_0pct_to_full_length_70pct,1.25215,10,0.86,0.602,0.741865,-0.222546,0.436049,1.163179,-0.195074,0.240974,169,22,median_in_1cm_longitudinal_by_5cm_center_patch,two_pca_torso_definitions_11_stations_width_height_v1.0,ok
87,451.0,pca_rear70,pca_rear_endpoint_0pct_to_full_length_70pct,1.25215,11,0.95,0.665,0.854294,-0.23026,0.42684,1.154992,-0.215621,0.211219,140,21,median_in_1cm_longitudinal_by_5cm_center_patch,two_pca_torso_definitions_11_stations_width_height_v1.0,ok
97,462.0,pca_4548,rear_first_below_45pct_to_head_first_below_48pct,1.240001,1,0.05,0.047209,-0.663783,-0.134792,0.333763,1.077593,-0.170471,0.163292,119,24,median_in_1cm_longitudinal_by_5cm_center_patch,two_pca_torso_definitions_11_stations_width_height_v1.0,ok
97,462.0,pca_4548,rear_first_below_45pct_to_head_first_below_48pct,1.240001,2,0.14,0.113789,-0.552205,-0.132534,0.474004,1.048592,-0.241087,0.232918,155,20,median_in_1cm_longitudinal_by_5cm_center_patch,two_pca_torso_definitions_11_stations_width_height_v1.0,ok
97,462.0,pca_4548,rear_first_below_45pct_to_head_first_below_48pct,1.240001,3,0.23,0.180368,-0.440628,-0.130275,0.499878,1.033105,-0.244034,0.255843,181,18,median_in_1cm_longitudinal_by_5cm_center_patch,two_pca_torso_definitions_11_stations_width_height_v1.0,ok
97,462.0,pca_4548,rear_first_below_45pct_to_head_first_below_48pct,1.240001,4,0.32,0.246948,-0.329051,-0.128017,0.529096,1.026552,-0.26965,0.259445,174,20,median_in_1cm_longitudinal_by_5cm_center_patch,two_pca_torso_definitions_11_stations_width_height_v1.0,ok
97,462.0,pca_4548,rear_first_below_45pct_to_head_first_below_48pct,1.240001,5,0.41,0.313528,-0.217474,-0.125758,0.575752,1.028361,-0.312381,0.263371,192,18,median_in_1cm_longitudinal_by_5cm_center_patch,two_pca_torso_definitions_11_stations_width_height_v1.0,ok
97,462.0,pca_4548,rear_first_below_45pct_to_head_first_below_48pct,1.240001,6,0.5,0.380107,-0.105897,-0.1235,0.566975,1.023134,-0.298953,0.268023,189,19,median_in_1cm_longitudinal_by_5cm_center_patch,two_pca_torso_definitions_11_stations_width_height_v1.0,ok
97,462.0,pca_4548,rear_first_below_45pct_to_head_first_below_48pct,1.240001,7,0.59,0.446687,0.005681,-0.121242,0.519297,1.0271,-0.26345,0.255847,172,20,median_in_1cm_longitudinal_by_5cm_center_patch,two_pca_torso_definitions_11_stations_width_height_v1.0,ok
97,462.0,pca_4548,rear_first_below_45pct_to_head_first_below_48pct,1.240001,8,0.68,0.513266,0.117258,-0.118983,0.434758,1.030349,-0.218884,0.215873,140,15,median_in_1cm_longitudinal_by_5cm_center_patch,two_pca_torso_definitions_11_stations_width_height_v1.0,ok
97,462.0,pca_4548,rear_first_below_45pct_to_head_first_below_48pct,1.240001,9,0.77,0.579846,0.228835,-0.116725,0.39425,1.020057,-0.156455,0.237795,138,17,median_in_1cm_longitudinal_by_5cm_center_patch,two_pca_torso_definitions_11_stations_width_height_v1.0,ok
97,462.0,pca_4548,rear_first_below_45pct_to_head_first_below_48pct,1.240001,10,0.86,0.646426,0.340412,-0.114466,0.377035,1.005094,-0.172394,0.204641,120,17,median_in_1cm_longitudinal_by_5cm_center_patch,two_pca_torso_definitions_11_stations_width_height_v1.0,ok
97,462.0,pca_4548,rear_first_below_45pct_to_head_first_below_48pct,1.240001,11,0.95,0.713005,0.45199,-0.112208,0.301113,0.977427,-0.179415,0.121699,91,18,median_in_1cm_longitudinal_by_5cm_center_patch,two_pca_torso_definitions_11_stations_width_height_v1.0,ok
97,462.0,pca_rear70,pca_rear_endpoint_0pct_to_full_length_70pct,1.173333,1,0.05,0.035,-0.684243,-0.135206,0.306125,1.076277,-0.168303,0.137822,99,18,median_in_1cm_longitudinal_by_5cm_center_patch,two_pca_torso_definitions_11_stations_width_height_v1.0,ok
97,462.0,pca_rear70,pca_rear_endpoint_0pct_to_full_length_70pct,1.173333,2,0.14,0.098,-0.578665,-0.133069,0.452554,1.055305,-0.22556,0.226995,158,19,median_in_1cm_longitudinal_by_5cm_center_patch,two_pca_torso_definitions_11_stations_width_height_v1.0,ok
97,462.0,pca_rear70,pca_rear_endpoint_0pct_to_full_length_70pct,1.173333,3,0.23,0.161,-0.473087,-0.130932,0.490032,1.039605,-0.248049,0.241983,164,20,median_in_1cm_longitudinal_by_5cm_center_patch,two_pca_torso_definitions_11_stations_width_height_v1.0,ok
97,462.0,pca_rear70,pca_rear_endpoint_0pct_to_full_length_70pct,1.173333,4,0.32,0.224,-0.367508,-0.128795,0.512549,1.027272,-0.250889,0.26166,183,18,median_in_1cm_longitudinal_by_5cm_center_patch,two_pca_torso_definitions_11_stations_width_height_v1.0,ok
97,462.0,pca_rear70,pca_rear_endpoint_0pct_to_full_length_70pct,1.173333,5,0.41,0.287,-0.26193,-0.126658,0.567092,1.027738,-0.303418,0.263674,197,20,median_in_1cm_longitudinal_by_5cm_center_patch,two_pca_torso_definitions_11_stations_width_height_v1.0,ok
97,462.0,pca_rear70,pca_rear_endpoint_0pct_to_full_length_70pct,1.173333,6,0.5,0.35,-0.156352,-0.124521,0.580472,1.025956,-0.306695,0.273777,199,18,median_in_1cm_longitudinal_by_5cm_center_patch,two_pca_torso_definitions_11_stations_width_height_v1.0,ok
97,462.0,pca_rear70,pca_rear_endpoint_0pct_to_full_length_70pct,1.173333,7,0.59,0.413,-0.050773,-0.122384,0.553759,1.021542,-0.283422,0.270337,167,20,median_in_1cm_longitudinal_by_5cm_center_patch,two_pca_torso_definitions_11_stations_width_height_v1.0,ok
97,462.0,pca_rear70,pca_rear_endpoint_0pct_to_full_length_70pct,1.173333,8,0.68,0.476,0.054805,-0.120247,0.47898,1.033164,-0.240742,0.238238,165,16,median_in_1cm_longitudinal_by_5cm_center_patch,two_pca_torso_definitions_11_stations_width_height_v1.0,ok
97,462.0,pca_rear70,pca_rear_endpoint_0pct_to_full_length_70pct,1.173333,9,0.77,0.539,0.160384,-0.11811,0.418493,1.026672,-0.188987,0.229506,139,15,median_in_1cm_longitudinal_by_5cm_center_patch,two_pca_torso_definitions_11_stations_width_height_v1.0,ok
97,462.0,pca_rear70,pca_rear_endpoint_0pct_to_full_length_70pct,1.173333,10,0.86,0.602,0.265962,-0.115973,0.394637,1.016381,-0.164289,0.230348,136,19,median_in_1cm_longitudinal_by_5cm_center_patch,two_pca_torso_definitions_11_stations_width_height_v1.0,ok
97,462.0,pca_rear70,pca_rear_endpoint_0pct_to_full_length_70pct,1.173333,11,0.95,0.665,0.37154,-0.113836,0.374675,0.999562,-0.184033,0.190642,117,18,median_in_1cm_longitudinal_by_5cm_center_patch,two_pca_torso_definitions_11_stations_width_height_v1.0,ok
98,346.0,pca_4548,rear_first_below_45pct_to_head_first_below_48pct,1.350001,1,0.05,0.049954,-0.623102,-0.203226,0.328821,1.135343,-0.139556,0.189266,120,17,median_in_1cm_longitudinal_by_5cm_center_patch,two_pca_torso_definitions_11_stations_width_height_v1.0,ok
98,346.0,pca_4548,rear_first_below_45pct_to_head_first_below_48pct,1.350001,2,0.14,0.118196,-0.502752,-0.219902,0.419071,1.129922,-0.179964,0.239108,168,20,median_in_1cm_longitudinal_by_5cm_center_patch,two_pca_torso_definitions_11_stations_width_height_v1.0,ok
98,346.0,pca_4548,rear_first_below_45pct_to_head_first_below_48pct,1.350001,3,0.23,0.186439,-0.382401,-0.236578,0.462552,1.120773,-0.212747,0.249805,177,21,median_in_1cm_longitudinal_by_5cm_center_patch,two_pca_torso_definitions_11_stations_width_height_v1.0,ok
98,346.0,pca_4548,rear_first_below_45pct_to_head_first_below_48pct,1.350001,4,0.32,0.254681,-0.262051,-0.253254,0.526225,1.11533,-0.290465,0.23576,200,19,median_in_1cm_longitudinal_by_5cm_center_patch,two_pca_torso_definitions_11_stations_width_height_v1.0,ok
98,346.0,pca_4548,rear_first_below_45pct_to_head_first_below_48pct,1.350001,5,0.41,0.322924,-0.141701,-0.269929,0.585696,1.115924,-0.329677,0.256019,219,20,median_in_1cm_longitudinal_by_5cm_center_patch,two_pca_torso_definitions_11_stations_width_height_v1.0,ok
98,346.0,pca_4548,rear_first_below_45pct_to_head_first_below_48pct,1.350001,6,0.5,0.391166,-0.021351,-0.286605,0.58221,1.105432,-0.326589,0.255621,214,20,median_in_1cm_longitudinal_by_5cm_center_patch,two_pca_torso_definitions_11_stations_width_height_v1.0,ok
98,346.0,pca_4548,rear_first_below_45pct_to_head_first_below_48pct,1.350001,7,0.59,0.459409,0.099,-0.303281,0.489992,1.112346,-0.292219,0.197773,182,20,median_in_1cm_longitudinal_by_5cm_center_patch,two_pca_torso_definitions_11_stations_width_height_v1.0,ok
98,346.0,pca_4548,rear_first_below_45pct_to_head_first_below_48pct,1.350001,8,0.68,0.527651,0.21935,-0.319956,0.399957,1.099792,-0.245199,0.154758,149,21,median_in_1cm_longitudinal_by_5cm_center_patch,two_pca_torso_definitions_11_stations_width_height_v1.0,ok
98,346.0,pca_4548,rear_first_below_45pct_to_head_first_below_48pct,1.350001,9,0.77,0.595894,0.3397,-0.336632,0.403576,1.089979,-0.264147,0.139429,149,20,median_in_1cm_longitudinal_by_5cm_center_patch,two_pca_torso_definitions_11_stations_width_height_v1.0,ok
98,346.0,pca_4548,rear_first_below_45pct_to_head_first_below_48pct,1.350001,10,0.86,0.664136,0.460051,-0.353308,0.435699,1.071545,-0.260144,0.175556,159,20,median_in_1cm_longitudinal_by_5cm_center_patch,two_pca_torso_definitions_11_stations_width_height_v1.0,ok
98,346.0,pca_4548,rear_first_below_45pct_to_head_first_below_48pct,1.350001,11,0.95,0.732378,0.580401,-0.369984,0.331914,1.034474,-0.158762,0.173152,107,16,median_in_1cm_longitudinal_by_5cm_center_patch,two_pca_torso_definitions_11_stations_width_height_v1.0,ok
98,346.0,pca_rear70,pca_rear_endpoint_0pct_to_full_length_70pct,1.246292,1,0.05,0.035,-0.649474,-0.199572,0.308278,1.134688,-0.131974,0.176305,97,12,median_in_1cm_longitudinal_by_5cm_center_patch,two_pca_torso_definitions_11_stations_width_height_v1.0,ok
98,346.0,pca_rear70,pca_rear_endpoint_0pct_to_full_length_70pct,1.246292,2,0.14,0.098,-0.538369,-0.214966,0.411056,1.130947,-0.175617,0.235439,154,21,median_in_1cm_longitudinal_by_5cm_center_patch,two_pca_torso_definitions_11_stations_width_height_v1.0,ok
98,346.0,pca_rear70,pca_rear_endpoint_0pct_to_full_length_70pct,1.246292,3,0.23,0.161,-0.427264,-0.230361,0.463635,1.128171,-0.215299,0.248336,181,20,median_in_1cm_longitudinal_by_5cm_center_patch,two_pca_torso_definitions_11_stations_width_height_v1.0,ok
98,346.0,pca_rear70,pca_rear_endpoint_0pct_to_full_length_70pct,1.246292,4,0.32,0.224,-0.31616,-0.245756,0.505429,1.11661,-0.264505,0.240924,192,20,median_in_1cm_longitudinal_by_5cm_center_patch,two_pca_torso_definitions_11_stations_width_height_v1.0,ok
98,346.0,pca_rear70,pca_rear_endpoint_0pct_to_full_length_70pct,1.246292,5,0.41,0.287,-0.205055,-0.26115,0.547101,1.116191,-0.308866,0.238236,201,20,median_in_1cm_longitudinal_by_5cm_center_patch,two_pca_torso_definitions_11_stations_width_height_v1.0,ok
98,346.0,pca_rear70,pca_rear_endpoint_0pct_to_full_length_70pct,1.246292,6,0.5,0.35,-0.09395,-0.276545,0.586738,1.111498,-0.328137,0.258601,218,21,median_in_1cm_longitudinal_by_5cm_center_patch,two_pca_torso_definitions_11_stations_width_height_v1.0,ok
98,346.0,pca_rear70,pca_rear_endpoint_0pct_to_full_length_70pct,1.246292,7,0.59,0.413,0.017155,-0.29194,0.554712,1.10679,-0.310627,0.244085,207,20,median_in_1cm_longitudinal_by_5cm_center_patch,two_pca_torso_definitions_11_stations_width_height_v1.0,ok
98,346.0,pca_rear70,pca_rear_endpoint_0pct_to_full_length_70pct,1.246292,8,0.68,0.476,0.12826,-0.307334,0.465541,1.113086,-0.280148,0.185392,174,21,median_in_1cm_longitudinal_by_5cm_center_patch,two_pca_torso_definitions_11_stations_width_height_v1.0,ok
98,346.0,pca_rear70,pca_rear_endpoint_0pct_to_full_length_70pct,1.246292,9,0.77,0.539,0.239364,-0.322729,0.409744,1.100696,-0.25365,0.156094,152,20,median_in_1cm_longitudinal_by_5cm_center_patch,two_pca_torso_definitions_11_stations_width_height_v1.0,ok
98,346.0,pca_rear70,pca_rear_endpoint_0pct_to_full_length_70pct,1.246292,10,0.86,0.602,0.350469,-0.338124,0.397485,1.085945,-0.256472,0.141013,146,19,median_in_1cm_longitudinal_by_5cm_center_patch,two_pca_torso_definitions_11_stations_width_height_v1.0,ok
98,346.0,pca_rear70,pca_rear_endpoint_0pct_to_full_length_70pct,1.246292,11,0.95,0.665,0.461574,-0.353518,0.441889,1.074903,-0.260424,0.181465,157,21,median_in_1cm_longitudinal_by_5cm_center_patch,two_pca_torso_definitions_11_stations_width_height_v1.0,ok
99,407.0,pca_4548,rear_first_below_45pct_to_head_first_below_48pct,1.24,1,0.05,0.057148,-0.293033,0.220145,0.338866,1.203034,-0.164094,0.174772,132,22,median_in_1cm_longitudinal_by_5cm_center_patch,two_pca_torso_definitions_11_stations_width_height_v1.0,ok
99,407.0,pca_4548,rear_first_below_45pct_to_head_first_below_48pct,1.24,2,0.14,0.120363,-0.181892,0.210033,0.445278,1.19715,-0.229874,0.215404,168,20,median_in_1cm_longitudinal_by_5cm_center_patch,two_pca_torso_definitions_11_stations_width_height_v1.0,ok
99,407.0,pca_4548,rear_first_below_45pct_to_head_first_below_48pct,1.24,3,0.23,0.183578,-0.070751,0.199922,0.486524,1.197211,-0.244736,0.241788,182,20,median_in_1cm_longitudinal_by_5cm_center_patch,two_pca_torso_definitions_11_stations_width_height_v1.0,ok
99,407.0,pca_4548,rear_first_below_45pct_to_head_first_below_48pct,1.24,4,0.32,0.246792,0.04039,0.189811,0.505358,1.184479,-0.242277,0.26308,195,20,median_in_1cm_longitudinal_by_5cm_center_patch,two_pca_torso_definitions_11_stations_width_height_v1.0,ok
99,407.0,pca_4548,rear_first_below_45pct_to_head_first_below_48pct,1.24,5,0.41,0.310007,0.151531,0.1797,0.542411,1.17591,-0.249677,0.292735,203,21,median_in_1cm_longitudinal_by_5cm_center_patch,two_pca_torso_definitions_11_stations_width_height_v1.0,ok
99,407.0,pca_4548,rear_first_below_45pct_to_head_first_below_48pct,1.24,6,0.5,0.373222,0.262672,0.169589,0.545244,1.171691,-0.257791,0.287454,206,19,median_in_1cm_longitudinal_by_5cm_center_patch,two_pca_torso_definitions_11_stations_width_height_v1.0,ok
99,407.0,pca_4548,rear_first_below_45pct_to_head_first_below_48pct,1.24,7,0.59,0.436437,0.373813,0.159477,0.491761,1.158791,-0.221952,0.269809,168,20,median_in_1cm_longitudinal_by_5cm_center_patch,two_pca_torso_definitions_11_stations_width_height_v1.0,ok
99,407.0,pca_4548,rear_first_below_45pct_to_head_first_below_48pct,1.24,8,0.68,0.499652,0.484954,0.149366,0.43394,1.13855,-0.192278,0.241662,148,18,median_in_1cm_longitudinal_by_5cm_center_patch,two_pca_torso_definitions_11_stations_width_height_v1.0,ok
99,407.0,pca_4548,rear_first_below_45pct_to_head_first_below_48pct,1.24,9,0.77,0.562866,0.596095,0.139255,0.3985,1.115175,-0.198071,0.200429,141,18,median_in_1cm_longitudinal_by_5cm_center_patch,two_pca_torso_definitions_11_stations_width_height_v1.0,ok
99,407.0,pca_4548,rear_first_below_45pct_to_head_first_below_48pct,1.24,10,0.86,0.626081,0.707236,0.129144,0.387116,1.098267,-0.181186,0.20593,127,18,median_in_1cm_longitudinal_by_5cm_center_patch,two_pca_torso_definitions_11_stations_width_height_v1.0,ok
99,407.0,pca_4548,rear_first_below_45pct_to_head_first_below_48pct,1.24,11,0.95,0.689296,0.818377,0.119032,0.32052,1.072113,-0.134025,0.186494,100,18,median_in_1cm_longitudinal_by_5cm_center_patch,two_pca_torso_definitions_11_stations_width_height_v1.0,ok
99,407.0,pca_rear70,pca_rear_endpoint_0pct_to_full_length_70pct,1.235787,1,0.05,0.035,-0.331973,0.223687,0.28075,1.204356,-0.134617,0.146133,103,16,median_in_1cm_longitudinal_by_5cm_center_patch,two_pca_torso_definitions_11_stations_width_height_v1.0,ok
99,407.0,pca_rear70,pca_rear_endpoint_0pct_to_full_length_70pct,1.235787,2,0.14,0.098,-0.221209,0.21361,0.422383,1.194417,-0.215784,0.206599,165,21,median_in_1cm_longitudinal_by_5cm_center_patch,two_pca_torso_definitions_11_stations_width_height_v1.0,ok
99,407.0,pca_rear70,pca_rear_endpoint_0pct_to_full_length_70pct,1.235787,3,0.23,0.161,-0.110446,0.203533,0.467763,1.205532,-0.236627,0.231136,185,22,median_in_1cm_longitudinal_by_5cm_center_patch,two_pca_torso_definitions_11_stations_width_height_v1.0,ok
99,407.0,pca_rear70,pca_rear_endpoint_0pct_to_full_length_70pct,1.235787,4,0.32,0.224,0.000317,0.193456,0.49795,1.190654,-0.247904,0.250046,197,21,median_in_1cm_longitudinal_by_5cm_center_patch,two_pca_torso_definitions_11_stations_width_height_v1.0,ok
99,407.0,pca_rear70,pca_rear_endpoint_0pct_to_full_length_70pct,1.235787,5,0.41,0.287,0.111081,0.183379,0.527529,1.179894,-0.242772,0.284757,197,21,median_in_1cm_longitudinal_by_5cm_center_patch,two_pca_torso_definitions_11_stations_width_height_v1.0,ok
99,407.0,pca_rear70,pca_rear_endpoint_0pct_to_full_length_70pct,1.235787,6,0.5,0.35,0.221844,0.173302,0.53651,1.17393,-0.255437,0.281072,202,20,median_in_1cm_longitudinal_by_5cm_center_patch,two_pca_torso_definitions_11_stations_width_height_v1.0,ok
99,407.0,pca_rear70,pca_rear_endpoint_0pct_to_full_length_70pct,1.235787,7,0.59,0.413,0.332607,0.163225,0.506296,1.162169,-0.232729,0.273567,185,19,median_in_1cm_longitudinal_by_5cm_center_patch,two_pca_torso_definitions_11_stations_width_height_v1.0,ok
99,407.0,pca_rear70,pca_rear_endpoint_0pct_to_full_length_70pct,1.235787,8,0.68,0.476,0.443371,0.153148,0.466869,1.152372,-0.204458,0.262411,165,19,median_in_1cm_longitudinal_by_5cm_center_patch,two_pca_torso_definitions_11_stations_width_height_v1.0,ok
99,407.0,pca_rear70,pca_rear_endpoint_0pct_to_full_length_70pct,1.235787,9,0.77,0.539,0.554134,0.143071,0.388113,1.123178,-0.176401,0.211712,140,23,median_in_1cm_longitudinal_by_5cm_center_patch,two_pca_torso_definitions_11_stations_width_height_v1.0,ok
99,407.0,pca_rear70,pca_rear_endpoint_0pct_to_full_length_70pct,1.235787,10,0.86,0.602,0.664897,0.132994,0.388082,1.102279,-0.193987,0.194095,151,19,median_in_1cm_longitudinal_by_5cm_center_patch,two_pca_torso_definitions_11_stations_width_height_v1.0,ok
99,407.0,pca_rear70,pca_rear_endpoint_0pct_to_full_length_70pct,1.235787,11,0.95,0.665,0.775661,0.122917,0.344961,1.085383,-0.15509,0.189871,104,16,median_in_1cm_longitudinal_by_5cm_center_patch,two_pca_torso_definitions_11_stations_width_height_v1.0,ok
100,366.0,pca_4548,rear_first_below_45pct_to_head_first_below_48pct,1.289999,1,0.05,0.048232,-0.32554,0.417542,0.351,1.151734,-0.171602,0.179398,134,22,median_in_1cm_longitudinal_by_5cm_center_patch,two_pca_torso_definitions_11_stations_width_height_v1.0,ok
100,366.0,pca_4548,rear_first_below_45pct_to_head_first_below_48pct,1.289999,2,0.14,0.113556,-0.209526,0.413091,0.4513,1.137295,-0.217021,0.234279,166,22,median_in_1cm_longitudinal_by_5cm_center_patch,two_pca_torso_definitions_11_stations_width_height_v1.0,ok
100,366.0,pca_4548,rear_first_below_45pct_to_head_first_below_48pct,1.289999,3,0.23,0.178879,-0.093511,0.40864,0.498362,1.132536,-0.23723,0.261132,193,22,median_in_1cm_longitudinal_by_5cm_center_patch,two_pca_torso_definitions_11_stations_width_height_v1.0,ok
100,366.0,pca_4548,rear_first_below_45pct_to_head_first_below_48pct,1.289999,4,0.32,0.244203,0.022503,0.404189,0.498487,1.121894,-0.230694,0.267793,193,19,median_in_1cm_longitudinal_by_5cm_center_patch,two_pca_torso_definitions_11_stations_width_height_v1.0,ok
100,366.0,pca_4548,rear_first_below_45pct_to_head_first_below_48pct,1.289999,5,0.41,0.309526,0.138518,0.399738,0.542877,1.114939,-0.25885,0.284026,201,20,median_in_1cm_longitudinal_by_5cm_center_patch,two_pca_torso_definitions_11_stations_width_height_v1.0,ok
100,366.0,pca_4548,rear_first_below_45pct_to_head_first_below_48pct,1.289999,6,0.5,0.37485,0.254532,0.395287,0.529614,1.11644,-0.243687,0.285927,197,20,median_in_1cm_longitudinal_by_5cm_center_patch,two_pca_torso_definitions_11_stations_width_height_v1.0,ok
100,366.0,pca_4548,rear_first_below_45pct_to_head_first_below_48pct,1.289999,7,0.59,0.440173,0.370547,0.390836,0.490204,1.103965,-0.212225,0.277979,178,21,median_in_1cm_longitudinal_by_5cm_center_patch,two_pca_torso_definitions_11_stations_width_height_v1.0,ok
100,366.0,pca_4548,rear_first_below_45pct_to_head_first_below_48pct,1.289999,8,0.68,0.505496,0.486562,0.386385,0.396766,1.092074,-0.177346,0.21942,143,18,median_in_1cm_longitudinal_by_5cm_center_patch,two_pca_torso_definitions_11_stations_width_height_v1.0,ok
100,366.0,pca_4548,rear_first_below_45pct_to_head_first_below_48pct,1.289999,9,0.77,0.57082,0.602576,0.381934,0.383131,1.068052,-0.18877,0.194361,155,20,median_in_1cm_longitudinal_by_5cm_center_patch,two_pca_torso_definitions_11_stations_width_height_v1.0,ok
100,366.0,pca_4548,rear_first_below_45pct_to_head_first_below_48pct,1.289999,10,0.86,0.636143,0.718591,0.377483,0.390389,1.066151,-0.1812,0.209188,150,22,median_in_1cm_longitudinal_by_5cm_center_patch,two_pca_torso_definitions_11_stations_width_height_v1.0,ok
100,366.0,pca_4548,rear_first_below_45pct_to_head_first_below_48pct,1.289999,11,0.95,0.701467,0.834605,0.373032,0.329674,1.031195,-0.124791,0.204883,118,17,median_in_1cm_longitudinal_by_5cm_center_patch,two_pca_torso_definitions_11_stations_width_height_v1.0,ok
100,366.0,pca_rear70,pca_rear_endpoint_0pct_to_full_length_70pct,1.244116,1,0.05,0.035,-0.349041,0.418444,0.303821,1.152021,-0.150471,0.15335,114,24,median_in_1cm_longitudinal_by_5cm_center_patch,two_pca_torso_definitions_11_stations_width_height_v1.0,ok
100,366.0,pca_rear70,pca_rear_endpoint_0pct_to_full_length_70pct,1.244116,2,0.14,0.098,-0.237153,0.414151,0.425828,1.139059,-0.207431,0.218397,170,27,median_in_1cm_longitudinal_by_5cm_center_patch,two_pca_torso_definitions_11_stations_width_height_v1.0,ok
100,366.0,pca_rear70,pca_rear_endpoint_0pct_to_full_length_70pct,1.244116,3,0.23,0.161,-0.125265,0.409859,0.497936,1.135877,-0.237755,0.260181,180,22,median_in_1cm_longitudinal_by_5cm_center_patch,two_pca_torso_definitions_11_stations_width_height_v1.0,ok
100,366.0,pca_rear70,pca_rear_endpoint_0pct_to_full_length_70pct,1.244116,4,0.32,0.224,-0.013377,0.405566,0.493275,1.125398,-0.232599,0.260676,181,19,median_in_1cm_longitudinal_by_5cm_center_patch,two_pca_torso_definitions_11_stations_width_height_v1.0,ok
100,366.0,pca_rear70,pca_rear_endpoint_0pct_to_full_length_70pct,1.244116,5,0.41,0.287,0.098511,0.401273,0.538168,1.120224,-0.243735,0.294432,198,21,median_in_1cm_longitudinal_by_5cm_center_patch,two_pca_torso_definitions_11_stations_width_height_v1.0,ok
100,366.0,pca_rear70,pca_rear_endpoint_0pct_to_full_length_70pct,1.244116,6,0.5,0.35,0.210399,0.396981,0.536693,1.116967,-0.251562,0.285131,203,20,median_in_1cm_longitudinal_by_5cm_center_patch,two_pca_torso_definitions_11_stations_width_height_v1.0,ok
100,366.0,pca_rear70,pca_rear_endpoint_0pct_to_full_length_70pct,1.244116,7,0.59,0.413,0.322288,0.392688,0.50658,1.110642,-0.224014,0.282565,185,19,median_in_1cm_longitudinal_by_5cm_center_patch,two_pca_torso_definitions_11_stations_width_height_v1.0,ok
100,366.0,pca_rear70,pca_rear_endpoint_0pct_to_full_length_70pct,1.244116,8,0.68,0.476,0.434176,0.388395,0.431537,1.098109,-0.188071,0.243467,157,20,median_in_1cm_longitudinal_by_5cm_center_patch,two_pca_torso_definitions_11_stations_width_height_v1.0,ok
100,366.0,pca_rear70,pca_rear_endpoint_0pct_to_full_length_70pct,1.244116,9,0.77,0.539,0.546064,0.384102,0.368169,1.080281,-0.177897,0.190272,147,19,median_in_1cm_longitudinal_by_5cm_center_patch,two_pca_torso_definitions_11_stations_width_height_v1.0,ok
100,366.0,pca_rear70,pca_rear_endpoint_0pct_to_full_length_70pct,1.244116,10,0.86,0.602,0.657952,0.37981,0.395795,1.06511,-0.191773,0.204022,165,23,median_in_1cm_longitudinal_by_5cm_center_patch,two_pca_torso_definitions_11_stations_width_height_v1.0,ok
100,366.0,pca_rear70,pca_rear_endpoint_0pct_to_full_length_70pct,1.244116,11,0.95,0.665,0.76984,0.375517,0.370729,1.062856,-0.176297,0.194431,123,21,median_in_1cm_longitudinal_by_5cm_center_patch,two_pca_torso_definitions_11_stations_width_height_v1.0,ok
102,378.0,pca_4548,rear_first_below_45pct_to_head_first_below_48pct,1.22,1,0.05,0.056071,-0.5631,0.266744,0.350213,1.149658,-0.189523,0.16069,116,16,median_in_1cm_longitudinal_by_5cm_center_patch,two_pca_torso_definitions_11_stations_width_height_v1.0,ok
102,378.0,pca_4548,rear_first_below_45pct_to_head_first_below_48pct,1.22,2,0.14,0.11689,-0.454914,0.247985,0.438934,1.156234,-0.242413,0.196521,157,19,median_in_1cm_longitudinal_by_5cm_center_patch,two_pca_torso_definitions_11_stations_width_height_v1.0,ok
102,378.0,pca_4548,rear_first_below_45pct_to_head_first_below_48pct,1.22,3,0.23,0.17771,-0.346728,0.229227,0.458777,1.154608,-0.2586,0.200176,170,19,median_in_1cm_longitudinal_by_5cm_center_patch,two_pca_torso_definitions_11_stations_width_height_v1.0,ok
102,378.0,pca_4548,rear_first_below_45pct_to_head_first_below_48pct,1.22,4,0.32,0.238529,-0.238543,0.210469,0.51397,1.145482,-0.257196,0.256773,195,20,median_in_1cm_longitudinal_by_5cm_center_patch,two_pca_torso_definitions_11_stations_width_height_v1.0,ok
102,378.0,pca_4548,rear_first_below_45pct_to_head_first_below_48pct,1.22,5,0.41,0.299348,-0.130357,0.191711,0.551858,1.145682,-0.249172,0.302686,202,20,median_in_1cm_longitudinal_by_5cm_center_patch,two_pca_torso_definitions_11_stations_width_height_v1.0,ok
102,378.0,pca_4548,rear_first_below_45pct_to_head_first_below_48pct,1.22,6,0.5,0.360167,-0.022171,0.172953,0.568054,1.139749,-0.257867,0.310187,211,20,median_in_1cm_longitudinal_by_5cm_center_patch,two_pca_torso_definitions_11_stations_width_height_v1.0,ok
102,378.0,pca_4548,rear_first_below_45pct_to_head_first_below_48pct,1.22,7,0.59,0.420986,0.086015,0.154194,0.540036,1.127409,-0.233947,0.306088,199,18,median_in_1cm_longitudinal_by_5cm_center_patch,two_pca_torso_definitions_11_stations_width_height_v1.0,ok
102,378.0,pca_4548,rear_first_below_45pct_to_head_first_below_48pct,1.22,8,0.68,0.481805,0.194201,0.135436,0.478903,1.116931,-0.191817,0.287085,170,20,median_in_1cm_longitudinal_by_5cm_center_patch,two_pca_torso_definitions_11_stations_width_height_v1.0,ok
102,378.0,pca_4548,rear_first_below_45pct_to_head_first_below_48pct,1.22,9,0.77,0.542624,0.302386,0.116678,0.442858,1.104094,-0.192274,0.250585,158,20,median_in_1cm_longitudinal_by_5cm_center_patch,two_pca_torso_definitions_11_stations_width_height_v1.0,ok
102,378.0,pca_4548,rear_first_below_45pct_to_head_first_below_48pct,1.22,10,0.86,0.603444,0.410572,0.097919,0.394485,1.082015,-0.166111,0.228374,149,20,median_in_1cm_longitudinal_by_5cm_center_patch,two_pca_torso_definitions_11_stations_width_height_v1.0,ok
102,378.0,pca_4548,rear_first_below_45pct_to_head_first_below_48pct,1.22,11,0.95,0.664263,0.518758,0.079161,0.371652,1.050761,-0.135074,0.236578,113,19,median_in_1cm_longitudinal_by_5cm_center_patch,two_pca_torso_definitions_11_stations_width_height_v1.0,ok
102,378.0,pca_rear70,pca_rear_endpoint_0pct_to_full_length_70pct,1.263747,1,0.05,0.035,-0.600582,0.273243,0.298735,1.146221,-0.170609,0.128126,102,13,median_in_1cm_longitudinal_by_5cm_center_patch,two_pca_torso_definitions_11_stations_width_height_v1.0,ok
102,378.0,pca_rear70,pca_rear_endpoint_0pct_to_full_length_70pct,1.263747,2,0.14,0.098,-0.488516,0.253812,0.421424,1.157088,-0.237858,0.183565,140,19,median_in_1cm_longitudinal_by_5cm_center_patch,two_pca_torso_definitions_11_stations_width_height_v1.0,ok
102,378.0,pca_rear70,pca_rear_endpoint_0pct_to_full_length_70pct,1.263747,3,0.23,0.161,-0.376451,0.234381,0.447764,1.156674,-0.249419,0.198345,176,21,median_in_1cm_longitudinal_by_5cm_center_patch,two_pca_torso_definitions_11_stations_width_height_v1.0,ok
102,378.0,pca_rear70,pca_rear_endpoint_0pct_to_full_length_70pct,1.263747,4,0.32,0.224,-0.264386,0.21495,0.501583,1.146911,-0.260885,0.240698,195,21,median_in_1cm_longitudinal_by_5cm_center_patch,two_pca_torso_definitions_11_stations_width_height_v1.0,ok
102,378.0,pca_rear70,pca_rear_endpoint_0pct_to_full_length_70pct,1.263747,5,0.41,0.287,-0.152321,0.195519,0.530764,1.143727,-0.246648,0.284116,200,20,median_in_1cm_longitudinal_by_5cm_center_patch,two_pca_torso_definitions_11_stations_width_height_v1.0,ok
102,378.0,pca_rear70,pca_rear_endpoint_0pct_to_full_length_70pct,1.263747,6,0.5,0.35,-0.040256,0.176089,0.567683,1.142059,-0.263553,0.30413,207,19,median_in_1cm_longitudinal_by_5cm_center_patch,two_pca_torso_definitions_11_stations_width_height_v1.0,ok
102,378.0,pca_rear70,pca_rear_endpoint_0pct_to_full_length_70pct,1.263747,7,0.59,0.413,0.071809,0.156658,0.542414,1.127418,-0.231382,0.311032,195,19,median_in_1cm_longitudinal_by_5cm_center_patch,two_pca_torso_definitions_11_stations_width_height_v1.0,ok
102,378.0,pca_rear70,pca_rear_endpoint_0pct_to_full_length_70pct,1.263747,8,0.68,0.476,0.183874,0.137227,0.463384,1.11995,-0.193704,0.26968,168,20,median_in_1cm_longitudinal_by_5cm_center_patch,two_pca_torso_definitions_11_stations_width_height_v1.0,ok
102,378.0,pca_rear70,pca_rear_endpoint_0pct_to_full_length_70pct,1.263747,9,0.77,0.539,0.295939,0.117796,0.43913,1.105234,-0.190337,0.248793,156,20,median_in_1cm_longitudinal_by_5cm_center_patch,two_pca_torso_definitions_11_stations_width_height_v1.0,ok
102,378.0,pca_rear70,pca_rear_endpoint_0pct_to_full_length_70pct,1.263747,10,0.86,0.602,0.408004,0.098365,0.400938,1.083933,-0.17255,0.228388,150,18,median_in_1cm_longitudinal_by_5cm_center_patch,two_pca_torso_definitions_11_stations_width_height_v1.0,ok
102,378.0,pca_rear70,pca_rear_endpoint_0pct_to_full_length_70pct,1.263747,11,0.95,0.665,0.52007,0.078934,0.362881,1.050645,-0.128575,0.234306,112,16,median_in_1cm_longitudinal_by_5cm_center_patch,two_pca_torso_definitions_11_stations_width_height_v1.0,ok
103,382.0,pca_4548,rear_first_below_45pct_to_head_first_below_48pct,1.35,1,0.05,0.052306,-0.748497,-0.322191,0.369721,1.168114,-0.201245,0.168477,129,25,median_in_1cm_longitudinal_by_5cm_center_patch,two_pca_torso_definitions_11_stations_width_height_v1.0,ok
103,382.0,pca_4548,rear_first_below_45pct_to_head_first_below_48pct,1.35,2,0.14,0.11684,-0.627787,-0.336022,0.449452,1.18528,-0.257324,0.192128,161,23,median_in_1cm_longitudinal_by_5cm_center_patch,two_pca_torso_definitions_11_stations_width_height_v1.0,ok
103,382.0,pca_4548,rear_first_below_45pct_to_head_first_below_48pct,1.35,3,0.23,0.181374,-0.507076,-0.349852,0.483391,1.198984,-0.284765,0.198626,193,21,median_in_1cm_longitudinal_by_5cm_center_patch,two_pca_torso_definitions_11_stations_width_height_v1.0,ok
103,382.0,pca_4548,rear_first_below_45pct_to_head_first_below_48pct,1.35,4,0.32,0.245907,-0.386366,-0.363683,0.473883,1.190904,-0.263082,0.210801,217,25,median_in_1cm_longitudinal_by_5cm_center_patch,two_pca_torso_definitions_11_stations_width_height_v1.0,ok
103,382.0,pca_4548,rear_first_below_45pct_to_head_first_below_48pct,1.35,5,0.41,0.310441,-0.265656,-0.377514,0.547566,1.191968,-0.289529,0.258037,234,23,median_in_1cm_longitudinal_by_5cm_center_patch,two_pca_torso_definitions_11_stations_width_height_v1.0,ok
103,382.0,pca_4548,rear_first_below_45pct_to_head_first_below_48pct,1.35,6,0.5,0.374975,-0.144946,-0.391345,0.566824,1.18378,-0.301533,0.26529,238,21,median_in_1cm_longitudinal_by_5cm_center_patch,two_pca_torso_definitions_11_stations_width_height_v1.0,ok
103,382.0,pca_4548,rear_first_below_45pct_to_head_first_below_48pct,1.35,7,0.59,0.439509,-0.024235,-0.405176,0.517598,1.179076,-0.268271,0.249327,215,21,median_in_1cm_longitudinal_by_5cm_center_patch,two_pca_torso_definitions_11_stations_width_height_v1.0,ok
103,382.0,pca_4548,rear_first_below_45pct_to_head_first_below_48pct,1.35,8,0.68,0.504043,0.096475,-0.419007,0.439094,1.175626,-0.223907,0.215187,185,22,median_in_1cm_longitudinal_by_5cm_center_patch,two_pca_torso_definitions_11_stations_width_height_v1.0,ok
103,382.0,pca_4548,rear_first_below_45pct_to_head_first_below_48pct,1.35,9,0.77,0.568577,0.217185,-0.432838,0.409998,1.164482,-0.191192,0.218806,182,22,median_in_1cm_longitudinal_by_5cm_center_patch,two_pca_torso_definitions_11_stations_width_height_v1.0,ok
103,382.0,pca_4548,rear_first_below_45pct_to_head_first_below_48pct,1.35,10,0.86,0.633111,0.337896,-0.446668,0.414889,1.155029,-0.202415,0.212474,171,23,median_in_1cm_longitudinal_by_5cm_center_patch,two_pca_torso_definitions_11_stations_width_height_v1.0,ok
103,382.0,pca_4548,rear_first_below_45pct_to_head_first_below_48pct,1.35,11,0.95,0.697645,0.458606,-0.460499,0.364198,1.134198,-0.193247,0.170952,149,22,median_in_1cm_longitudinal_by_5cm_center_patch,two_pca_torso_definitions_11_stations_width_height_v1.0,ok
103,382.0,pca_rear70,pca_rear_endpoint_0pct_to_full_length_70pct,1.317911,1,0.05,0.035,-0.780867,-0.318482,0.325392,1.157487,-0.172851,0.152541,110,21,median_in_1cm_longitudinal_by_5cm_center_patch,two_pca_torso_definitions_11_stations_width_height_v1.0,ok
103,382.0,pca_rear70,pca_rear_endpoint_0pct_to_full_length_70pct,1.317911,2,0.14,0.098,-0.663026,-0.331984,0.437363,1.176553,-0.244324,0.193039,151,24,median_in_1cm_longitudinal_by_5cm_center_patch,two_pca_torso_definitions_11_stations_width_height_v1.0,ok
103,382.0,pca_rear70,pca_rear_endpoint_0pct_to_full_length_70pct,1.317911,3,0.23,0.161,-0.545185,-0.345486,0.478352,1.195466,-0.281583,0.196769,197,23,median_in_1cm_longitudinal_by_5cm_center_patch,two_pca_torso_definitions_11_stations_width_height_v1.0,ok
103,382.0,pca_rear70,pca_rear_endpoint_0pct_to_full_length_70pct,1.317911,4,0.32,0.224,-0.427344,-0.358988,0.460059,1.192253,-0.257552,0.202508,208,22,median_in_1cm_longitudinal_by_5cm_center_patch,two_pca_torso_definitions_11_stations_width_height_v1.0,ok
103,382.0,pca_rear70,pca_rear_endpoint_0pct_to_full_length_70pct,1.317911,5,0.41,0.287,-0.309503,-0.37249,0.530176,1.189819,-0.285154,0.245022,223,23,median_in_1cm_longitudinal_by_5cm_center_patch,two_pca_torso_definitions_11_stations_width_height_v1.0,ok
103,382.0,pca_rear70,pca_rear_endpoint_0pct_to_full_length_70pct,1.317911,6,0.5,0.35,-0.191662,-0.385993,0.555306,1.18918,-0.293209,0.262097,232,22,median_in_1cm_longitudinal_by_5cm_center_patch,two_pca_torso_definitions_11_stations_width_height_v1.0,ok
103,382.0,pca_rear70,pca_rear_endpoint_0pct_to_full_length_70pct,1.317911,7,0.59,0.413,-0.073821,-0.399495,0.544869,1.180324,-0.290749,0.25412,226,21,median_in_1cm_longitudinal_by_5cm_center_patch,two_pca_torso_definitions_11_stations_width_height_v1.0,ok
103,382.0,pca_rear70,pca_rear_endpoint_0pct_to_full_length_70pct,1.317911,8,0.68,0.476,0.04402,-0.412997,0.474109,1.179372,-0.243383,0.230726,194,23,median_in_1cm_longitudinal_by_5cm_center_patch,two_pca_torso_definitions_11_stations_width_height_v1.0,ok
103,382.0,pca_rear70,pca_rear_endpoint_0pct_to_full_length_70pct,1.317911,9,0.77,0.539,0.161861,-0.426499,0.400912,1.168674,-0.194296,0.206616,176,21,median_in_1cm_longitudinal_by_5cm_center_patch,two_pca_torso_definitions_11_stations_width_height_v1.0,ok
103,382.0,pca_rear70,pca_rear_endpoint_0pct_to_full_length_70pct,1.317911,10,0.86,0.602,0.279702,-0.440001,0.42334,1.158319,-0.196276,0.227064,180,23,median_in_1cm_longitudinal_by_5cm_center_patch,two_pca_torso_definitions_11_stations_width_height_v1.0,ok
103,382.0,pca_rear70,pca_rear_endpoint_0pct_to_full_length_70pct,1.317911,11,0.95,0.665,0.397543,-0.453503,0.395024,1.142722,-0.201188,0.193837,149,21,median_in_1cm_longitudinal_by_5cm_center_patch,two_pca_torso_definitions_11_stations_width_height_v1.0,ok
104,408.0,pca_4548,rear_first_below_45pct_to_head_first_below_48pct,1.179999,1,0.05,0.055762,0.040475,-0.044194,0.346259,1.040596,-0.155064,0.191195,122,17,median_in_1cm_longitudinal_by_5cm_center_patch,two_pca_torso_definitions_11_stations_width_height_v1.0,ok
104,408.0,pca_4548,rear_first_below_45pct_to_head_first_below_48pct,1.179999,2,0.14,0.121597,0.145882,-0.031237,0.431585,1.043016,-0.194046,0.237539,150,20,median_in_1cm_longitudinal_by_5cm_center_patch,two_pca_torso_definitions_11_stations_width_height_v1.0,ok
104,408.0,pca_4548,rear_first_below_45pct_to_head_first_below_48pct,1.179999,3,0.23,0.187431,0.251288,-0.01828,0.464992,1.048169,-0.201609,0.263383,162,17,median_in_1cm_longitudinal_by_5cm_center_patch,two_pca_torso_definitions_11_stations_width_height_v1.0,ok
104,408.0,pca_4548,rear_first_below_45pct_to_head_first_below_48pct,1.179999,4,0.32,0.253266,0.356695,-0.005323,0.502781,1.042514,-0.245861,0.256921,168,21,median_in_1cm_longitudinal_by_5cm_center_patch,two_pca_torso_definitions_11_stations_width_height_v1.0,ok
104,408.0,pca_4548,rear_first_below_45pct_to_head_first_below_48pct,1.179999,5,0.41,0.3191,0.462101,0.007634,0.581523,1.035071,-0.309168,0.272355,194,15,median_in_1cm_longitudinal_by_5cm_center_patch,two_pca_torso_definitions_11_stations_width_height_v1.0,ok
104,408.0,pca_4548,rear_first_below_45pct_to_head_first_below_48pct,1.179999,6,0.5,0.384935,0.567508,0.020591,0.55917,1.030566,-0.29503,0.26414,201,20,median_in_1cm_longitudinal_by_5cm_center_patch,two_pca_torso_definitions_11_stations_width_height_v1.0,ok
104,408.0,pca_4548,rear_first_below_45pct_to_head_first_below_48pct,1.179999,7,0.59,0.450769,0.672915,0.033549,0.500513,1.026559,-0.271852,0.228661,165,17,median_in_1cm_longitudinal_by_5cm_center_patch,two_pca_torso_definitions_11_stations_width_height_v1.0,ok
104,408.0,pca_4548,rear_first_below_45pct_to_head_first_below_48pct,1.179999,8,0.68,0.516604,0.778321,0.046506,0.432238,1.021263,-0.241401,0.190837,152,22,median_in_1cm_longitudinal_by_5cm_center_patch,two_pca_torso_definitions_11_stations_width_height_v1.0,ok
104,408.0,pca_4548,rear_first_below_45pct_to_head_first_below_48pct,1.179999,9,0.77,0.582438,0.883728,0.059463,0.378788,1.00758,-0.190323,0.188465,127,17,median_in_1cm_longitudinal_by_5cm_center_patch,two_pca_torso_definitions_11_stations_width_height_v1.0,ok
104,408.0,pca_4548,rear_first_below_45pct_to_head_first_below_48pct,1.179999,10,0.86,0.648272,0.989134,0.07242,0.377738,1.000699,-0.190178,0.187559,114,14,median_in_1cm_longitudinal_by_5cm_center_patch,two_pca_torso_definitions_11_stations_width_height_v1.0,ok
104,408.0,pca_4548,rear_first_below_45pct_to_head_first_below_48pct,1.179999,11,0.95,0.714107,1.094541,0.085377,0.290929,0.992589,-0.195354,0.095574,86,13,median_in_1cm_longitudinal_by_5cm_center_patch,two_pca_torso_definitions_11_stations_width_height_v1.0,ok
104,408.0,pca_rear70,pca_rear_endpoint_0pct_to_full_length_70pct,1.129195,1,0.05,0.035,0.007233,-0.04828,0.284383,1.009729,-0.131281,0.153102,101,18,median_in_1cm_longitudinal_by_5cm_center_patch,two_pca_torso_definitions_11_stations_width_height_v1.0,ok
104,408.0,pca_rear70,pca_rear_endpoint_0pct_to_full_length_70pct,1.129195,2,0.14,0.098,0.108101,-0.03588,0.402222,1.046847,-0.169536,0.232686,143,18,median_in_1cm_longitudinal_by_5cm_center_patch,two_pca_torso_definitions_11_stations_width_height_v1.0,ok
104,408.0,pca_rear70,pca_rear_endpoint_0pct_to_full_length_70pct,1.129195,3,0.23,0.161,0.20897,-0.023481,0.451148,1.050852,-0.202151,0.248997,162,18,median_in_1cm_longitudinal_by_5cm_center_patch,two_pca_torso_definitions_11_stations_width_height_v1.0,ok
104,408.0,pca_rear70,pca_rear_endpoint_0pct_to_full_length_70pct,1.129195,4,0.32,0.224,0.309838,-0.011082,0.47392,1.043108,-0.211625,0.262295,161,19,median_in_1cm_longitudinal_by_5cm_center_patch,two_pca_torso_definitions_11_stations_width_height_v1.0,ok
104,408.0,pca_rear70,pca_rear_endpoint_0pct_to_full_length_70pct,1.129195,5,0.41,0.287,0.410706,0.001317,0.536538,1.034862,-0.287322,0.249216,183,18,median_in_1cm_longitudinal_by_5cm_center_patch,two_pca_torso_definitions_11_stations_width_height_v1.0,ok
104,408.0,pca_rear70,pca_rear_endpoint_0pct_to_full_length_70pct,1.129195,6,0.5,0.35,0.511574,0.013716,0.572755,1.038002,-0.306256,0.266499,200,16,median_in_1cm_longitudinal_by_5cm_center_patch,two_pca_torso_definitions_11_stations_width_height_v1.0,ok
104,408.0,pca_rear70,pca_rear_endpoint_0pct_to_full_length_70pct,1.129195,7,0.59,0.413,0.612443,0.026115,0.533233,1.024776,-0.288412,0.24482,181,21,median_in_1cm_longitudinal_by_5cm_center_patch,two_pca_torso_definitions_11_stations_width_height_v1.0,ok
104,408.0,pca_rear70,pca_rear_endpoint_0pct_to_full_length_70pct,1.129195,8,0.68,0.476,0.713311,0.038514,0.483406,1.020243,-0.251373,0.232034,165,17,median_in_1cm_longitudinal_by_5cm_center_patch,two_pca_torso_definitions_11_stations_width_height_v1.0,ok
104,408.0,pca_rear70,pca_rear_endpoint_0pct_to_full_length_70pct,1.129195,9,0.77,0.539,0.814179,0.050913,0.410533,1.016772,-0.219441,0.191092,130,18,median_in_1cm_longitudinal_by_5cm_center_patch,two_pca_torso_definitions_11_stations_width_height_v1.0,ok
104,408.0,pca_rear70,pca_rear_endpoint_0pct_to_full_length_70pct,1.129195,10,0.86,0.602,0.915048,0.063312,0.364085,1.004681,-0.177877,0.186208,122,19,median_in_1cm_longitudinal_by_5cm_center_patch,two_pca_torso_definitions_11_stations_width_height_v1.0,ok
104,408.0,pca_rear70,pca_rear_endpoint_0pct_to_full_length_70pct,1.129195,11,0.95,0.665,1.015916,0.075712,0.361019,1.002566,-0.186977,0.174043,134,21,median_in_1cm_longitudinal_by_5cm_center_patch,two_pca_torso_definitions_11_stations_width_height_v1.0,ok
105,323.0,pca_4548,rear_first_below_45pct_to_head_first_below_48pct,1.16,1,0.05,0.047468,-0.251678,-0.071136,0.289395,0.984907,-0.129143,0.160252,99,16,median_in_1cm_longitudinal_by_5cm_center_patch,two_pca_torso_definitions_11_stations_width_height_v1.0,ok
105,323.0,pca_4548,rear_first_below_45pct_to_head_first_below_48pct,1.16,2,0.14,0.112493,-0.148063,-0.08392,0.394927,1.013793,-0.18689,0.208036,129,17,median_in_1cm_longitudinal_by_5cm_center_patch,two_pca_torso_definitions_11_stations_width_height_v1.0,ok
105,323.0,pca_4548,rear_first_below_45pct_to_head_first_below_48pct,1.16,3,0.23,0.177519,-0.044449,-0.096705,0.417583,1.027986,-0.188228,0.229354,140,18,median_in_1cm_longitudinal_by_5cm_center_patch,two_pca_torso_definitions_11_stations_width_height_v1.0,ok
105,323.0,pca_4548,rear_first_below_45pct_to_head_first_below_48pct,1.16,4,0.32,0.242545,0.059165,-0.10949,0.451778,1.030106,-0.223074,0.228704,157,18,median_in_1cm_longitudinal_by_5cm_center_patch,two_pca_torso_definitions_11_stations_width_height_v1.0,ok
105,323.0,pca_4548,rear_first_below_45pct_to_head_first_below_48pct,1.16,5,0.41,0.30757,0.162779,-0.122275,0.481843,1.039245,-0.270556,0.211287,169,18,median_in_1cm_longitudinal_by_5cm_center_patch,two_pca_torso_definitions_11_stations_width_height_v1.0,ok
105,323.0,pca_4548,rear_first_below_45pct_to_head_first_below_48pct,1.16,6,0.5,0.372596,0.266393,-0.135059,0.45586,1.052219,-0.260773,0.195087,162,19,median_in_1cm_longitudinal_by_5cm_center_patch,two_pca_torso_definitions_11_stations_width_height_v1.0,ok
105,323.0,pca_4548,rear_first_below_45pct_to_head_first_below_48pct,1.16,7,0.59,0.437622,0.370008,-0.147844,0.450095,1.070725,-0.253002,0.197094,160,19,median_in_1cm_longitudinal_by_5cm_center_patch,two_pca_torso_definitions_11_stations_width_height_v1.0,ok
105,323.0,pca_4548,rear_first_below_45pct_to_head_first_below_48pct,1.16,8,0.68,0.502648,0.473622,-0.160629,0.407116,1.075299,-0.207594,0.199522,146,18,median_in_1cm_longitudinal_by_5cm_center_patch,two_pca_torso_definitions_11_stations_width_height_v1.0,ok
105,323.0,pca_4548,rear_first_below_45pct_to_head_first_below_48pct,1.16,9,0.77,0.567673,0.577236,-0.173414,0.38617,1.065973,-0.185129,0.201041,143,21,median_in_1cm_longitudinal_by_5cm_center_patch,two_pca_torso_definitions_11_stations_width_height_v1.0,ok
105,323.0,pca_4548,rear_first_below_45pct_to_head_first_below_48pct,1.16,10,0.86,0.632699,0.68085,-0.186199,0.342885,1.050299,-0.185133,0.157752,118,19,median_in_1cm_longitudinal_by_5cm_center_patch,two_pca_torso_definitions_11_stations_width_height_v1.0,ok
105,323.0,pca_4548,rear_first_below_45pct_to_head_first_below_48pct,1.16,11,0.95,0.697725,0.784465,-0.198983,0.278081,1.017845,-0.176876,0.101204,85,19,median_in_1cm_longitudinal_by_5cm_center_patch,two_pca_torso_definitions_11_stations_width_height_v1.0,ok
105,323.0,pca_rear70,pca_rear_endpoint_0pct_to_full_length_70pct,1.123863,1,0.05,0.035,-0.271544,-0.068685,0.268675,0.958525,-0.126557,0.142118,81,14,median_in_1cm_longitudinal_by_5cm_center_patch,two_pca_torso_definitions_11_stations_width_height_v1.0,ok
105,323.0,pca_rear70,pca_rear_endpoint_0pct_to_full_length_70pct,1.123863,2,0.14,0.098,-0.171157,-0.081072,0.371328,1.007247,-0.174657,0.196671,125,17,median_in_1cm_longitudinal_by_5cm_center_patch,two_pca_torso_definitions_11_stations_width_height_v1.0,ok
105,323.0,pca_rear70,pca_rear_endpoint_0pct_to_full_length_70pct,1.123863,3,0.23,0.161,-0.070771,-0.093458,0.406938,1.029273,-0.181733,0.225206,138,16,median_in_1cm_longitudinal_by_5cm_center_patch,two_pca_torso_definitions_11_stations_width_height_v1.0,ok
105,323.0,pca_rear70,pca_rear_endpoint_0pct_to_full_length_70pct,1.123863,4,0.32,0.224,0.029615,-0.105845,0.450381,1.024039,-0.212363,0.238019,154,18,median_in_1cm_longitudinal_by_5cm_center_patch,two_pca_torso_definitions_11_stations_width_height_v1.0,ok
105,323.0,pca_rear70,pca_rear_endpoint_0pct_to_full_length_70pct,1.123863,5,0.41,0.287,0.130002,-0.118231,0.494437,1.036567,-0.268677,0.22576,168,18,median_in_1cm_longitudinal_by_5cm_center_patch,two_pca_torso_definitions_11_stations_width_height_v1.0,ok
105,323.0,pca_rear70,pca_rear_endpoint_0pct_to_full_length_70pct,1.123863,6,0.5,0.35,0.230388,-0.130617,0.465402,1.049327,-0.262206,0.203195,168,18,median_in_1cm_longitudinal_by_5cm_center_patch,two_pca_torso_definitions_11_stations_width_height_v1.0,ok
105,323.0,pca_rear70,pca_rear_endpoint_0pct_to_full_length_70pct,1.123863,7,0.59,0.413,0.330774,-0.143004,0.446737,1.061816,-0.255921,0.190817,161,21,median_in_1cm_longitudinal_by_5cm_center_patch,two_pca_torso_definitions_11_stations_width_height_v1.0,ok
105,323.0,pca_rear70,pca_rear_endpoint_0pct_to_full_length_70pct,1.123863,8,0.68,0.476,0.431161,-0.15539,0.427739,1.077241,-0.235345,0.192394,158,20,median_in_1cm_longitudinal_by_5cm_center_patch,two_pca_torso_definitions_11_stations_width_height_v1.0,ok
105,323.0,pca_rear70,pca_rear_endpoint_0pct_to_full_length_70pct,1.123863,9,0.77,0.539,0.531547,-0.167777,0.401629,1.073061,-0.200419,0.20121,143,20,median_in_1cm_longitudinal_by_5cm_center_patch,two_pca_torso_definitions_11_stations_width_height_v1.0,ok
105,323.0,pca_rear70,pca_rear_endpoint_0pct_to_full_length_70pct,1.123863,10,0.86,0.602,0.631933,-0.180163,0.371171,1.058033,-0.190915,0.180257,137,20,median_in_1cm_longitudinal_by_5cm_center_patch,two_pca_torso_definitions_11_stations_width_height_v1.0,ok
105,323.0,pca_rear70,pca_rear_endpoint_0pct_to_full_length_70pct,1.123863,11,0.95,0.665,0.73232,-0.19255,0.302316,1.034969,-0.176167,0.12615,99,14,median_in_1cm_longitudinal_by_5cm_center_patch,two_pca_torso_definitions_11_stations_width_height_v1.0,ok
107,409.0,pca_4548,rear_first_below_45pct_to_head_first_below_48pct,1.16,1,0.05,0.064726,-0.411333,0.034667,0.363972,1.113551,-0.19395,0.170022,132,19,median_in_1cm_longitudinal_by_5cm_center_patch,two_pca_torso_definitions_11_stations_width_height_v1.0,ok
107,409.0,pca_4548,rear_first_below_45pct_to_head_first_below_48pct,1.16,2,0.14,0.125908,-0.310274,0.008463,0.431753,1.103252,-0.237931,0.193822,159,21,median_in_1cm_longitudinal_by_5cm_center_patch,two_pca_torso_definitions_11_stations_width_height_v1.0,ok
107,409.0,pca_4548,rear_first_below_45pct_to_head_first_below_48pct,1.16,3,0.23,0.18709,-0.209216,-0.01774,0.447009,1.090343,-0.240299,0.20671,159,18,median_in_1cm_longitudinal_by_5cm_center_patch,two_pca_torso_definitions_11_stations_width_height_v1.0,ok
107,409.0,pca_4548,rear_first_below_45pct_to_head_first_below_48pct,1.16,4,0.32,0.248272,-0.108158,-0.043944,0.503886,1.073197,-0.252667,0.251218,178,18,median_in_1cm_longitudinal_by_5cm_center_patch,two_pca_torso_definitions_11_stations_width_height_v1.0,ok
107,409.0,pca_4548,rear_first_below_45pct_to_head_first_below_48pct,1.16,5,0.41,0.309454,-0.0071,-0.070147,0.565329,1.063984,-0.26956,0.295769,198,18,median_in_1cm_longitudinal_by_5cm_center_patch,two_pca_torso_definitions_11_stations_width_height_v1.0,ok
107,409.0,pca_4548,rear_first_below_45pct_to_head_first_below_48pct,1.16,6,0.5,0.370636,0.093958,-0.09635,0.554124,1.057622,-0.268889,0.285236,192,18,median_in_1cm_longitudinal_by_5cm_center_patch,two_pca_torso_definitions_11_stations_width_height_v1.0,ok
107,409.0,pca_4548,rear_first_below_45pct_to_head_first_below_48pct,1.16,7,0.59,0.431818,0.195016,-0.122554,0.499435,1.043618,-0.242807,0.256628,166,17,median_in_1cm_longitudinal_by_5cm_center_patch,two_pca_torso_definitions_11_stations_width_height_v1.0,ok
107,409.0,pca_4548,rear_first_below_45pct_to_head_first_below_48pct,1.16,8,0.68,0.493,0.296074,-0.148757,0.435136,1.02561,-0.213912,0.221224,142,18,median_in_1cm_longitudinal_by_5cm_center_patch,two_pca_torso_definitions_11_stations_width_height_v1.0,ok
107,409.0,pca_4548,rear_first_below_45pct_to_head_first_below_48pct,1.16,9,0.77,0.554182,0.397132,-0.174961,0.404175,1.007582,-0.206809,0.197367,131,18,median_in_1cm_longitudinal_by_5cm_center_patch,two_pca_torso_definitions_11_stations_width_height_v1.0,ok
107,409.0,pca_4548,rear_first_below_45pct_to_head_first_below_48pct,1.16,10,0.86,0.615364,0.49819,-0.201164,0.369968,0.99165,-0.185125,0.184843,123,18,median_in_1cm_longitudinal_by_5cm_center_patch,two_pca_torso_definitions_11_stations_width_height_v1.0,ok
107,409.0,pca_4548,rear_first_below_45pct_to_head_first_below_48pct,1.16,11,0.95,0.676546,0.599249,-0.227368,0.331208,0.987807,-0.124166,0.207042,103,16,median_in_1cm_longitudinal_by_5cm_center_patch,two_pca_torso_definitions_11_stations_width_height_v1.0,ok
107,409.0,pca_rear70,pca_rear_endpoint_0pct_to_full_length_70pct,1.194469,1,0.05,0.035,-0.460433,0.047398,0.254056,1.085514,-0.150045,0.104011,101,20,median_in_1cm_longitudinal_by_5cm_center_patch,two_pca_torso_definitions_11_stations_width_height_v1.0,ok
107,409.0,pca_rear70,pca_rear_endpoint_0pct_to_full_length_70pct,1.194469,2,0.14,0.098,-0.356372,0.020416,0.407421,1.108008,-0.228278,0.179143,154,20,median_in_1cm_longitudinal_by_5cm_center_patch,two_pca_torso_definitions_11_stations_width_height_v1.0,ok
107,409.0,pca_rear70,pca_rear_endpoint_0pct_to_full_length_70pct,1.194469,3,0.23,0.161,-0.252311,-0.006566,0.456433,1.10065,-0.251277,0.205156,167,19,median_in_1cm_longitudinal_by_5cm_center_patch,two_pca_torso_definitions_11_stations_width_height_v1.0,ok
107,409.0,pca_rear70,pca_rear_endpoint_0pct_to_full_length_70pct,1.194469,4,0.32,0.224,-0.14825,-0.033548,0.481148,1.078533,-0.251001,0.230147,172,19,median_in_1cm_longitudinal_by_5cm_center_patch,two_pca_torso_definitions_11_stations_width_height_v1.0,ok
107,409.0,pca_rear70,pca_rear_endpoint_0pct_to_full_length_70pct,1.194469,5,0.41,0.287,-0.044189,-0.06053,0.538023,1.068136,-0.255751,0.282272,190,17,median_in_1cm_longitudinal_by_5cm_center_patch,two_pca_torso_definitions_11_stations_width_height_v1.0,ok
107,409.0,pca_rear70,pca_rear_endpoint_0pct_to_full_length_70pct,1.194469,6,0.5,0.35,0.059872,-0.087512,0.570263,1.063446,-0.27319,0.297072,196,18,median_in_1cm_longitudinal_by_5cm_center_patch,two_pca_torso_definitions_11_stations_width_height_v1.0,ok
107,409.0,pca_rear70,pca_rear_endpoint_0pct_to_full_length_70pct,1.194469,7,0.59,0.413,0.163933,-0.114494,0.524601,1.049169,-0.263857,0.260744,173,19,median_in_1cm_longitudinal_by_5cm_center_patch,two_pca_torso_definitions_11_stations_width_height_v1.0,ok
107,409.0,pca_rear70,pca_rear_endpoint_0pct_to_full_length_70pct,1.194469,8,0.68,0.476,0.267994,-0.141476,0.45695,1.030145,-0.213041,0.243909,151,18,median_in_1cm_longitudinal_by_5cm_center_patch,two_pca_torso_definitions_11_stations_width_height_v1.0,ok
107,409.0,pca_rear70,pca_rear_endpoint_0pct_to_full_length_70pct,1.194469,9,0.77,0.539,0.372055,-0.168458,0.399247,1.016499,-0.19652,0.202727,131,16,median_in_1cm_longitudinal_by_5cm_center_patch,two_pca_torso_definitions_11_stations_width_height_v1.0,ok
107,409.0,pca_rear70,pca_rear_endpoint_0pct_to_full_length_70pct,1.194469,10,0.86,0.602,0.476116,-0.19544,0.383843,0.9942,-0.191348,0.192494,134,18,median_in_1cm_longitudinal_by_5cm_center_patch,two_pca_torso_definitions_11_stations_width_height_v1.0,ok
107,409.0,pca_rear70,pca_rear_endpoint_0pct_to_full_length_70pct,1.194469,11,0.95,0.665,0.580177,-0.222422,0.346418,0.990223,-0.150302,0.196116,108,16,median_in_1cm_longitudinal_by_5cm_center_patch,two_pca_torso_definitions_11_stations_width_height_v1.0,ok
110,417.0,pca_4548,rear_first_below_45pct_to_head_first_below_48pct,1.09,1,0.05,0.06965,-0.364468,-0.079313,0.308013,1.006328,-0.09688,0.211133,103,17,median_in_1cm_longitudinal_by_5cm_center_patch,two_pca_torso_definitions_11_stations_width_height_v1.0,ok
110,417.0,pca_4548,rear_first_below_45pct_to_head_first_below_48pct,1.09,2,0.14,0.129303,-0.267134,-0.067078,0.377415,1.043527,-0.155336,0.222079,133,18,median_in_1cm_longitudinal_by_5cm_center_patch,two_pca_torso_definitions_11_stations_width_height_v1.0,ok
110,417.0,pca_4548,rear_first_below_45pct_to_head_first_below_48pct,1.09,3,0.23,0.188956,-0.1698,-0.054842,0.401362,1.05537,-0.171092,0.23027,142,16,median_in_1cm_longitudinal_by_5cm_center_patch,two_pca_torso_definitions_11_stations_width_height_v1.0,ok
110,417.0,pca_4548,rear_first_below_45pct_to_head_first_below_48pct,1.09,4,0.32,0.248609,-0.072466,-0.042607,0.47096,1.047848,-0.254586,0.216374,160,19,median_in_1cm_longitudinal_by_5cm_center_patch,two_pca_torso_definitions_11_stations_width_height_v1.0,ok
110,417.0,pca_4548,rear_first_below_45pct_to_head_first_below_48pct,1.09,5,0.41,0.308262,0.024868,-0.030372,0.506066,1.043351,-0.283465,0.222601,170,17,median_in_1cm_longitudinal_by_5cm_center_patch,two_pca_torso_definitions_11_stations_width_height_v1.0,ok
110,417.0,pca_4548,rear_first_below_45pct_to_head_first_below_48pct,1.09,6,0.5,0.367915,0.122202,-0.018137,0.506802,1.029046,-0.281506,0.225296,167,17,median_in_1cm_longitudinal_by_5cm_center_patch,two_pca_torso_definitions_11_stations_width_height_v1.0,ok
110,417.0,pca_4548,rear_first_below_45pct_to_head_first_below_48pct,1.09,7,0.59,0.427568,0.219537,-0.005902,0.449472,1.012568,-0.25991,0.189562,142,19,median_in_1cm_longitudinal_by_5cm_center_patch,two_pca_torso_definitions_11_stations_width_height_v1.0,ok
110,417.0,pca_4548,rear_first_below_45pct_to_head_first_below_48pct,1.09,8,0.68,0.487221,0.316871,0.006333,0.377317,0.997593,-0.230168,0.147149,122,17,median_in_1cm_longitudinal_by_5cm_center_patch,two_pca_torso_definitions_11_stations_width_height_v1.0,ok
110,417.0,pca_4548,rear_first_below_45pct_to_head_first_below_48pct,1.09,9,0.77,0.546874,0.414205,0.018568,0.333131,0.970807,-0.199174,0.133956,108,15,median_in_1cm_longitudinal_by_5cm_center_patch,two_pca_torso_definitions_11_stations_width_height_v1.0,ok
110,417.0,pca_4548,rear_first_below_45pct_to_head_first_below_48pct,1.09,10,0.86,0.606528,0.511539,0.030804,0.317779,0.969851,-0.200801,0.116978,101,17,median_in_1cm_longitudinal_by_5cm_center_patch,two_pca_torso_definitions_11_stations_width_height_v1.0,ok
110,417.0,pca_4548,rear_first_below_45pct_to_head_first_below_48pct,1.09,11,0.95,0.666181,0.608873,0.043039,0.292678,0.949354,-0.21024,0.082438,100,16,median_in_1cm_longitudinal_by_5cm_center_patch,two_pca_torso_definitions_11_stations_width_height_v1.0,ok
110,417.0,pca_rear70,pca_rear_endpoint_0pct_to_full_length_70pct,1.151156,1,0.05,0.035,-0.421005,-0.08642,0.207115,0.97678,-0.046293,0.160821,74,15,median_in_1cm_longitudinal_by_5cm_center_patch,two_pca_torso_definitions_11_stations_width_height_v1.0,ok
110,417.0,pca_rear70,pca_rear_endpoint_0pct_to_full_length_70pct,1.151156,2,0.14,0.098,-0.318209,-0.073499,0.347282,1.028798,-0.125854,0.221427,121,17,median_in_1cm_longitudinal_by_5cm_center_patch,two_pca_torso_definitions_11_stations_width_height_v1.0,ok
110,417.0,pca_rear70,pca_rear_endpoint_0pct_to_full_length_70pct,1.151156,3,0.23,0.161,-0.215414,-0.060577,0.387327,1.052339,-0.16057,0.226757,133,16,median_in_1cm_longitudinal_by_5cm_center_patch,two_pca_torso_definitions_11_stations_width_height_v1.0,ok
110,417.0,pca_rear70,pca_rear_endpoint_0pct_to_full_length_70pct,1.151156,4,0.32,0.224,-0.112619,-0.047655,0.439331,1.052476,-0.215181,0.224151,148,19,median_in_1cm_longitudinal_by_5cm_center_patch,two_pca_torso_definitions_11_stations_width_height_v1.0,ok
110,417.0,pca_rear70,pca_rear_endpoint_0pct_to_full_length_70pct,1.151156,5,0.41,0.287,-0.009824,-0.034734,0.491543,1.045265,-0.269484,0.222059,167,17,median_in_1cm_longitudinal_by_5cm_center_patch,two_pca_torso_definitions_11_stations_width_height_v1.0,ok
110,417.0,pca_rear70,pca_rear_endpoint_0pct_to_full_length_70pct,1.151156,6,0.5,0.35,0.092971,-0.021812,0.511686,1.035196,-0.28188,0.229806,167,19,median_in_1cm_longitudinal_by_5cm_center_patch,two_pca_torso_definitions_11_stations_width_height_v1.0,ok
110,417.0,pca_rear70,pca_rear_endpoint_0pct_to_full_length_70pct,1.151156,7,0.59,0.413,0.195766,-0.00889,0.457231,1.014493,-0.256911,0.20032,144,16,median_in_1cm_longitudinal_by_5cm_center_patch,two_pca_torso_definitions_11_stations_width_height_v1.0,ok
110,417.0,pca_rear70,pca_rear_endpoint_0pct_to_full_length_70pct,1.151156,8,0.68,0.476,0.298561,0.004031,0.403588,0.99811,-0.24365,0.159938,123,19,median_in_1cm_longitudinal_by_5cm_center_patch,two_pca_torso_definitions_11_stations_width_height_v1.0,ok
110,417.0,pca_rear70,pca_rear_endpoint_0pct_to_full_length_70pct,1.151156,9,0.77,0.539,0.401356,0.016953,0.324561,0.973004,-0.190494,0.134067,107,17,median_in_1cm_longitudinal_by_5cm_center_patch,two_pca_torso_definitions_11_stations_width_height_v1.0,ok
110,417.0,pca_rear70,pca_rear_endpoint_0pct_to_full_length_70pct,1.151156,10,0.86,0.602,0.504151,0.029875,0.317169,0.969287,-0.198944,0.118224,104,19,median_in_1cm_longitudinal_by_5cm_center_patch,two_pca_torso_definitions_11_stations_width_height_v1.0,ok
110,417.0,pca_rear70,pca_rear_endpoint_0pct_to_full_length_70pct,1.151156,11,0.95,0.665,0.606947,0.042796,0.295666,0.948733,-0.211526,0.08414,90,15,median_in_1cm_longitudinal_by_5cm_center_patch,two_pca_torso_definitions_11_stations_width_height_v1.0,ok
111,243.0,pca_4548,rear_first_below_45pct_to_head_first_below_48pct,1.29,1,0.05,0.032631,-0.298967,0.298055,0.396471,1.174683,-0.233402,0.163068,125,20,median_in_1cm_longitudinal_by_5cm_center_patch,two_pca_torso_definitions_11_stations_width_height_v1.0,ok
111,243.0,pca_4548,rear_first_below_45pct_to_head_first_below_48pct,1.29,2,0.14,0.096587,-0.189422,0.259598,0.446915,1.185452,-0.236583,0.210332,174,19,median_in_1cm_longitudinal_by_5cm_center_patch,two_pca_torso_definitions_11_stations_width_height_v1.0,ok
111,243.0,pca_4548,rear_first_below_45pct_to_head_first_below_48pct,1.29,3,0.23,0.160544,-0.079876,0.22114,0.465519,1.184753,-0.21145,0.254069,185,22,median_in_1cm_longitudinal_by_5cm_center_patch,two_pca_torso_definitions_11_stations_width_height_v1.0,ok
111,243.0,pca_4548,rear_first_below_45pct_to_head_first_below_48pct,1.29,4,0.32,0.224501,0.02967,0.182683,0.457412,1.16798,-0.207765,0.249647,183,21,median_in_1cm_longitudinal_by_5cm_center_patch,two_pca_torso_definitions_11_stations_width_height_v1.0,ok
111,243.0,pca_4548,rear_first_below_45pct_to_head_first_below_48pct,1.29,5,0.41,0.288457,0.139215,0.144226,0.554755,1.170023,-0.276431,0.278324,205,22,median_in_1cm_longitudinal_by_5cm_center_patch,two_pca_torso_definitions_11_stations_width_height_v1.0,ok
111,243.0,pca_4548,rear_first_below_45pct_to_head_first_below_48pct,1.29,6,0.5,0.352414,0.248761,0.105769,0.587392,1.175824,-0.295055,0.292338,221,21,median_in_1cm_longitudinal_by_5cm_center_patch,two_pca_torso_definitions_11_stations_width_height_v1.0,ok
111,243.0,pca_4548,rear_first_below_45pct_to_head_first_below_48pct,1.29,7,0.59,0.416371,0.358307,0.067311,0.548107,1.16935,-0.265332,0.282776,212,20,median_in_1cm_longitudinal_by_5cm_center_patch,two_pca_torso_definitions_11_stations_width_height_v1.0,ok
111,243.0,pca_4548,rear_first_below_45pct_to_head_first_below_48pct,1.29,8,0.68,0.480328,0.467852,0.028854,0.484152,1.162627,-0.217816,0.266336,181,22,median_in_1cm_longitudinal_by_5cm_center_patch,two_pca_torso_definitions_11_stations_width_height_v1.0,ok
111,243.0,pca_4548,rear_first_below_45pct_to_head_first_below_48pct,1.29,9,0.77,0.544284,0.577398,-0.009603,0.412525,1.155874,-0.176551,0.235974,160,21,median_in_1cm_longitudinal_by_5cm_center_patch,two_pca_torso_definitions_11_stations_width_height_v1.0,ok
111,243.0,pca_4548,rear_first_below_45pct_to_head_first_below_48pct,1.29,10,0.86,0.608241,0.686944,-0.048061,0.408583,1.155671,-0.175283,0.233299,154,22,median_in_1cm_longitudinal_by_5cm_center_patch,two_pca_torso_definitions_11_stations_width_height_v1.0,ok
111,243.0,pca_4548,rear_first_below_45pct_to_head_first_below_48pct,1.29,11,0.95,0.672198,0.796489,-0.086518,0.337161,1.142,-0.135716,0.201446,110,19,median_in_1cm_longitudinal_by_5cm_center_patch,two_pca_torso_definitions_11_stations_width_height_v1.0,ok
111,243.0,pca_rear70,pca_rear_endpoint_0pct_to_full_length_70pct,1.270703,1,0.05,0.035,-0.294909,0.29663,0.40218,1.176835,-0.241298,0.160881,123,20,median_in_1cm_longitudinal_by_5cm_center_patch,two_pca_torso_definitions_11_stations_width_height_v1.0,ok
111,243.0,pca_rear70,pca_rear_endpoint_0pct_to_full_length_70pct,1.270703,2,0.14,0.098,-0.187002,0.258748,0.447639,1.18644,-0.235188,0.212451,161,19,median_in_1cm_longitudinal_by_5cm_center_patch,two_pca_torso_definitions_11_stations_width_height_v1.0,ok
111,243.0,pca_rear70,pca_rear_endpoint_0pct_to_full_length_70pct,1.270703,3,0.23,0.161,-0.079095,0.220866,0.469928,1.184194,-0.211584,0.258345,183,21,median_in_1cm_longitudinal_by_5cm_center_patch,two_pca_torso_definitions_11_stations_width_height_v1.0,ok
111,243.0,pca_rear70,pca_rear_endpoint_0pct_to_full_length_70pct,1.270703,4,0.32,0.224,0.028812,0.182984,0.462818,1.167933,-0.20505,0.257769,180,21,median_in_1cm_longitudinal_by_5cm_center_patch,two_pca_torso_definitions_11_stations_width_height_v1.0,ok
111,243.0,pca_rear70,pca_rear_endpoint_0pct_to_full_length_70pct,1.270703,5,0.41,0.287,0.136719,0.145102,0.556586,1.168465,-0.278471,0.278115,212,21,median_in_1cm_longitudinal_by_5cm_center_patch,two_pca_torso_definitions_11_stations_width_height_v1.0,ok
111,243.0,pca_rear70,pca_rear_endpoint_0pct_to_full_length_70pct,1.270703,6,0.5,0.35,0.244626,0.107221,0.592109,1.175067,-0.294344,0.297765,223,22,median_in_1cm_longitudinal_by_5cm_center_patch,two_pca_torso_definitions_11_stations_width_height_v1.0,ok
111,243.0,pca_rear70,pca_rear_endpoint_0pct_to_full_length_70pct,1.270703,7,0.59,0.413,0.352533,0.069339,0.560178,1.170986,-0.267278,0.292901,211,23,median_in_1cm_longitudinal_by_5cm_center_patch,two_pca_torso_definitions_11_stations_width_height_v1.0,ok
111,243.0,pca_rear70,pca_rear_endpoint_0pct_to_full_length_70pct,1.270703,8,0.68,0.476,0.46044,0.031457,0.496189,1.165366,-0.222021,0.274168,187,22,median_in_1cm_longitudinal_by_5cm_center_patch,two_pca_torso_definitions_11_stations_width_height_v1.0,ok
111,243.0,pca_rear70,pca_rear_endpoint_0pct_to_full_length_70pct,1.270703,9,0.77,0.539,0.568347,-0.006425,0.406037,1.156606,-0.175791,0.230246,156,22,median_in_1cm_longitudinal_by_5cm_center_patch,two_pca_torso_definitions_11_stations_width_height_v1.0,ok
111,243.0,pca_rear70,pca_rear_endpoint_0pct_to_full_length_70pct,1.270703,10,0.86,0.602,0.676254,-0.044307,0.398593,1.156733,-0.175231,0.223362,168,24,median_in_1cm_longitudinal_by_5cm_center_patch,two_pca_torso_definitions_11_stations_width_height_v1.0,ok
111,243.0,pca_rear70,pca_rear_endpoint_0pct_to_full_length_70pct,1.270703,11,0.95,0.665,0.784161,-0.082189,0.36367,1.146303,-0.14369,0.21998,114,15,median_in_1cm_longitudinal_by_5cm_center_patch,two_pca_torso_definitions_11_stations_width_height_v1.0,ok
112,399.0,pca_4548,rear_first_below_45pct_to_head_first_below_48pct,1.550001,1,0.05,0.047716,-0.465583,-0.113364,0.382267,1.227394,-0.185657,0.19661,132,19,median_in_1cm_longitudinal_by_5cm_center_patch,two_pca_torso_definitions_11_stations_width_height_v1.0,ok
112,399.0,pca_4548,rear_first_below_45pct_to_head_first_below_48pct,1.550001,2,0.14,0.122015,-0.326446,-0.123412,0.477947,1.229807,-0.229921,0.248026,191,18,median_in_1cm_longitudinal_by_5cm_center_patch,two_pca_torso_definitions_11_stations_width_height_v1.0,ok
112,399.0,pca_4548,rear_first_below_45pct_to_head_first_below_48pct,1.550001,3,0.23,0.196313,-0.187308,-0.133461,0.503534,1.220164,-0.24161,0.261924,213,20,median_in_1cm_longitudinal_by_5cm_center_patch,two_pca_torso_definitions_11_stations_width_height_v1.0,ok
112,399.0,pca_4548,rear_first_below_45pct_to_head_first_below_48pct,1.550001,4,0.32,0.270612,-0.04817,-0.14351,0.538902,1.21879,-0.299214,0.239688,224,21,median_in_1cm_longitudinal_by_5cm_center_patch,two_pca_torso_definitions_11_stations_width_height_v1.0,ok
112,399.0,pca_4548,rear_first_below_45pct_to_head_first_below_48pct,1.550001,5,0.41,0.344911,0.090967,-0.153559,0.605809,1.217534,-0.327432,0.278377,242,22,median_in_1cm_longitudinal_by_5cm_center_patch,two_pca_torso_definitions_11_stations_width_height_v1.0,ok
112,399.0,pca_4548,rear_first_below_45pct_to_head_first_below_48pct,1.550001,6,0.5,0.41921,0.230105,-0.163607,0.557654,1.211322,-0.290276,0.267379,227,24,median_in_1cm_longitudinal_by_5cm_center_patch,two_pca_torso_definitions_11_stations_width_height_v1.0,ok
112,399.0,pca_4548,rear_first_below_45pct_to_head_first_below_48pct,1.550001,7,0.59,0.493508,0.369243,-0.173656,0.468213,1.218289,-0.247128,0.221085,184,22,median_in_1cm_longitudinal_by_5cm_center_patch,two_pca_torso_definitions_11_stations_width_height_v1.0,ok
112,399.0,pca_4548,rear_first_below_45pct_to_head_first_below_48pct,1.550001,8,0.68,0.567807,0.50838,-0.183705,0.460691,1.204208,-0.246967,0.213724,188,22,median_in_1cm_longitudinal_by_5cm_center_patch,two_pca_torso_definitions_11_stations_width_height_v1.0,ok
112,399.0,pca_4548,rear_first_below_45pct_to_head_first_below_48pct,1.550001,9,0.77,0.642106,0.647518,-0.193754,0.479875,1.185217,-0.233076,0.2468,181,24,median_in_1cm_longitudinal_by_5cm_center_patch,two_pca_torso_definitions_11_stations_width_height_v1.0,ok
112,399.0,pca_4548,rear_first_below_45pct_to_head_first_below_48pct,1.550001,10,0.86,0.716404,0.786656,-0.203803,0.374245,1.147137,-0.15061,0.223634,147,21,median_in_1cm_longitudinal_by_5cm_center_patch,two_pca_torso_definitions_11_stations_width_height_v1.0,ok
112,399.0,pca_4548,rear_first_below_45pct_to_head_first_below_48pct,1.550001,11,0.95,0.790703,0.925793,-0.213851,0.294228,1.101911,-0.145343,0.148886,85,12,median_in_1cm_longitudinal_by_5cm_center_patch,two_pca_torso_definitions_11_stations_width_height_v1.0,ok
112,399.0,pca_rear70,pca_rear_endpoint_0pct_to_full_length_70pct,1.314289,1,0.05,0.035,-0.489396,-0.111644,0.333549,1.227805,-0.162853,0.170696,118,21,median_in_1cm_longitudinal_by_5cm_center_patch,two_pca_torso_definitions_11_stations_width_height_v1.0,ok
112,399.0,pca_rear70,pca_rear_endpoint_0pct_to_full_length_70pct,1.314289,2,0.14,0.098,-0.371417,-0.120164,0.472472,1.230518,-0.222154,0.250318,187,20,median_in_1cm_longitudinal_by_5cm_center_patch,two_pca_torso_definitions_11_stations_width_height_v1.0,ok
112,399.0,pca_rear70,pca_rear_endpoint_0pct_to_full_length_70pct,1.314289,3,0.23,0.161,-0.253439,-0.128685,0.50635,1.225015,-0.240853,0.265497,209,21,median_in_1cm_longitudinal_by_5cm_center_patch,two_pca_torso_definitions_11_stations_width_height_v1.0,ok
112,399.0,pca_rear70,pca_rear_endpoint_0pct_to_full_length_70pct,1.314289,4,0.32,0.224,-0.13546,-0.137206,0.499859,1.220515,-0.249358,0.250501,219,25,median_in_1cm_longitudinal_by_5cm_center_patch,two_pca_torso_definitions_11_stations_width_height_v1.0,ok
112,399.0,pca_rear70,pca_rear_endpoint_0pct_to_full_length_70pct,1.314289,5,0.41,0.287,-0.017481,-0.145726,0.55914,1.217277,-0.307729,0.251411,233,23,median_in_1cm_longitudinal_by_5cm_center_patch,two_pca_torso_definitions_11_stations_width_height_v1.0,ok
112,399.0,pca_rear70,pca_rear_endpoint_0pct_to_full_length_70pct,1.314289,6,0.5,0.35,0.100497,-0.154247,0.600475,1.217658,-0.322277,0.278198,246,23,median_in_1cm_longitudinal_by_5cm_center_patch,two_pca_torso_definitions_11_stations_width_height_v1.0,ok
112,399.0,pca_rear70,pca_rear_endpoint_0pct_to_full_length_70pct,1.314289,7,0.59,0.413,0.218476,-0.162768,0.56671,1.209076,-0.30895,0.25776,232,20,median_in_1cm_longitudinal_by_5cm_center_patch,two_pca_torso_definitions_11_stations_width_height_v1.0,ok
112,399.0,pca_rear70,pca_rear_endpoint_0pct_to_full_length_70pct,1.314289,8,0.68,0.476,0.336455,-0.171288,0.497462,1.218392,-0.263853,0.233609,203,22,median_in_1cm_longitudinal_by_5cm_center_patch,two_pca_torso_definitions_11_stations_width_height_v1.0,ok
112,399.0,pca_rear70,pca_rear_endpoint_0pct_to_full_length_70pct,1.314289,9,0.77,0.539,0.454434,-0.179809,0.44002,1.210125,-0.224429,0.215591,171,20,median_in_1cm_longitudinal_by_5cm_center_patch,two_pca_torso_definitions_11_stations_width_height_v1.0,ok
112,399.0,pca_rear70,pca_rear_endpoint_0pct_to_full_length_70pct,1.314289,10,0.86,0.602,0.572412,-0.18833,0.501074,1.194621,-0.258734,0.242341,202,21,median_in_1cm_longitudinal_by_5cm_center_patch,two_pca_torso_definitions_11_stations_width_height_v1.0,ok
112,399.0,pca_rear70,pca_rear_endpoint_0pct_to_full_length_70pct,1.314289,11,0.95,0.665,0.690391,-0.19685,0.443856,1.17847,-0.199507,0.244349,156,19,median_in_1cm_longitudinal_by_5cm_center_patch,two_pca_torso_definitions_11_stations_width_height_v1.0,ok
114,605.0,pca_4548,rear_first_below_45pct_to_head_first_below_48pct,1.380001,1,0.05,0.04477,-0.372754,-0.092866,0.357345,1.234113,-0.207407,0.149937,132,22,median_in_1cm_longitudinal_by_5cm_center_patch,two_pca_torso_definitions_11_stations_width_height_v1.0,ok
114,605.0,pca_4548,rear_first_below_45pct_to_head_first_below_48pct,1.380001,2,0.14,0.111638,-0.249272,-0.106202,0.477538,1.230425,-0.262732,0.214806,200,22,median_in_1cm_longitudinal_by_5cm_center_patch,two_pca_torso_definitions_11_stations_width_height_v1.0,ok
114,605.0,pca_4548,rear_first_below_45pct_to_head_first_below_48pct,1.380001,3,0.23,0.178505,-0.12579,-0.119538,0.504462,1.237462,-0.265402,0.23906,215,22,median_in_1cm_longitudinal_by_5cm_center_patch,two_pca_torso_definitions_11_stations_width_height_v1.0,ok
114,605.0,pca_4548,rear_first_below_45pct_to_head_first_below_48pct,1.380001,4,0.32,0.245372,-0.002308,-0.132874,0.530467,1.223769,-0.276193,0.254274,221,21,median_in_1cm_longitudinal_by_5cm_center_patch,two_pca_torso_definitions_11_stations_width_height_v1.0,ok
114,605.0,pca_4548,rear_first_below_45pct_to_head_first_below_48pct,1.380001,5,0.41,0.31224,0.121174,-0.14621,0.556592,1.224534,-0.275656,0.280936,229,21,median_in_1cm_longitudinal_by_5cm_center_patch,two_pca_torso_definitions_11_stations_width_height_v1.0,ok
114,605.0,pca_4548,rear_first_below_45pct_to_head_first_below_48pct,1.380001,6,0.5,0.379107,0.244656,-0.159546,0.580509,1.219355,-0.284821,0.295687,231,23,median_in_1cm_longitudinal_by_5cm_center_patch,two_pca_torso_definitions_11_stations_width_height_v1.0,ok
114,605.0,pca_4548,rear_first_below_45pct_to_head_first_below_48pct,1.380001,7,0.59,0.445975,0.368138,-0.172883,0.524779,1.202874,-0.245664,0.279115,205,21,median_in_1cm_longitudinal_by_5cm_center_patch,two_pca_torso_definitions_11_stations_width_height_v1.0,ok
114,605.0,pca_4548,rear_first_below_45pct_to_head_first_below_48pct,1.380001,8,0.68,0.512842,0.49162,-0.186219,0.464934,1.18859,-0.224432,0.240503,175,21,median_in_1cm_longitudinal_by_5cm_center_patch,two_pca_torso_definitions_11_stations_width_height_v1.0,ok
114,605.0,pca_4548,rear_first_below_45pct_to_head_first_below_48pct,1.380001,9,0.77,0.579709,0.615102,-0.199555,0.465041,1.16589,-0.254732,0.210309,183,21,median_in_1cm_longitudinal_by_5cm_center_patch,two_pca_torso_definitions_11_stations_width_height_v1.0,ok
114,605.0,pca_4548,rear_first_below_45pct_to_head_first_below_48pct,1.380001,10,0.86,0.646577,0.738584,-0.212891,0.469964,1.148476,-0.22609,0.243874,153,19,median_in_1cm_longitudinal_by_5cm_center_patch,two_pca_torso_definitions_11_stations_width_height_v1.0,ok
114,605.0,pca_4548,rear_first_below_45pct_to_head_first_below_48pct,1.380001,11,0.95,0.713444,0.862066,-0.226227,0.366732,1.119334,-0.160381,0.20635,120,16,median_in_1cm_longitudinal_by_5cm_center_patch,two_pca_torso_definitions_11_stations_width_height_v1.0,ok
114,605.0,pca_rear70,pca_rear_endpoint_0pct_to_full_length_70pct,1.300186,1,0.05,0.035,-0.390797,-0.090917,0.337208,1.231009,-0.196271,0.140937,125,19,median_in_1cm_longitudinal_by_5cm_center_patch,two_pca_torso_definitions_11_stations_width_height_v1.0,ok
114,605.0,pca_rear70,pca_rear_endpoint_0pct_to_full_length_70pct,1.300186,2,0.14,0.098,-0.274456,-0.103482,0.463432,1.22734,-0.265732,0.1977,181,23,median_in_1cm_longitudinal_by_5cm_center_patch,two_pca_torso_definitions_11_stations_width_height_v1.0,ok
114,605.0,pca_rear70,pca_rear_endpoint_0pct_to_full_length_70pct,1.300186,3,0.23,0.161,-0.158116,-0.116047,0.513509,1.238924,-0.275588,0.23792,208,24,median_in_1cm_longitudinal_by_5cm_center_patch,two_pca_torso_definitions_11_stations_width_height_v1.0,ok
114,605.0,pca_rear70,pca_rear_endpoint_0pct_to_full_length_70pct,1.300186,4,0.32,0.224,-0.041776,-0.128612,0.528244,1.224439,-0.283709,0.244535,220,21,median_in_1cm_longitudinal_by_5cm_center_patch,two_pca_torso_definitions_11_stations_width_height_v1.0,ok
114,605.0,pca_rear70,pca_rear_endpoint_0pct_to_full_length_70pct,1.300186,5,0.41,0.287,0.074564,-0.141177,0.549539,1.223325,-0.269952,0.279587,228,24,median_in_1cm_longitudinal_by_5cm_center_patch,two_pca_torso_definitions_11_stations_width_height_v1.0,ok
114,605.0,pca_rear70,pca_rear_endpoint_0pct_to_full_length_70pct,1.300186,6,0.5,0.35,0.190904,-0.153741,0.574396,1.222118,-0.282294,0.292102,240,24,median_in_1cm_longitudinal_by_5cm_center_patch,two_pca_torso_definitions_11_stations_width_height_v1.0,ok
114,605.0,pca_rear70,pca_rear_endpoint_0pct_to_full_length_70pct,1.300186,7,0.59,0.413,0.307245,-0.166306,0.553209,1.211943,-0.264322,0.288888,223,23,median_in_1cm_longitudinal_by_5cm_center_patch,two_pca_torso_definitions_11_stations_width_height_v1.0,ok
114,605.0,pca_rear70,pca_rear_endpoint_0pct_to_full_length_70pct,1.300186,8,0.68,0.476,0.423585,-0.178871,0.506812,1.197913,-0.239025,0.267787,198,22,median_in_1cm_longitudinal_by_5cm_center_patch,two_pca_torso_definitions_11_stations_width_height_v1.0,ok
114,605.0,pca_rear70,pca_rear_endpoint_0pct_to_full_length_70pct,1.300186,9,0.77,0.539,0.539925,-0.191436,0.480328,1.176498,-0.252984,0.227343,167,20,median_in_1cm_longitudinal_by_5cm_center_patch,two_pca_torso_definitions_11_stations_width_height_v1.0,ok
114,605.0,pca_rear70,pca_rear_endpoint_0pct_to_full_length_70pct,1.300186,10,0.86,0.602,0.656265,-0.204001,0.481922,1.160658,-0.258154,0.223769,187,19,median_in_1cm_longitudinal_by_5cm_center_patch,two_pca_torso_definitions_11_stations_width_height_v1.0,ok
114,605.0,pca_rear70,pca_rear_endpoint_0pct_to_full_length_70pct,1.300186,11,0.95,0.665,0.772606,-0.216566,0.44019,1.145147,-0.204668,0.235522,160,20,median_in_1cm_longitudinal_by_5cm_center_patch,two_pca_torso_definitions_11_stations_width_height_v1.0,ok
117,399.0,pca_4548,rear_first_below_45pct_to_head_first_below_48pct,1.38,1,0.05,0.037753,-0.714383,0.018819,0.392608,1.182976,-0.168431,0.224177,121,15,median_in_1cm_longitudinal_by_5cm_center_patch,two_pca_torso_definitions_11_stations_width_height_v1.0,ok
117,399.0,pca_4548,rear_first_below_45pct_to_head_first_below_48pct,1.38,2,0.14,0.103518,-0.590405,0.02624,0.458733,1.216676,-0.177574,0.281159,157,22,median_in_1cm_longitudinal_by_5cm_center_patch,two_pca_torso_definitions_11_stations_width_height_v1.0,ok
117,399.0,pca_4548,rear_first_below_45pct_to_head_first_below_48pct,1.38,3,0.23,0.169283,-0.466427,0.033661,0.505345,1.223947,-0.221092,0.284253,197,20,median_in_1cm_longitudinal_by_5cm_center_patch,two_pca_torso_definitions_11_stations_width_height_v1.0,ok
117,399.0,pca_4548,rear_first_below_45pct_to_head_first_below_48pct,1.38,4,0.32,0.235048,-0.342449,0.041083,0.518802,1.223852,-0.25783,0.260972,218,22,median_in_1cm_longitudinal_by_5cm_center_patch,two_pca_torso_definitions_11_stations_width_height_v1.0,ok
117,399.0,pca_4548,rear_first_below_45pct_to_head_first_below_48pct,1.38,5,0.41,0.300813,-0.218471,0.048504,0.57554,1.221651,-0.306336,0.269203,233,20,median_in_1cm_longitudinal_by_5cm_center_patch,two_pca_torso_definitions_11_stations_width_height_v1.0,ok
117,399.0,pca_4548,rear_first_below_45pct_to_head_first_below_48pct,1.38,6,0.5,0.366578,-0.094493,0.055925,0.590009,1.21414,-0.327826,0.262183,236,24,median_in_1cm_longitudinal_by_5cm_center_patch,two_pca_torso_definitions_11_stations_width_height_v1.0,ok
117,399.0,pca_4548,rear_first_below_45pct_to_head_first_below_48pct,1.38,7,0.59,0.432343,0.029485,0.063346,0.519355,1.205153,-0.292393,0.226962,205,21,median_in_1cm_longitudinal_by_5cm_center_patch,two_pca_torso_definitions_11_stations_width_height_v1.0,ok
117,399.0,pca_4548,rear_first_below_45pct_to_head_first_below_48pct,1.38,8,0.68,0.498108,0.153463,0.070767,0.460472,1.201426,-0.256466,0.204006,177,22,median_in_1cm_longitudinal_by_5cm_center_patch,two_pca_torso_definitions_11_stations_width_height_v1.0,ok
117,399.0,pca_4548,rear_first_below_45pct_to_head_first_below_48pct,1.38,9,0.77,0.563873,0.277441,0.078189,0.429631,1.19029,-0.225744,0.203887,166,20,median_in_1cm_longitudinal_by_5cm_center_patch,two_pca_torso_definitions_11_stations_width_height_v1.0,ok
117,399.0,pca_4548,rear_first_below_45pct_to_head_first_below_48pct,1.38,10,0.86,0.629638,0.401419,0.08561,0.455639,1.175241,-0.236498,0.219141,166,22,median_in_1cm_longitudinal_by_5cm_center_patch,two_pca_torso_definitions_11_stations_width_height_v1.0,ok
117,399.0,pca_4548,rear_first_below_45pct_to_head_first_below_48pct,1.38,11,0.95,0.695403,0.525397,0.093031,0.421897,1.145463,-0.197701,0.224195,133,20,median_in_1cm_longitudinal_by_5cm_center_patch,two_pca_torso_definitions_11_stations_width_height_v1.0,ok
117,399.0,pca_rear70,pca_rear_endpoint_0pct_to_full_length_70pct,1.32198,1,0.05,0.035,-0.719573,0.018509,0.393275,1.182293,-0.181498,0.211776,118,10,median_in_1cm_longitudinal_by_5cm_center_patch,two_pca_torso_definitions_11_stations_width_height_v1.0,ok
117,399.0,pca_rear70,pca_rear_endpoint_0pct_to_full_length_70pct,1.32198,2,0.14,0.098,-0.600807,0.025618,0.424504,1.217908,-0.161045,0.263459,157,22,median_in_1cm_longitudinal_by_5cm_center_patch,two_pca_torso_definitions_11_stations_width_height_v1.0,ok
117,399.0,pca_rear70,pca_rear_endpoint_0pct_to_full_length_70pct,1.32198,3,0.23,0.161,-0.482042,0.032727,0.496994,1.225487,-0.226191,0.270802,202,21,median_in_1cm_longitudinal_by_5cm_center_patch,two_pca_torso_definitions_11_stations_width_height_v1.0,ok
117,399.0,pca_rear70,pca_rear_endpoint_0pct_to_full_length_70pct,1.32198,4,0.32,0.224,-0.363276,0.039836,0.501145,1.223083,-0.233514,0.267631,222,24,median_in_1cm_longitudinal_by_5cm_center_patch,two_pca_torso_definitions_11_stations_width_height_v1.0,ok
117,399.0,pca_rear70,pca_rear_endpoint_0pct_to_full_length_70pct,1.32198,5,0.41,0.287,-0.244511,0.046945,0.563184,1.224073,-0.301657,0.261527,239,23,median_in_1cm_longitudinal_by_5cm_center_patch,two_pca_torso_definitions_11_stations_width_height_v1.0,ok
117,399.0,pca_rear70,pca_rear_endpoint_0pct_to_full_length_70pct,1.32198,6,0.5,0.35,-0.125745,0.054054,0.593785,1.220348,-0.327418,0.266367,235,20,median_in_1cm_longitudinal_by_5cm_center_patch,two_pca_torso_definitions_11_stations_width_height_v1.0,ok
117,399.0,pca_rear70,pca_rear_endpoint_0pct_to_full_length_70pct,1.32198,7,0.59,0.413,-0.006979,0.061164,0.549308,1.206495,-0.307789,0.24152,214,22,median_in_1cm_longitudinal_by_5cm_center_patch,two_pca_torso_definitions_11_stations_width_height_v1.0,ok
117,399.0,pca_rear70,pca_rear_endpoint_0pct_to_full_length_70pct,1.32198,8,0.68,0.476,0.111786,0.068273,0.487046,1.204188,-0.272393,0.214653,188,22,median_in_1cm_longitudinal_by_5cm_center_patch,two_pca_torso_definitions_11_stations_width_height_v1.0,ok
117,399.0,pca_rear70,pca_rear_endpoint_0pct_to_full_length_70pct,1.32198,9,0.77,0.539,0.230552,0.075382,0.432949,1.194898,-0.231909,0.20104,170,24,median_in_1cm_longitudinal_by_5cm_center_patch,two_pca_torso_definitions_11_stations_width_height_v1.0,ok
117,399.0,pca_rear70,pca_rear_endpoint_0pct_to_full_length_70pct,1.32198,10,0.86,0.602,0.349317,0.082491,0.443831,1.182167,-0.231276,0.212556,178,24,median_in_1cm_longitudinal_by_5cm_center_patch,two_pca_torso_definitions_11_stations_width_height_v1.0,ok
117,399.0,pca_rear70,pca_rear_endpoint_0pct_to_full_length_70pct,1.32198,11,0.95,0.665,0.468083,0.0896,0.437513,1.163134,-0.222868,0.214645,150,19,median_in_1cm_longitudinal_by_5cm_center_patch,two_pca_torso_definitions_11_stations_width_height_v1.0,ok
119,495.0,pca_4548,rear_first_below_45pct_to_head_first_below_48pct,1.43,1,0.05,0.037186,-0.665752,0.065608,0.372982,1.187504,-0.195327,0.177655,118,21,median_in_1cm_longitudinal_by_5cm_center_patch,two_pca_torso_definitions_11_stations_width_height_v1.0,ok
119,495.0,pca_4548,rear_first_below_45pct_to_head_first_below_48pct,1.43,2,0.14,0.103499,-0.538063,0.049508,0.45674,1.209605,-0.205415,0.251325,148,20,median_in_1cm_longitudinal_by_5cm_center_patch,two_pca_torso_definitions_11_stations_width_height_v1.0,ok
119,495.0,pca_4548,rear_first_below_45pct_to_head_first_below_48pct,1.43,3,0.23,0.169812,-0.410374,0.033408,0.485196,1.222673,-0.225756,0.25944,203,23,median_in_1cm_longitudinal_by_5cm_center_patch,two_pca_torso_definitions_11_stations_width_height_v1.0,ok
119,495.0,pca_4548,rear_first_below_45pct_to_head_first_below_48pct,1.43,4,0.32,0.236126,-0.282685,0.017307,0.519518,1.216988,-0.256514,0.263003,218,22,median_in_1cm_longitudinal_by_5cm_center_patch,two_pca_torso_definitions_11_stations_width_height_v1.0,ok
119,495.0,pca_4548,rear_first_below_45pct_to_head_first_below_48pct,1.43,5,0.41,0.302439,-0.154996,0.001207,0.563076,1.222189,-0.296049,0.267027,227,21,median_in_1cm_longitudinal_by_5cm_center_patch,two_pca_torso_definitions_11_stations_width_height_v1.0,ok
119,495.0,pca_4548,rear_first_below_45pct_to_head_first_below_48pct,1.43,6,0.5,0.368752,-0.027307,-0.014893,0.584646,1.220842,-0.307789,0.276857,237,21,median_in_1cm_longitudinal_by_5cm_center_patch,two_pca_torso_definitions_11_stations_width_height_v1.0,ok
119,495.0,pca_4548,rear_first_below_45pct_to_head_first_below_48pct,1.43,7,0.59,0.435066,0.100382,-0.030994,0.544133,1.224598,-0.285137,0.258996,219,23,median_in_1cm_longitudinal_by_5cm_center_patch,two_pca_torso_definitions_11_stations_width_height_v1.0,ok
119,495.0,pca_4548,rear_first_below_45pct_to_head_first_below_48pct,1.43,8,0.68,0.501379,0.228071,-0.047094,0.475994,1.227846,-0.24499,0.231004,192,21,median_in_1cm_longitudinal_by_5cm_center_patch,two_pca_torso_definitions_11_stations_width_height_v1.0,ok
119,495.0,pca_4548,rear_first_below_45pct_to_head_first_below_48pct,1.43,9,0.77,0.567692,0.35576,-0.063195,0.463346,1.220055,-0.212846,0.2505,178,20,median_in_1cm_longitudinal_by_5cm_center_patch,two_pca_torso_definitions_11_stations_width_height_v1.0,ok
119,495.0,pca_4548,rear_first_below_45pct_to_head_first_below_48pct,1.43,10,0.86,0.634006,0.483449,-0.079295,0.440839,1.205427,-0.218327,0.222512,185,23,median_in_1cm_longitudinal_by_5cm_center_patch,two_pca_torso_definitions_11_stations_width_height_v1.0,ok
119,495.0,pca_4548,rear_first_below_45pct_to_head_first_below_48pct,1.43,11,0.95,0.700319,0.611138,-0.095395,0.342207,1.180971,-0.161,0.181207,122,21,median_in_1cm_longitudinal_by_5cm_center_patch,two_pca_torso_definitions_11_stations_width_height_v1.0,ok
119,495.0,pca_rear70,pca_rear_endpoint_0pct_to_full_length_70pct,1.35855,1,0.05,0.035,-0.66996,0.066139,0.373031,1.187195,-0.195328,0.177703,118,19,median_in_1cm_longitudinal_by_5cm_center_patch,two_pca_torso_definitions_11_stations_width_height_v1.0,ok
119,495.0,pca_rear70,pca_rear_endpoint_0pct_to_full_length_70pct,1.35855,2,0.14,0.098,-0.548651,0.050843,0.465035,1.202779,-0.227405,0.237631,152,16,median_in_1cm_longitudinal_by_5cm_center_patch,two_pca_torso_definitions_11_stations_width_height_v1.0,ok
119,495.0,pca_rear70,pca_rear_endpoint_0pct_to_full_length_70pct,1.35855,3,0.23,0.161,-0.427342,0.035547,0.500059,1.223099,-0.227699,0.27236,209,25,median_in_1cm_longitudinal_by_5cm_center_patch,two_pca_torso_definitions_11_stations_width_height_v1.0,ok
119,495.0,pca_rear70,pca_rear_endpoint_0pct_to_full_length_70pct,1.35855,4,0.32,0.224,-0.306033,0.020251,0.50318,1.216481,-0.23737,0.26581,211,21,median_in_1cm_longitudinal_by_5cm_center_patch,two_pca_torso_definitions_11_stations_width_height_v1.0,ok
119,495.0,pca_rear70,pca_rear_endpoint_0pct_to_full_length_70pct,1.35855,5,0.41,0.287,-0.184724,0.004955,0.554986,1.221866,-0.291052,0.263934,232,21,median_in_1cm_longitudinal_by_5cm_center_patch,two_pca_torso_definitions_11_stations_width_height_v1.0,ok
119,495.0,pca_rear70,pca_rear_endpoint_0pct_to_full_length_70pct,1.35855,6,0.5,0.35,-0.063416,-0.01034,0.583701,1.220704,-0.305722,0.277979,236,20,median_in_1cm_longitudinal_by_5cm_center_patch,two_pca_torso_definitions_11_stations_width_height_v1.0,ok
119,495.0,pca_rear70,pca_rear_endpoint_0pct_to_full_length_70pct,1.35855,7,0.59,0.413,0.057893,-0.025636,0.559838,1.217586,-0.291927,0.267911,224,22,median_in_1cm_longitudinal_by_5cm_center_patch,two_pca_torso_definitions_11_stations_width_height_v1.0,ok
119,495.0,pca_rear70,pca_rear_endpoint_0pct_to_full_length_70pct,1.35855,8,0.68,0.476,0.179202,-0.040932,0.509603,1.232489,-0.26712,0.242482,205,24,median_in_1cm_longitudinal_by_5cm_center_patch,two_pca_torso_definitions_11_stations_width_height_v1.0,ok
119,495.0,pca_rear70,pca_rear_endpoint_0pct_to_full_length_70pct,1.35855,9,0.77,0.539,0.300511,-0.056228,0.44772,1.222554,-0.220984,0.226736,181,22,median_in_1cm_longitudinal_by_5cm_center_patch,two_pca_torso_definitions_11_stations_width_height_v1.0,ok
119,495.0,pca_rear70,pca_rear_endpoint_0pct_to_full_length_70pct,1.35855,10,0.86,0.602,0.42182,-0.071524,0.463633,1.214406,-0.226405,0.237228,189,20,median_in_1cm_longitudinal_by_5cm_center_patch,two_pca_torso_definitions_11_stations_width_height_v1.0,ok
119,495.0,pca_rear70,pca_rear_endpoint_0pct_to_full_length_70pct,1.35855,11,0.95,0.665,0.543129,-0.08682,0.406058,1.197556,-0.192132,0.213926,156,18,median_in_1cm_longitudinal_by_5cm_center_patch,two_pca_torso_definitions_11_stations_width_height_v1.0,ok
120,493.0,pca_4548,rear_first_below_45pct_to_head_first_below_48pct,1.4,1,0.05,0.045851,-0.381459,-0.186507,0.385405,1.220619,-0.20085,0.184555,148,20,median_in_1cm_longitudinal_by_5cm_center_patch,two_pca_torso_definitions_11_stations_width_height_v1.0,ok
120,493.0,pca_4548,rear_first_below_45pct_to_head_first_below_48pct,1.4,2,0.14,0.114277,-0.255691,-0.19415,0.482361,1.221614,-0.232408,0.249954,192,20,median_in_1cm_longitudinal_by_5cm_center_patch,two_pca_torso_definitions_11_stations_width_height_v1.0,ok
120,493.0,pca_4548,rear_first_below_45pct_to_head_first_below_48pct,1.4,3,0.23,0.182703,-0.129923,-0.201793,0.530486,1.230947,-0.260571,0.269915,226,22,median_in_1cm_longitudinal_by_5cm_center_patch,two_pca_torso_definitions_11_stations_width_height_v1.0,ok
120,493.0,pca_4548,rear_first_below_45pct_to_head_first_below_48pct,1.4,4,0.32,0.25113,-0.004155,-0.209436,0.560663,1.22223,-0.290638,0.270025,237,22,median_in_1cm_longitudinal_by_5cm_center_patch,two_pca_torso_definitions_11_stations_width_height_v1.0,ok
120,493.0,pca_4548,rear_first_below_45pct_to_head_first_below_48pct,1.4,5,0.41,0.319556,0.121613,-0.217079,0.611609,1.219044,-0.338478,0.273131,256,22,median_in_1cm_longitudinal_by_5cm_center_patch,two_pca_torso_definitions_11_stations_width_height_v1.0,ok
120,493.0,pca_4548,rear_first_below_45pct_to_head_first_below_48pct,1.4,6,0.5,0.387982,0.247381,-0.224721,0.617742,1.21051,-0.336375,0.281367,252,21,median_in_1cm_longitudinal_by_5cm_center_patch,two_pca_torso_definitions_11_stations_width_height_v1.0,ok
120,493.0,pca_4548,rear_first_below_45pct_to_head_first_below_48pct,1.4,7,0.59,0.456409,0.373149,-0.232364,0.546324,1.203807,-0.286298,0.260026,220,21,median_in_1cm_longitudinal_by_5cm_center_patch,two_pca_torso_definitions_11_stations_width_height_v1.0,ok
120,493.0,pca_4548,rear_first_below_45pct_to_head_first_below_48pct,1.4,8,0.68,0.524835,0.498917,-0.240007,0.486892,1.204482,-0.260181,0.226711,193,23,median_in_1cm_longitudinal_by_5cm_center_patch,two_pca_torso_definitions_11_stations_width_height_v1.0,ok
120,493.0,pca_4548,rear_first_below_45pct_to_head_first_below_48pct,1.4,9,0.77,0.593261,0.624685,-0.24765,0.445866,1.198871,-0.232158,0.213708,201,21,median_in_1cm_longitudinal_by_5cm_center_patch,two_pca_torso_definitions_11_stations_width_height_v1.0,ok
120,493.0,pca_4548,rear_first_below_45pct_to_head_first_below_48pct,1.4,10,0.86,0.661688,0.750453,-0.255293,0.469341,1.190676,-0.22984,0.239501,179,19,median_in_1cm_longitudinal_by_5cm_center_patch,two_pca_torso_definitions_11_stations_width_height_v1.0,ok
120,493.0,pca_4548,rear_first_below_45pct_to_head_first_below_48pct,1.4,11,0.95,0.730114,0.876221,-0.262936,0.375965,1.166889,-0.16688,0.209085,135,25,median_in_1cm_longitudinal_by_5cm_center_patch,two_pca_torso_definitions_11_stations_width_height_v1.0,ok
120,493.0,pca_rear70,pca_rear_endpoint_0pct_to_full_length_70pct,1.288978,1,0.05,0.035,-0.401403,-0.185294,0.377356,1.213753,-0.19248,0.184876,132,21,median_in_1cm_longitudinal_by_5cm_center_patch,two_pca_torso_definitions_11_stations_width_height_v1.0,ok
120,493.0,pca_rear70,pca_rear_endpoint_0pct_to_full_length_70pct,1.288978,2,0.14,0.098,-0.285608,-0.192331,0.467115,1.220788,-0.229231,0.237884,189,24,median_in_1cm_longitudinal_by_5cm_center_patch,two_pca_torso_definitions_11_stations_width_height_v1.0,ok
120,493.0,pca_rear70,pca_rear_endpoint_0pct_to_full_length_70pct,1.288978,3,0.23,0.161,-0.169814,-0.199368,0.514852,1.232011,-0.24951,0.265341,216,23,median_in_1cm_longitudinal_by_5cm_center_patch,two_pca_torso_definitions_11_stations_width_height_v1.0,ok
120,493.0,pca_rear70,pca_rear_endpoint_0pct_to_full_length_70pct,1.288978,4,0.32,0.224,-0.05402,-0.206405,0.538229,1.222679,-0.266334,0.271895,233,23,median_in_1cm_longitudinal_by_5cm_center_patch,two_pca_torso_definitions_11_stations_width_height_v1.0,ok
120,493.0,pca_rear70,pca_rear_endpoint_0pct_to_full_length_70pct,1.288978,5,0.41,0.287,0.061775,-0.213442,0.593093,1.222242,-0.328976,0.264118,249,22,median_in_1cm_longitudinal_by_5cm_center_patch,two_pca_torso_definitions_11_stations_width_height_v1.0,ok
120,493.0,pca_rear70,pca_rear_endpoint_0pct_to_full_length_70pct,1.288978,6,0.5,0.35,0.177569,-0.220478,0.613066,1.216865,-0.346654,0.266412,251,24,median_in_1cm_longitudinal_by_5cm_center_patch,two_pca_torso_definitions_11_stations_width_height_v1.0,ok
120,493.0,pca_rear70,pca_rear_endpoint_0pct_to_full_length_70pct,1.288978,7,0.59,0.413,0.293363,-0.227515,0.598061,1.206145,-0.319139,0.278922,242,21,median_in_1cm_longitudinal_by_5cm_center_patch,two_pca_torso_definitions_11_stations_width_height_v1.0,ok
120,493.0,pca_rear70,pca_rear_endpoint_0pct_to_full_length_70pct,1.288978,8,0.68,0.476,0.409158,-0.234552,0.554737,1.206909,-0.295517,0.25922,216,25,median_in_1cm_longitudinal_by_5cm_center_patch,two_pca_torso_definitions_11_stations_width_height_v1.0,ok
120,493.0,pca_rear70,pca_rear_endpoint_0pct_to_full_length_70pct,1.288978,9,0.77,0.539,0.524952,-0.241589,0.46213,1.201385,-0.2319,0.230231,185,21,median_in_1cm_longitudinal_by_5cm_center_patch,two_pca_torso_definitions_11_stations_width_height_v1.0,ok
120,493.0,pca_rear70,pca_rear_endpoint_0pct_to_full_length_70pct,1.288978,10,0.86,0.602,0.640746,-0.248626,0.461333,1.197095,-0.24078,0.220553,190,21,median_in_1cm_longitudinal_by_5cm_center_patch,two_pca_torso_definitions_11_stations_width_height_v1.0,ok
120,493.0,pca_rear70,pca_rear_endpoint_0pct_to_full_length_70pct,1.288978,11,0.95,0.665,0.756541,-0.255663,0.476916,1.190604,-0.242689,0.234226,183,18,median_in_1cm_longitudinal_by_5cm_center_patch,two_pca_torso_definitions_11_stations_width_height_v1.0,ok
122,486.0,pca_4548,rear_first_below_45pct_to_head_first_below_48pct,1.53,1,0.05,0.028482,-0.580109,-0.072449,0.382567,1.204684,-0.145309,0.237258,126,17,median_in_1cm_longitudinal_by_5cm_center_patch,two_pca_torso_definitions_11_stations_width_height_v1.0,ok
122,486.0,pca_4548,rear_first_below_45pct_to_head_first_below_48pct,1.53,2,0.14,0.101096,-0.442877,-0.061117,0.50097,1.249795,-0.227633,0.273338,200,20,median_in_1cm_longitudinal_by_5cm_center_patch,two_pca_torso_definitions_11_stations_width_height_v1.0,ok
122,486.0,pca_4548,rear_first_below_45pct_to_head_first_below_48pct,1.53,3,0.23,0.17371,-0.305644,-0.049785,0.521776,1.258947,-0.253696,0.26808,218,22,median_in_1cm_longitudinal_by_5cm_center_patch,two_pca_torso_definitions_11_stations_width_height_v1.0,ok
122,486.0,pca_4548,rear_first_below_45pct_to_head_first_below_48pct,1.53,4,0.32,0.246325,-0.168411,-0.038453,0.502253,1.241402,-0.263298,0.238954,224,24,median_in_1cm_longitudinal_by_5cm_center_patch,two_pca_torso_definitions_11_stations_width_height_v1.0,ok
122,486.0,pca_4548,rear_first_below_45pct_to_head_first_below_48pct,1.53,5,0.41,0.318939,-0.031178,-0.027121,0.586682,1.237205,-0.303175,0.283507,237,23,median_in_1cm_longitudinal_by_5cm_center_patch,two_pca_torso_definitions_11_stations_width_height_v1.0,ok
122,486.0,pca_4548,rear_first_below_45pct_to_head_first_below_48pct,1.53,6,0.5,0.391553,0.106055,-0.015789,0.586547,1.221041,-0.307904,0.278643,234,21,median_in_1cm_longitudinal_by_5cm_center_patch,two_pca_torso_definitions_11_stations_width_height_v1.0,ok
122,486.0,pca_4548,rear_first_below_45pct_to_head_first_below_48pct,1.53,7,0.59,0.464168,0.243288,-0.004457,0.536527,1.220149,-0.281534,0.254992,215,21,median_in_1cm_longitudinal_by_5cm_center_patch,two_pca_torso_definitions_11_stations_width_height_v1.0,ok
122,486.0,pca_4548,rear_first_below_45pct_to_head_first_below_48pct,1.53,8,0.68,0.536782,0.380521,0.006875,0.468582,1.208609,-0.241099,0.227483,189,21,median_in_1cm_longitudinal_by_5cm_center_patch,two_pca_torso_definitions_11_stations_width_height_v1.0,ok
122,486.0,pca_4548,rear_first_below_45pct_to_head_first_below_48pct,1.53,9,0.77,0.609396,0.517754,0.018207,0.475485,1.208906,-0.227605,0.24788,210,21,median_in_1cm_longitudinal_by_5cm_center_patch,two_pca_torso_definitions_11_stations_width_height_v1.0,ok
122,486.0,pca_4548,rear_first_below_45pct_to_head_first_below_48pct,1.53,10,0.86,0.682011,0.654987,0.029539,0.450903,1.197031,-0.255945,0.194958,169,20,median_in_1cm_longitudinal_by_5cm_center_patch,two_pca_torso_definitions_11_stations_width_height_v1.0,ok
122,486.0,pca_4548,rear_first_below_45pct_to_head_first_below_48pct,1.53,11,0.95,0.754625,0.792219,0.040871,0.333542,1.192888,-0.194261,0.139281,128,24,median_in_1cm_longitudinal_by_5cm_center_patch,two_pca_torso_definitions_11_stations_width_height_v1.0,ok
122,486.0,pca_rear70,pca_rear_endpoint_0pct_to_full_length_70pct,1.327425,1,0.05,0.035,-0.567791,-0.071433,0.421122,1.212873,-0.176491,0.244631,146,20,median_in_1cm_longitudinal_by_5cm_center_patch,two_pca_torso_definitions_11_stations_width_height_v1.0,ok
122,486.0,pca_rear70,pca_rear_endpoint_0pct_to_full_length_70pct,1.327425,2,0.14,0.098,-0.448728,-0.061601,0.501993,1.248382,-0.220151,0.281841,201,22,median_in_1cm_longitudinal_by_5cm_center_patch,two_pca_torso_definitions_11_stations_width_height_v1.0,ok
122,486.0,pca_rear70,pca_rear_endpoint_0pct_to_full_length_70pct,1.327425,3,0.23,0.161,-0.329665,-0.05177,0.518868,1.261832,-0.248791,0.270077,222,20,median_in_1cm_longitudinal_by_5cm_center_patch,two_pca_torso_definitions_11_stations_width_height_v1.0,ok
122,486.0,pca_rear70,pca_rear_endpoint_0pct_to_full_length_70pct,1.327425,4,0.32,0.224,-0.210602,-0.041938,0.511131,1.247069,-0.260476,0.250655,225,20,median_in_1cm_longitudinal_by_5cm_center_patch,two_pca_torso_definitions_11_stations_width_height_v1.0,ok
122,486.0,pca_rear70,pca_rear_endpoint_0pct_to_full_length_70pct,1.327425,5,0.41,0.287,-0.091539,-0.032106,0.554407,1.239954,-0.293029,0.261378,228,22,median_in_1cm_longitudinal_by_5cm_center_patch,two_pca_torso_definitions_11_stations_width_height_v1.0,ok
122,486.0,pca_rear70,pca_rear_endpoint_0pct_to_full_length_70pct,1.327425,6,0.5,0.35,0.027524,-0.022275,0.6076,1.228922,-0.319031,0.288569,242,22,median_in_1cm_longitudinal_by_5cm_center_patch,two_pca_torso_definitions_11_stations_width_height_v1.0,ok
122,486.0,pca_rear70,pca_rear_endpoint_0pct_to_full_length_70pct,1.327425,7,0.59,0.413,0.146587,-0.012443,0.580917,1.220318,-0.305668,0.275248,228,23,median_in_1cm_longitudinal_by_5cm_center_patch,two_pca_torso_definitions_11_stations_width_height_v1.0,ok
122,486.0,pca_rear70,pca_rear_endpoint_0pct_to_full_length_70pct,1.327425,8,0.68,0.476,0.26565,-0.002611,0.524103,1.21722,-0.271096,0.253007,209,22,median_in_1cm_longitudinal_by_5cm_center_patch,two_pca_torso_definitions_11_stations_width_height_v1.0,ok
122,486.0,pca_rear70,pca_rear_endpoint_0pct_to_full_length_70pct,1.327425,9,0.77,0.539,0.384713,0.007221,0.475422,1.208609,-0.241256,0.234166,195,25,median_in_1cm_longitudinal_by_5cm_center_patch,two_pca_torso_definitions_11_stations_width_height_v1.0,ok
122,486.0,pca_rear70,pca_rear_endpoint_0pct_to_full_length_70pct,1.327425,10,0.86,0.602,0.503776,0.017052,0.49971,1.210449,-0.237469,0.262241,220,22,median_in_1cm_longitudinal_by_5cm_center_patch,two_pca_torso_definitions_11_stations_width_height_v1.0,ok
122,486.0,pca_rear70,pca_rear_endpoint_0pct_to_full_length_70pct,1.327425,11,0.95,0.665,0.622839,0.026884,0.469493,1.202096,-0.260567,0.208926,177,25,median_in_1cm_longitudinal_by_5cm_center_patch,two_pca_torso_definitions_11_stations_width_height_v1.0,ok
123,545.0,pca_4548,rear_first_below_45pct_to_head_first_below_48pct,1.479999,1,0.05,0.043013,-0.554777,0.216976,0.347599,1.267961,-0.174167,0.173432,130,21,median_in_1cm_longitudinal_by_5cm_center_patch,two_pca_torso_definitions_11_stations_width_height_v1.0,ok
123,545.0,pca_4548,rear_first_below_45pct_to_head_first_below_48pct,1.479999,2,0.14,0.112004,-0.422121,0.20495,0.487479,1.241138,-0.251276,0.236203,199,24,median_in_1cm_longitudinal_by_5cm_center_patch,two_pca_torso_definitions_11_stations_width_height_v1.0,ok
123,545.0,pca_4548,rear_first_below_45pct_to_head_first_below_48pct,1.479999,3,0.23,0.180995,-0.289466,0.192923,0.502455,1.231638,-0.253787,0.248668,210,21,median_in_1cm_longitudinal_by_5cm_center_patch,two_pca_torso_definitions_11_stations_width_height_v1.0,ok
123,545.0,pca_4548,rear_first_below_45pct_to_head_first_below_48pct,1.479999,4,0.32,0.249987,-0.15681,0.180896,0.502729,1.187246,-0.258267,0.244462,212,21,median_in_1cm_longitudinal_by_5cm_center_patch,two_pca_torso_definitions_11_stations_width_height_v1.0,ok
123,545.0,pca_4548,rear_first_below_45pct_to_head_first_below_48pct,1.479999,5,0.41,0.318978,-0.024154,0.168869,0.600518,1.15271,-0.284641,0.315877,225,20,median_in_1cm_longitudinal_by_5cm_center_patch,two_pca_torso_definitions_11_stations_width_height_v1.0,ok
123,545.0,pca_4548,rear_first_below_45pct_to_head_first_below_48pct,1.479999,6,0.5,0.387969,0.108502,0.156842,0.612424,1.11925,-0.28693,0.325493,220,20,median_in_1cm_longitudinal_by_5cm_center_patch,two_pca_torso_definitions_11_stations_width_height_v1.0,ok
123,545.0,pca_4548,rear_first_below_45pct_to_head_first_below_48pct,1.479999,7,0.59,0.45696,0.241158,0.144815,0.560049,1.10472,-0.257384,0.302665,191,19,median_in_1cm_longitudinal_by_5cm_center_patch,two_pca_torso_definitions_11_stations_width_height_v1.0,ok
123,545.0,pca_4548,rear_first_below_45pct_to_head_first_below_48pct,1.479999,8,0.68,0.525951,0.373814,0.132788,0.484725,1.093461,-0.209408,0.275318,163,20,median_in_1cm_longitudinal_by_5cm_center_patch,two_pca_torso_definitions_11_stations_width_height_v1.0,ok
123,545.0,pca_4548,rear_first_below_45pct_to_head_first_below_48pct,1.479999,9,0.77,0.594943,0.50647,0.120761,0.424862,1.109503,-0.185867,0.238996,170,24,median_in_1cm_longitudinal_by_5cm_center_patch,two_pca_torso_definitions_11_stations_width_height_v1.0,ok
123,545.0,pca_4548,rear_first_below_45pct_to_head_first_below_48pct,1.479999,10,0.86,0.663934,0.639125,0.108734,0.518688,1.106963,-0.255324,0.263364,180,21,median_in_1cm_longitudinal_by_5cm_center_patch,two_pca_torso_definitions_11_stations_width_height_v1.0,ok
123,545.0,pca_4548,rear_first_below_45pct_to_head_first_below_48pct,1.479999,11,0.95,0.732925,0.771781,0.096708,0.413204,1.079203,-0.211733,0.20147,131,18,median_in_1cm_longitudinal_by_5cm_center_patch,two_pca_torso_definitions_11_stations_width_height_v1.0,ok
123,545.0,pca_rear70,pca_rear_endpoint_0pct_to_full_length_70pct,1.351475,1,0.05,0.035,-0.570184,0.218374,0.3292,1.265041,-0.161827,0.167373,122,22,median_in_1cm_longitudinal_by_5cm_center_patch,two_pca_torso_definitions_11_stations_width_height_v1.0,ok
123,545.0,pca_rear70,pca_rear_endpoint_0pct_to_full_length_70pct,1.351475,2,0.14,0.098,-0.449048,0.207391,0.487569,1.248868,-0.248524,0.239045,192,21,median_in_1cm_longitudinal_by_5cm_center_patch,two_pca_torso_definitions_11_stations_width_height_v1.0,ok
123,545.0,pca_rear70,pca_rear_endpoint_0pct_to_full_length_70pct,1.351475,3,0.23,0.161,-0.327912,0.196409,0.497665,1.247509,-0.2576,0.240064,209,21,median_in_1cm_longitudinal_by_5cm_center_patch,two_pca_torso_definitions_11_stations_width_height_v1.0,ok
123,545.0,pca_rear70,pca_rear_endpoint_0pct_to_full_length_70pct,1.351475,4,0.32,0.224,-0.206776,0.185426,0.499214,1.206018,-0.252404,0.24681,210,21,median_in_1cm_longitudinal_by_5cm_center_patch,two_pca_torso_definitions_11_stations_width_height_v1.0,ok
123,545.0,pca_rear70,pca_rear_endpoint_0pct_to_full_length_70pct,1.351475,5,0.41,0.287,-0.08564,0.174444,0.550449,1.167512,-0.268272,0.282177,218,20,median_in_1cm_longitudinal_by_5cm_center_patch,two_pca_torso_definitions_11_stations_width_height_v1.0,ok
123,545.0,pca_rear70,pca_rear_endpoint_0pct_to_full_length_70pct,1.351475,6,0.5,0.35,0.035495,0.163462,0.620232,1.13738,-0.293894,0.326338,228,19,median_in_1cm_longitudinal_by_5cm_center_patch,two_pca_torso_definitions_11_stations_width_height_v1.0,ok
123,545.0,pca_rear70,pca_rear_endpoint_0pct_to_full_length_70pct,1.351475,7,0.59,0.413,0.156631,0.152479,0.608596,1.111332,-0.286173,0.322422,206,20,median_in_1cm_longitudinal_by_5cm_center_patch,two_pca_torso_definitions_11_stations_width_height_v1.0,ok
123,545.0,pca_rear70,pca_rear_endpoint_0pct_to_full_length_70pct,1.351475,8,0.68,0.476,0.277767,0.141497,0.516743,1.10012,-0.235511,0.281231,186,19,median_in_1cm_longitudinal_by_5cm_center_patch,two_pca_torso_definitions_11_stations_width_height_v1.0,ok
123,545.0,pca_rear70,pca_rear_endpoint_0pct_to_full_length_70pct,1.351475,9,0.77,0.539,0.398903,0.130514,0.465108,1.094637,-0.202655,0.262453,174,18,median_in_1cm_longitudinal_by_5cm_center_patch,two_pca_torso_definitions_11_stations_width_height_v1.0,ok
123,545.0,pca_rear70,pca_rear_endpoint_0pct_to_full_length_70pct,1.351475,10,0.86,0.602,0.520039,0.119532,0.43243,1.120286,-0.1972,0.23523,154,20,median_in_1cm_longitudinal_by_5cm_center_patch,two_pca_torso_definitions_11_stations_width_height_v1.0,ok
123,545.0,pca_rear70,pca_rear_endpoint_0pct_to_full_length_70pct,1.351475,11,0.95,0.665,0.641175,0.108549,0.513789,1.106809,-0.257544,0.256245,178,20,median_in_1cm_longitudinal_by_5cm_center_patch,two_pca_torso_definitions_11_stations_width_height_v1.0,ok
124,484.0,pca_4548,rear_first_below_45pct_to_head_first_below_48pct,1.490001,1,0.05,0.02826,-0.641755,0.109446,0.385561,1.258085,-0.177685,0.207876,116,19,median_in_1cm_longitudinal_by_5cm_center_patch,two_pca_torso_definitions_11_stations_width_height_v1.0,ok
124,484.0,pca_4548,rear_first_below_45pct_to_head_first_below_48pct,1.490001,2,0.14,0.097724,-0.507738,0.114154,0.491764,1.251179,-0.256845,0.23492,205,24,median_in_1cm_longitudinal_by_5cm_center_patch,two_pca_torso_definitions_11_stations_width_height_v1.0,ok
124,484.0,pca_4548,rear_first_below_45pct_to_head_first_below_48pct,1.490001,3,0.23,0.167187,-0.37372,0.118862,0.524349,1.248172,-0.265911,0.258438,219,22,median_in_1cm_longitudinal_by_5cm_center_patch,two_pca_torso_definitions_11_stations_width_height_v1.0,ok
124,484.0,pca_4548,rear_first_below_45pct_to_head_first_below_48pct,1.490001,4,0.32,0.236651,-0.239703,0.12357,0.49946,1.2236,-0.26071,0.23875,208,22,median_in_1cm_longitudinal_by_5cm_center_patch,two_pca_torso_definitions_11_stations_width_height_v1.0,ok
124,484.0,pca_4548,rear_first_below_45pct_to_head_first_below_48pct,1.490001,5,0.41,0.306114,-0.105685,0.128278,0.568806,1.215998,-0.276236,0.29257,223,23,median_in_1cm_longitudinal_by_5cm_center_patch,two_pca_torso_definitions_11_stations_width_height_v1.0,ok
124,484.0,pca_4548,rear_first_below_45pct_to_head_first_below_48pct,1.490001,6,0.5,0.375578,0.028332,0.132987,0.592225,1.208182,-0.27421,0.318015,228,22,median_in_1cm_longitudinal_by_5cm_center_patch,two_pca_torso_definitions_11_stations_width_height_v1.0,ok
124,484.0,pca_4548,rear_first_below_45pct_to_head_first_below_48pct,1.490001,7,0.59,0.445041,0.162349,0.137695,0.552859,1.201333,-0.25576,0.297098,215,21,median_in_1cm_longitudinal_by_5cm_center_patch,two_pca_torso_definitions_11_stations_width_height_v1.0,ok
124,484.0,pca_4548,rear_first_below_45pct_to_head_first_below_48pct,1.490001,8,0.68,0.514505,0.296367,0.142403,0.495691,1.202163,-0.214728,0.280963,187,22,median_in_1cm_longitudinal_by_5cm_center_patch,two_pca_torso_definitions_11_stations_width_height_v1.0,ok
124,484.0,pca_4548,rear_first_below_45pct_to_head_first_below_48pct,1.490001,9,0.77,0.583969,0.430384,0.147111,0.471635,1.194703,-0.178045,0.293589,187,22,median_in_1cm_longitudinal_by_5cm_center_patch,two_pca_torso_definitions_11_stations_width_height_v1.0,ok
124,484.0,pca_4548,rear_first_below_45pct_to_head_first_below_48pct,1.490001,10,0.86,0.653432,0.564402,0.151819,0.466561,1.173628,-0.204703,0.261858,174,21,median_in_1cm_longitudinal_by_5cm_center_patch,two_pca_torso_definitions_11_stations_width_height_v1.0,ok
124,484.0,pca_4548,rear_first_below_45pct_to_head_first_below_48pct,1.490001,11,0.95,0.722896,0.698419,0.156527,0.349757,1.120241,-0.182212,0.167545,110,19,median_in_1cm_longitudinal_by_5cm_center_patch,two_pca_torso_definitions_11_stations_width_height_v1.0,ok
124,484.0,pca_rear70,pca_rear_endpoint_0pct_to_full_length_70pct,1.351357,1,0.05,0.035,-0.628752,0.109902,0.387205,1.25557,-0.175855,0.21135,132,19,median_in_1cm_longitudinal_by_5cm_center_patch,two_pca_torso_definitions_11_stations_width_height_v1.0,ok
124,484.0,pca_rear70,pca_rear_endpoint_0pct_to_full_length_70pct,1.351357,2,0.14,0.098,-0.507205,0.114172,0.488488,1.253145,-0.256571,0.231917,207,25,median_in_1cm_longitudinal_by_5cm_center_patch,two_pca_torso_definitions_11_stations_width_height_v1.0,ok
124,484.0,pca_rear70,pca_rear_endpoint_0pct_to_full_length_70pct,1.351357,3,0.23,0.161,-0.385657,0.118442,0.511083,1.250344,-0.259959,0.251124,223,23,median_in_1cm_longitudinal_by_5cm_center_patch,two_pca_torso_definitions_11_stations_width_height_v1.0,ok
124,484.0,pca_rear70,pca_rear_endpoint_0pct_to_full_length_70pct,1.351357,4,0.32,0.224,-0.26411,0.122712,0.511835,1.229528,-0.260282,0.251553,214,22,median_in_1cm_longitudinal_by_5cm_center_patch,two_pca_torso_definitions_11_stations_width_height_v1.0,ok
124,484.0,pca_rear70,pca_rear_endpoint_0pct_to_full_length_70pct,1.351357,5,0.41,0.287,-0.142563,0.126982,0.544155,1.217589,-0.272435,0.27172,214,21,median_in_1cm_longitudinal_by_5cm_center_patch,two_pca_torso_definitions_11_stations_width_height_v1.0,ok
124,484.0,pca_rear70,pca_rear_endpoint_0pct_to_full_length_70pct,1.351357,6,0.5,0.35,-0.021016,0.131252,0.591857,1.214996,-0.284183,0.307673,231,20,median_in_1cm_longitudinal_by_5cm_center_patch,two_pca_torso_definitions_11_stations_width_height_v1.0,ok
124,484.0,pca_rear70,pca_rear_endpoint_0pct_to_full_length_70pct,1.351357,7,0.59,0.413,0.100531,0.135523,0.603095,1.201997,-0.289772,0.313323,237,20,median_in_1cm_longitudinal_by_5cm_center_patch,two_pca_torso_definitions_11_stations_width_height_v1.0,ok
124,484.0,pca_rear70,pca_rear_endpoint_0pct_to_full_length_70pct,1.351357,8,0.68,0.476,0.222078,0.139793,0.539324,1.205367,-0.238418,0.300906,202,20,median_in_1cm_longitudinal_by_5cm_center_patch,two_pca_torso_definitions_11_stations_width_height_v1.0,ok
124,484.0,pca_rear70,pca_rear_endpoint_0pct_to_full_length_70pct,1.351357,9,0.77,0.539,0.343625,0.144063,0.491772,1.198223,-0.190817,0.300955,189,20,median_in_1cm_longitudinal_by_5cm_center_patch,two_pca_torso_definitions_11_stations_width_height_v1.0,ok
124,484.0,pca_rear70,pca_rear_endpoint_0pct_to_full_length_70pct,1.351357,10,0.86,0.602,0.465173,0.148333,0.478538,1.190767,-0.184352,0.294186,193,22,median_in_1cm_longitudinal_by_5cm_center_patch,two_pca_torso_definitions_11_stations_width_height_v1.0,ok
124,484.0,pca_rear70,pca_rear_endpoint_0pct_to_full_length_70pct,1.351357,11,0.95,0.665,0.58672,0.152603,0.429441,1.165439,-0.194437,0.235003,144,20,median_in_1cm_longitudinal_by_5cm_center_patch,two_pca_torso_definitions_11_stations_width_height_v1.0,ok
125,411.0,pca_4548,rear_first_below_45pct_to_head_first_below_48pct,1.56,1,0.05,0.040908,-0.514022,0.062777,0.377289,1.231867,-0.162127,0.215162,138,21,median_in_1cm_longitudinal_by_5cm_center_patch,two_pca_torso_definitions_11_stations_width_height_v1.0,ok
125,411.0,pca_4548,rear_first_below_45pct_to_head_first_below_48pct,1.56,2,0.14,0.114608,-0.37364,0.060533,0.477938,1.242052,-0.228991,0.248948,190,23,median_in_1cm_longitudinal_by_5cm_center_patch,two_pca_torso_definitions_11_stations_width_height_v1.0,ok
125,411.0,pca_4548,rear_first_below_45pct_to_head_first_below_48pct,1.56,3,0.23,0.188308,-0.233258,0.05829,0.516655,1.246578,-0.254623,0.262033,217,22,median_in_1cm_longitudinal_by_5cm_center_patch,two_pca_torso_definitions_11_stations_width_height_v1.0,ok
125,411.0,pca_4548,rear_first_below_45pct_to_head_first_below_48pct,1.56,4,0.32,0.262008,-0.092876,0.056046,0.485614,1.23007,-0.248645,0.236968,210,20,median_in_1cm_longitudinal_by_5cm_center_patch,two_pca_torso_definitions_11_stations_width_height_v1.0,ok
125,411.0,pca_4548,rear_first_below_45pct_to_head_first_below_48pct,1.56,5,0.41,0.335708,0.047506,0.053803,0.589512,1.224739,-0.294852,0.29466,227,21,median_in_1cm_longitudinal_by_5cm_center_patch,two_pca_torso_definitions_11_stations_width_height_v1.0,ok
125,411.0,pca_4548,rear_first_below_45pct_to_head_first_below_48pct,1.56,6,0.5,0.409408,0.187888,0.051559,0.568643,1.206991,-0.291946,0.276697,222,20,median_in_1cm_longitudinal_by_5cm_center_patch,two_pca_torso_definitions_11_stations_width_height_v1.0,ok
125,411.0,pca_4548,rear_first_below_45pct_to_head_first_below_48pct,1.56,7,0.59,0.483109,0.328271,0.049315,0.513968,1.206765,-0.260735,0.253234,197,21,median_in_1cm_longitudinal_by_5cm_center_patch,two_pca_torso_definitions_11_stations_width_height_v1.0,ok
125,411.0,pca_4548,rear_first_below_45pct_to_head_first_below_48pct,1.56,8,0.68,0.556809,0.468653,0.047072,0.456974,1.198121,-0.206299,0.250675,177,22,median_in_1cm_longitudinal_by_5cm_center_patch,two_pca_torso_definitions_11_stations_width_height_v1.0,ok
125,411.0,pca_4548,rear_first_below_45pct_to_head_first_below_48pct,1.56,9,0.77,0.630509,0.609035,0.044828,0.438318,1.18545,-0.199034,0.239284,171,20,median_in_1cm_longitudinal_by_5cm_center_patch,two_pca_torso_definitions_11_stations_width_height_v1.0,ok
125,411.0,pca_4548,rear_first_below_45pct_to_head_first_below_48pct,1.56,10,0.86,0.704209,0.749417,0.042585,0.388881,1.166982,-0.225537,0.163344,139,20,median_in_1cm_longitudinal_by_5cm_center_patch,two_pca_torso_definitions_11_stations_width_height_v1.0,ok
125,411.0,pca_4548,rear_first_below_45pct_to_head_first_below_48pct,1.56,11,0.95,0.777909,0.889799,0.040341,0.338144,1.144637,-0.221966,0.116177,106,18,median_in_1cm_longitudinal_by_5cm_center_patch,two_pca_torso_definitions_11_stations_width_height_v1.0,ok
125,411.0,pca_rear70,pca_rear_endpoint_0pct_to_full_length_70pct,1.333512,1,0.05,0.035,-0.525275,0.062958,0.358557,1.221657,-0.150133,0.208424,120,16,median_in_1cm_longitudinal_by_5cm_center_patch,two_pca_torso_definitions_11_stations_width_height_v1.0,ok
125,411.0,pca_rear70,pca_rear_endpoint_0pct_to_full_length_70pct,1.333512,2,0.14,0.098,-0.405274,0.06104,0.459613,1.242019,-0.215903,0.24371,181,21,median_in_1cm_longitudinal_by_5cm_center_patch,two_pca_torso_definitions_11_stations_width_height_v1.0,ok
125,411.0,pca_rear70,pca_rear_endpoint_0pct_to_full_length_70pct,1.333512,3,0.23,0.161,-0.285273,0.059122,0.50942,1.248828,-0.253312,0.256108,210,22,median_in_1cm_longitudinal_by_5cm_center_patch,two_pca_torso_definitions_11_stations_width_height_v1.0,ok
125,411.0,pca_rear70,pca_rear_endpoint_0pct_to_full_length_70pct,1.333512,4,0.32,0.224,-0.165273,0.057204,0.497016,1.237781,-0.2447,0.252316,212,26,median_in_1cm_longitudinal_by_5cm_center_patch,two_pca_torso_definitions_11_stations_width_height_v1.0,ok
125,411.0,pca_rear70,pca_rear_endpoint_0pct_to_full_length_70pct,1.333512,5,0.41,0.287,-0.045272,0.055286,0.522866,1.227824,-0.275405,0.247461,220,22,median_in_1cm_longitudinal_by_5cm_center_patch,two_pca_torso_definitions_11_stations_width_height_v1.0,ok
125,411.0,pca_rear70,pca_rear_endpoint_0pct_to_full_length_70pct,1.333512,6,0.5,0.35,0.074729,0.053368,0.603181,1.220332,-0.30198,0.301201,236,20,median_in_1cm_longitudinal_by_5cm_center_patch,two_pca_torso_definitions_11_stations_width_height_v1.0,ok
125,411.0,pca_rear70,pca_rear_endpoint_0pct_to_full_length_70pct,1.333512,7,0.59,0.413,0.19473,0.051451,0.579784,1.206656,-0.300481,0.279304,226,20,median_in_1cm_longitudinal_by_5cm_center_patch,two_pca_torso_definitions_11_stations_width_height_v1.0,ok
125,411.0,pca_rear70,pca_rear_endpoint_0pct_to_full_length_70pct,1.333512,8,0.68,0.476,0.314731,0.049533,0.513496,1.204284,-0.263508,0.249988,207,24,median_in_1cm_longitudinal_by_5cm_center_patch,two_pca_torso_definitions_11_stations_width_height_v1.0,ok
125,411.0,pca_rear70,pca_rear_endpoint_0pct_to_full_length_70pct,1.333512,9,0.77,0.539,0.434731,0.047615,0.45863,1.200121,-0.220767,0.237863,177,18,median_in_1cm_longitudinal_by_5cm_center_patch,two_pca_torso_definitions_11_stations_width_height_v1.0,ok
125,411.0,pca_rear70,pca_rear_endpoint_0pct_to_full_length_70pct,1.333512,10,0.86,0.602,0.554732,0.045697,0.437344,1.189951,-0.190588,0.246756,172,22,median_in_1cm_longitudinal_by_5cm_center_patch,two_pca_torso_definitions_11_stations_width_height_v1.0,ok
125,411.0,pca_rear70,pca_rear_endpoint_0pct_to_full_length_70pct,1.333512,11,0.95,0.665,0.674733,0.043779,0.440621,1.181777,-0.219226,0.221395,152,22,median_in_1cm_longitudinal_by_5cm_center_patch,two_pca_torso_definitions_11_stations_width_height_v1.0,ok
126,512.0,pca_4548,rear_first_below_45pct_to_head_first_below_48pct,1.420001,1,0.05,0.050602,-0.741428,0.459905,0.468376,1.21968,-0.221279,0.247096,155,19,median_in_1cm_longitudinal_by_5cm_center_patch,two_pca_torso_definitions_11_stations_width_height_v1.0,ok
126,512.0,pca_4548,rear_first_below_45pct_to_head_first_below_48pct,1.420001,2,0.14,0.117574,-0.618104,0.42638,0.522887,1.266722,-0.255289,0.267597,204,25,median_in_1cm_longitudinal_by_5cm_center_patch,two_pca_torso_definitions_11_stations_width_height_v1.0,ok
126,512.0,pca_4548,rear_first_below_45pct_to_head_first_below_48pct,1.420001,3,0.23,0.184546,-0.494779,0.392855,0.554538,1.28199,-0.247532,0.307006,237,21,median_in_1cm_longitudinal_by_5cm_center_patch,two_pca_torso_definitions_11_stations_width_height_v1.0,ok
126,512.0,pca_4548,rear_first_below_45pct_to_head_first_below_48pct,1.420001,4,0.32,0.251518,-0.371455,0.35933,0.553519,1.271301,-0.253362,0.300157,244,22,median_in_1cm_longitudinal_by_5cm_center_patch,two_pca_torso_definitions_11_stations_width_height_v1.0,ok
126,512.0,pca_4548,rear_first_below_45pct_to_head_first_below_48pct,1.420001,5,0.41,0.31849,-0.24813,0.325805,0.583672,1.267168,-0.284373,0.299299,250,22,median_in_1cm_longitudinal_by_5cm_center_patch,two_pca_torso_definitions_11_stations_width_height_v1.0,ok
126,512.0,pca_4548,rear_first_below_45pct_to_head_first_below_48pct,1.420001,6,0.5,0.385462,-0.124806,0.29228,0.609795,1.255326,-0.299364,0.310431,250,22,median_in_1cm_longitudinal_by_5cm_center_patch,two_pca_torso_definitions_11_stations_width_height_v1.0,ok
126,512.0,pca_4548,rear_first_below_45pct_to_head_first_below_48pct,1.420001,7,0.59,0.452434,-0.001482,0.258755,0.546642,1.238863,-0.269032,0.27761,217,23,median_in_1cm_longitudinal_by_5cm_center_patch,two_pca_torso_definitions_11_stations_width_height_v1.0,ok
126,512.0,pca_4548,rear_first_below_45pct_to_head_first_below_48pct,1.420001,8,0.68,0.519406,0.121843,0.22523,0.45648,1.225938,-0.236243,0.220237,189,21,median_in_1cm_longitudinal_by_5cm_center_patch,two_pca_torso_definitions_11_stations_width_height_v1.0,ok
126,512.0,pca_4548,rear_first_below_45pct_to_head_first_below_48pct,1.420001,9,0.77,0.586378,0.245167,0.191705,0.445133,1.217293,-0.231284,0.213849,193,23,median_in_1cm_longitudinal_by_5cm_center_patch,two_pca_torso_definitions_11_stations_width_height_v1.0,ok
126,512.0,pca_4548,rear_first_below_45pct_to_head_first_below_48pct,1.420001,10,0.86,0.65335,0.368492,0.15818,0.466668,1.214388,-0.237191,0.229477,178,22,median_in_1cm_longitudinal_by_5cm_center_patch,two_pca_torso_definitions_11_stations_width_height_v1.0,ok
126,512.0,pca_4548,rear_first_below_45pct_to_head_first_below_48pct,1.420001,11,0.95,0.720322,0.491816,0.124655,0.393758,1.194339,-0.19117,0.202588,159,22,median_in_1cm_longitudinal_by_5cm_center_patch,two_pca_torso_definitions_11_stations_width_height_v1.0,ok
126,512.0,pca_rear70,pca_rear_endpoint_0pct_to_full_length_70pct,1.335782,1,0.05,0.035,-0.770158,0.467715,0.438524,1.208415,-0.223897,0.214627,125,17,median_in_1cm_longitudinal_by_5cm_center_patch,two_pca_torso_definitions_11_stations_width_height_v1.0,ok
126,512.0,pca_rear70,pca_rear_endpoint_0pct_to_full_length_70pct,1.335782,2,0.14,0.098,-0.654148,0.436178,0.516563,1.260456,-0.257336,0.259227,204,21,median_in_1cm_longitudinal_by_5cm_center_patch,two_pca_torso_definitions_11_stations_width_height_v1.0,ok
126,512.0,pca_rear70,pca_rear_endpoint_0pct_to_full_length_70pct,1.335782,3,0.23,0.161,-0.538137,0.404641,0.547427,1.27855,-0.247862,0.299564,234,24,median_in_1cm_longitudinal_by_5cm_center_patch,two_pca_torso_definitions_11_stations_width_height_v1.0,ok
126,512.0,pca_rear70,pca_rear_endpoint_0pct_to_full_length_70pct,1.335782,4,0.32,0.224,-0.422127,0.373105,0.526673,1.275661,-0.241822,0.284851,246,27,median_in_1cm_longitudinal_by_5cm_center_patch,two_pca_torso_definitions_11_stations_width_height_v1.0,ok
126,512.0,pca_rear70,pca_rear_endpoint_0pct_to_full_length_70pct,1.335782,5,0.41,0.287,-0.306117,0.341568,0.584264,1.268844,-0.280162,0.304102,240,22,median_in_1cm_longitudinal_by_5cm_center_patch,two_pca_torso_definitions_11_stations_width_height_v1.0,ok
126,512.0,pca_rear70,pca_rear_endpoint_0pct_to_full_length_70pct,1.335782,6,0.5,0.35,-0.190107,0.310032,0.607542,1.262966,-0.306076,0.301466,251,22,median_in_1cm_longitudinal_by_5cm_center_patch,two_pca_torso_definitions_11_stations_width_height_v1.0,ok
126,512.0,pca_rear70,pca_rear_endpoint_0pct_to_full_length_70pct,1.335782,7,0.59,0.413,-0.074096,0.278495,0.567287,1.247884,-0.291205,0.276082,233,21,median_in_1cm_longitudinal_by_5cm_center_patch,two_pca_torso_definitions_11_stations_width_height_v1.0,ok
126,512.0,pca_rear70,pca_rear_endpoint_0pct_to_full_length_70pct,1.335782,8,0.68,0.476,0.041914,0.246958,0.518082,1.235423,-0.259988,0.258094,211,23,median_in_1cm_longitudinal_by_5cm_center_patch,two_pca_torso_definitions_11_stations_width_height_v1.0,ok
126,512.0,pca_rear70,pca_rear_endpoint_0pct_to_full_length_70pct,1.335782,9,0.77,0.539,0.157924,0.215422,0.444536,1.222325,-0.228519,0.216017,185,23,median_in_1cm_longitudinal_by_5cm_center_patch,two_pca_torso_definitions_11_stations_width_height_v1.0,ok
126,512.0,pca_rear70,pca_rear_endpoint_0pct_to_full_length_70pct,1.335782,10,0.86,0.602,0.273935,0.183885,0.457391,1.214768,-0.238258,0.219134,191,21,median_in_1cm_longitudinal_by_5cm_center_patch,two_pca_torso_definitions_11_stations_width_height_v1.0,ok
126,512.0,pca_rear70,pca_rear_endpoint_0pct_to_full_length_70pct,1.335782,11,0.95,0.665,0.389945,0.152348,0.47623,1.212347,-0.237259,0.238971,185,22,median_in_1cm_longitudinal_by_5cm_center_patch,two_pca_torso_definitions_11_stations_width_height_v1.0,ok
127,551.0,pca_4548,rear_first_below_45pct_to_head_first_below_48pct,1.64,1,0.05,0.041587,-0.648053,0.149662,0.370134,1.235551,-0.176593,0.193541,144,24,median_in_1cm_longitudinal_by_5cm_center_patch,two_pca_torso_definitions_11_stations_width_height_v1.0,ok
127,551.0,pca_4548,rear_first_below_45pct_to_head_first_below_48pct,1.64,2,0.14,0.120135,-0.502574,0.124732,0.480735,1.240707,-0.241655,0.23908,195,22,median_in_1cm_longitudinal_by_5cm_center_patch,two_pca_torso_definitions_11_stations_width_height_v1.0,ok
127,551.0,pca_4548,rear_first_below_45pct_to_head_first_below_48pct,1.64,3,0.23,0.198684,-0.357094,0.099802,0.507475,1.24378,-0.254136,0.253339,214,23,median_in_1cm_longitudinal_by_5cm_center_patch,two_pca_torso_definitions_11_stations_width_height_v1.0,ok
127,551.0,pca_4548,rear_first_below_45pct_to_head_first_below_48pct,1.64,4,0.32,0.277233,-0.211615,0.074872,0.521314,1.234469,-0.242073,0.279241,223,23,median_in_1cm_longitudinal_by_5cm_center_patch,two_pca_torso_definitions_11_stations_width_height_v1.0,ok
127,551.0,pca_4548,rear_first_below_45pct_to_head_first_below_48pct,1.64,5,0.41,0.355781,-0.066135,0.049942,0.557892,1.22005,-0.267663,0.290229,221,23,median_in_1cm_longitudinal_by_5cm_center_patch,two_pca_torso_definitions_11_stations_width_height_v1.0,ok
127,551.0,pca_4548,rear_first_below_45pct_to_head_first_below_48pct,1.64,6,0.5,0.43433,0.079344,0.025012,0.50927,1.197546,-0.248729,0.260542,199,20,median_in_1cm_longitudinal_by_5cm_center_patch,two_pca_torso_definitions_11_stations_width_height_v1.0,ok
127,551.0,pca_4548,rear_first_below_45pct_to_head_first_below_48pct,1.64,7,0.59,0.512878,0.224823,8.2e-05,0.453913,1.183874,-0.241792,0.212122,177,21,median_in_1cm_longitudinal_by_5cm_center_patch,two_pca_torso_definitions_11_stations_width_height_v1.0,ok
127,551.0,pca_4548,rear_first_below_45pct_to_head_first_below_48pct,1.64,8,0.68,0.591427,0.370303,-0.024848,0.484734,1.183557,-0.291007,0.193727,188,21,median_in_1cm_longitudinal_by_5cm_center_patch,two_pca_torso_definitions_11_stations_width_height_v1.0,ok
127,551.0,pca_4548,rear_first_below_45pct_to_head_first_below_48pct,1.64,9,0.77,0.669976,0.515782,-0.049778,0.446771,1.16504,-0.243986,0.202784,154,19,median_in_1cm_longitudinal_by_5cm_center_patch,two_pca_torso_definitions_11_stations_width_height_v1.0,ok
127,551.0,pca_4548,rear_first_below_45pct_to_head_first_below_48pct,1.64,10,0.86,0.748524,0.661262,-0.074708,0.297708,1.163811,-0.152671,0.145037,108,19,median_in_1cm_longitudinal_by_5cm_center_patch,two_pca_torso_definitions_11_stations_width_height_v1.0,ok
127,551.0,pca_4548,rear_first_below_45pct_to_head_first_below_48pct,1.64,11,0.95,0.827073,0.806741,-0.099638,0.284356,1.132934,-0.148576,0.13578,119,22,median_in_1cm_longitudinal_by_5cm_center_patch,two_pca_torso_definitions_11_stations_width_height_v1.0,ok
127,551.0,pca_rear70,pca_rear_endpoint_0pct_to_full_length_70pct,1.315364,1,0.05,0.035,-0.660253,0.151753,0.343966,1.234373,-0.151937,0.192028,114,16,median_in_1cm_longitudinal_by_5cm_center_patch,two_pca_torso_definitions_11_stations_width_height_v1.0,ok
127,551.0,pca_rear70,pca_rear_endpoint_0pct_to_full_length_70pct,1.315364,2,0.14,0.098,-0.543571,0.131757,0.470051,1.240737,-0.240677,0.229374,190,23,median_in_1cm_longitudinal_by_5cm_center_patch,two_pca_torso_definitions_11_stations_width_height_v1.0,ok
127,551.0,pca_rear70,pca_rear_endpoint_0pct_to_full_length_70pct,1.315364,3,0.23,0.161,-0.426889,0.111762,0.519627,1.246062,-0.261528,0.258099,213,23,median_in_1cm_longitudinal_by_5cm_center_patch,two_pca_torso_definitions_11_stations_width_height_v1.0,ok
127,551.0,pca_rear70,pca_rear_endpoint_0pct_to_full_length_70pct,1.315364,4,0.32,0.224,-0.310207,0.091767,0.491499,1.24195,-0.247185,0.244314,212,22,median_in_1cm_longitudinal_by_5cm_center_patch,two_pca_torso_definitions_11_stations_width_height_v1.0,ok
127,551.0,pca_rear70,pca_rear_endpoint_0pct_to_full_length_70pct,1.315364,5,0.41,0.287,-0.193525,0.071772,0.534769,1.232348,-0.247846,0.286923,221,21,median_in_1cm_longitudinal_by_5cm_center_patch,two_pca_torso_definitions_11_stations_width_height_v1.0,ok
127,551.0,pca_rear70,pca_rear_endpoint_0pct_to_full_length_70pct,1.315364,6,0.5,0.35,-0.076843,0.051777,0.553886,1.222386,-0.262996,0.29089,217,22,median_in_1cm_longitudinal_by_5cm_center_patch,two_pca_torso_definitions_11_stations_width_height_v1.0,ok
127,551.0,pca_rear70,pca_rear_endpoint_0pct_to_full_length_70pct,1.315364,7,0.59,0.413,0.039839,0.031782,0.526135,1.199361,-0.255661,0.270474,206,21,median_in_1cm_longitudinal_by_5cm_center_patch,two_pca_torso_definitions_11_stations_width_height_v1.0,ok
127,551.0,pca_rear70,pca_rear_endpoint_0pct_to_full_length_70pct,1.315364,8,0.68,0.476,0.156521,0.011787,0.477955,1.189423,-0.233311,0.244644,188,22,median_in_1cm_longitudinal_by_5cm_center_patch,two_pca_torso_definitions_11_stations_width_height_v1.0,ok
127,551.0,pca_rear70,pca_rear_endpoint_0pct_to_full_length_70pct,1.315364,9,0.77,0.539,0.273203,-0.008208,0.45898,1.184414,-0.262957,0.196023,179,21,median_in_1cm_longitudinal_by_5cm_center_patch,two_pca_torso_definitions_11_stations_width_height_v1.0,ok
127,551.0,pca_rear70,pca_rear_endpoint_0pct_to_full_length_70pct,1.315364,10,0.86,0.602,0.389885,-0.028203,0.475782,1.184179,-0.284059,0.191723,179,23,median_in_1cm_longitudinal_by_5cm_center_patch,two_pca_torso_definitions_11_stations_width_height_v1.0,ok
127,551.0,pca_rear70,pca_rear_endpoint_0pct_to_full_length_70pct,1.315364,11,0.95,0.665,0.506567,-0.048199,0.429444,1.167103,-0.237344,0.1921,158,20,median_in_1cm_longitudinal_by_5cm_center_patch,two_pca_torso_definitions_11_stations_width_height_v1.0,ok
128,479.0,pca_4548,rear_first_below_45pct_to_head_first_below_48pct,1.459999,1,0.05,0.037094,-0.710393,0.225376,0.39017,1.235048,-0.181845,0.208326,121,19,median_in_1cm_longitudinal_by_5cm_center_patch,two_pca_torso_definitions_11_stations_width_height_v1.0,ok
128,479.0,pca_4548,rear_first_below_45pct_to_head_first_below_48pct,1.459999,2,0.14,0.105303,-0.580501,0.205526,0.478269,1.266961,-0.225218,0.253051,166,19,median_in_1cm_longitudinal_by_5cm_center_patch,two_pca_torso_definitions_11_stations_width_height_v1.0,ok
128,479.0,pca_4548,rear_first_below_45pct_to_head_first_below_48pct,1.459999,3,0.23,0.173511,-0.450609,0.185677,0.489879,1.306315,-0.24151,0.248369,207,25,median_in_1cm_longitudinal_by_5cm_center_patch,two_pca_torso_definitions_11_stations_width_height_v1.0,ok
128,479.0,pca_4548,rear_first_below_45pct_to_head_first_below_48pct,1.459999,4,0.32,0.241719,-0.320717,0.165827,0.483932,1.297268,-0.225874,0.258058,222,23,median_in_1cm_longitudinal_by_5cm_center_patch,two_pca_torso_definitions_11_stations_width_height_v1.0,ok
128,479.0,pca_4548,rear_first_below_45pct_to_head_first_below_48pct,1.459999,5,0.41,0.309928,-0.190825,0.145978,0.533445,1.291985,-0.268212,0.265233,229,25,median_in_1cm_longitudinal_by_5cm_center_patch,two_pca_torso_definitions_11_stations_width_height_v1.0,ok
128,479.0,pca_4548,rear_first_below_45pct_to_head_first_below_48pct,1.459999,6,0.5,0.378136,-0.060933,0.126129,0.546836,1.274698,-0.28359,0.263246,230,22,median_in_1cm_longitudinal_by_5cm_center_patch,two_pca_torso_definitions_11_stations_width_height_v1.0,ok
128,479.0,pca_4548,rear_first_below_45pct_to_head_first_below_48pct,1.459999,7,0.59,0.446344,0.06896,0.106279,0.524161,1.264237,-0.257675,0.266486,218,24,median_in_1cm_longitudinal_by_5cm_center_patch,two_pca_torso_definitions_11_stations_width_height_v1.0,ok
128,479.0,pca_4548,rear_first_below_45pct_to_head_first_below_48pct,1.459999,8,0.68,0.514553,0.198852,0.08643,0.474873,1.251947,-0.220436,0.254437,183,23,median_in_1cm_longitudinal_by_5cm_center_patch,two_pca_torso_definitions_11_stations_width_height_v1.0,ok
128,479.0,pca_4548,rear_first_below_45pct_to_head_first_below_48pct,1.459999,9,0.77,0.582761,0.328744,0.06658,0.468329,1.237349,-0.194287,0.274042,194,21,median_in_1cm_longitudinal_by_5cm_center_patch,two_pca_torso_definitions_11_stations_width_height_v1.0,ok
128,479.0,pca_4548,rear_first_below_45pct_to_head_first_below_48pct,1.459999,10,0.86,0.65097,0.458636,0.046731,0.428918,1.221228,-0.205705,0.223214,168,20,median_in_1cm_longitudinal_by_5cm_center_patch,two_pca_torso_definitions_11_stations_width_height_v1.0,ok
128,479.0,pca_4548,rear_first_below_45pct_to_head_first_below_48pct,1.459999,11,0.95,0.719178,0.588528,0.026881,0.353496,1.194482,-0.178288,0.175208,132,23,median_in_1cm_longitudinal_by_5cm_center_patch,two_pca_torso_definitions_11_stations_width_height_v1.0,ok
128,479.0,pca_rear70,pca_rear_endpoint_0pct_to_full_length_70pct,1.348514,1,0.05,0.035,-0.714381,0.225985,0.37544,1.235048,-0.174136,0.201303,107,17,median_in_1cm_longitudinal_by_5cm_center_patch,two_pca_torso_definitions_11_stations_width_height_v1.0,ok
128,479.0,pca_rear70,pca_rear_endpoint_0pct_to_full_length_70pct,1.348514,2,0.14,0.098,-0.594408,0.207651,0.492165,1.264169,-0.246439,0.245726,160,19,median_in_1cm_longitudinal_by_5cm_center_patch,two_pca_torso_definitions_11_stations_width_height_v1.0,ok
128,479.0,pca_rear70,pca_rear_endpoint_0pct_to_full_length_70pct,1.348514,3,0.23,0.161,-0.474434,0.189317,0.499925,1.304312,-0.2404,0.259525,202,22,median_in_1cm_longitudinal_by_5cm_center_patch,two_pca_torso_definitions_11_stations_width_height_v1.0,ok
128,479.0,pca_rear70,pca_rear_endpoint_0pct_to_full_length_70pct,1.348514,4,0.32,0.224,-0.354461,0.170983,0.475174,1.300189,-0.218884,0.25629,222,23,median_in_1cm_longitudinal_by_5cm_center_patch,two_pca_torso_definitions_11_stations_width_height_v1.0,ok
128,479.0,pca_rear70,pca_rear_endpoint_0pct_to_full_length_70pct,1.348514,5,0.41,0.287,-0.234487,0.15265,0.532904,1.293712,-0.268131,0.264773,236,23,median_in_1cm_longitudinal_by_5cm_center_patch,two_pca_torso_definitions_11_stations_width_height_v1.0,ok
128,479.0,pca_rear70,pca_rear_endpoint_0pct_to_full_length_70pct,1.348514,6,0.5,0.35,-0.114514,0.134316,0.553128,1.283493,-0.283281,0.269847,235,21,median_in_1cm_longitudinal_by_5cm_center_patch,two_pca_torso_definitions_11_stations_width_height_v1.0,ok
128,479.0,pca_rear70,pca_rear_endpoint_0pct_to_full_length_70pct,1.348514,7,0.59,0.413,0.00546,0.115982,0.543826,1.267169,-0.274912,0.268914,223,22,median_in_1cm_longitudinal_by_5cm_center_patch,two_pca_torso_definitions_11_stations_width_height_v1.0,ok
128,479.0,pca_rear70,pca_rear_endpoint_0pct_to_full_length_70pct,1.348514,8,0.68,0.476,0.125434,0.097649,0.50267,1.26236,-0.24523,0.257439,202,23,median_in_1cm_longitudinal_by_5cm_center_patch,two_pca_torso_definitions_11_stations_width_height_v1.0,ok
128,479.0,pca_rear70,pca_rear_endpoint_0pct_to_full_length_70pct,1.348514,9,0.77,0.539,0.245407,0.079315,0.455577,1.245181,-0.20944,0.246136,182,23,median_in_1cm_longitudinal_by_5cm_center_patch,two_pca_torso_definitions_11_stations_width_height_v1.0,ok
128,479.0,pca_rear70,pca_rear_endpoint_0pct_to_full_length_70pct,1.348514,10,0.86,0.602,0.365381,0.060981,0.484511,1.226495,-0.219781,0.264731,204,19,median_in_1cm_longitudinal_by_5cm_center_patch,two_pca_torso_definitions_11_stations_width_height_v1.0,ok
128,479.0,pca_rear70,pca_rear_endpoint_0pct_to_full_length_70pct,1.348514,11,0.95,0.665,0.485354,0.042647,0.423275,1.218172,-0.203121,0.220154,146,19,median_in_1cm_longitudinal_by_5cm_center_patch,two_pca_torso_definitions_11_stations_width_height_v1.0,ok
129,514.0,pca_4548,rear_first_below_45pct_to_head_first_below_48pct,1.4,1,0.05,0.043463,-0.495111,0.079367,0.41988,1.26375,-0.237299,0.182581,146,20,median_in_1cm_longitudinal_by_5cm_center_patch,two_pca_torso_definitions_11_stations_width_height_v1.0,ok
129,514.0,pca_4548,rear_first_below_45pct_to_head_first_below_48pct,1.4,2,0.14,0.110985,-0.371002,0.057618,0.511855,1.257246,-0.282297,0.229558,208,21,median_in_1cm_longitudinal_by_5cm_center_patch,two_pca_torso_definitions_11_stations_width_height_v1.0,ok
129,514.0,pca_4548,rear_first_below_45pct_to_head_first_below_48pct,1.4,3,0.23,0.178507,-0.246893,0.035868,0.550567,1.252614,-0.285453,0.265115,230,24,median_in_1cm_longitudinal_by_5cm_center_patch,two_pca_torso_definitions_11_stations_width_height_v1.0,ok
129,514.0,pca_4548,rear_first_below_45pct_to_head_first_below_48pct,1.4,4,0.32,0.246029,-0.122785,0.014119,0.550368,1.237664,-0.273813,0.276555,232,22,median_in_1cm_longitudinal_by_5cm_center_patch,two_pca_torso_definitions_11_stations_width_height_v1.0,ok
129,514.0,pca_4548,rear_first_below_45pct_to_head_first_below_48pct,1.4,5,0.41,0.313552,0.001324,-0.00763,0.612228,1.229004,-0.294955,0.317272,243,23,median_in_1cm_longitudinal_by_5cm_center_patch,two_pca_torso_definitions_11_stations_width_height_v1.0,ok
129,514.0,pca_4548,rear_first_below_45pct_to_head_first_below_48pct,1.4,6,0.5,0.381074,0.125432,-0.029379,0.620527,1.213393,-0.302366,0.318161,239,21,median_in_1cm_longitudinal_by_5cm_center_patch,two_pca_torso_definitions_11_stations_width_height_v1.0,ok
129,514.0,pca_4548,rear_first_below_45pct_to_head_first_below_48pct,1.4,7,0.59,0.448596,0.249541,-0.051129,0.570547,1.200958,-0.267858,0.302689,220,21,median_in_1cm_longitudinal_by_5cm_center_patch,two_pca_torso_definitions_11_stations_width_height_v1.0,ok
129,514.0,pca_4548,rear_first_below_45pct_to_head_first_below_48pct,1.4,8,0.68,0.516118,0.37365,-0.072878,0.479844,1.19233,-0.206156,0.273688,179,21,median_in_1cm_longitudinal_by_5cm_center_patch,two_pca_torso_definitions_11_stations_width_height_v1.0,ok
129,514.0,pca_4548,rear_first_below_45pct_to_head_first_below_48pct,1.4,9,0.77,0.58364,0.497758,-0.094627,0.477447,1.170597,-0.154987,0.32246,181,18,median_in_1cm_longitudinal_by_5cm_center_patch,two_pca_torso_definitions_11_stations_width_height_v1.0,ok
129,514.0,pca_4548,rear_first_below_45pct_to_head_first_below_48pct,1.4,10,0.86,0.651163,0.621867,-0.116377,0.475885,1.168697,-0.175128,0.300757,182,22,median_in_1cm_longitudinal_by_5cm_center_patch,two_pca_torso_definitions_11_stations_width_height_v1.0,ok
129,514.0,pca_4548,rear_first_below_45pct_to_head_first_below_48pct,1.4,11,0.95,0.718685,0.745976,-0.138126,0.33916,1.152948,-0.143257,0.195903,137,21,median_in_1cm_longitudinal_by_5cm_center_patch,two_pca_torso_definitions_11_stations_width_height_v1.0,ok
129,514.0,pca_rear70,pca_rear_endpoint_0pct_to_full_length_70pct,1.306236,1,0.05,0.035,-0.510666,0.082093,0.394291,1.259699,-0.231263,0.163028,136,17,median_in_1cm_longitudinal_by_5cm_center_patch,two_pca_torso_definitions_11_stations_width_height_v1.0,ok
129,514.0,pca_rear70,pca_rear_endpoint_0pct_to_full_length_70pct,1.306236,2,0.14,0.098,-0.394869,0.061801,0.491278,1.259299,-0.277753,0.213525,203,21,median_in_1cm_longitudinal_by_5cm_center_patch,two_pca_torso_definitions_11_stations_width_height_v1.0,ok
129,514.0,pca_rear70,pca_rear_endpoint_0pct_to_full_length_70pct,1.306236,3,0.23,0.161,-0.279072,0.041508,0.553425,1.259583,-0.290047,0.263378,234,23,median_in_1cm_longitudinal_by_5cm_center_patch,two_pca_torso_definitions_11_stations_width_height_v1.0,ok
129,514.0,pca_rear70,pca_rear_endpoint_0pct_to_full_length_70pct,1.306236,4,0.32,0.224,-0.163276,0.021215,0.550593,1.241293,-0.273592,0.277001,230,24,median_in_1cm_longitudinal_by_5cm_center_patch,two_pca_torso_definitions_11_stations_width_height_v1.0,ok
129,514.0,pca_rear70,pca_rear_endpoint_0pct_to_full_length_70pct,1.306236,5,0.41,0.287,-0.047479,0.000923,0.573953,1.231455,-0.270579,0.303374,234,23,median_in_1cm_longitudinal_by_5cm_center_patch,two_pca_torso_definitions_11_stations_width_height_v1.0,ok
129,514.0,pca_rear70,pca_rear_endpoint_0pct_to_full_length_70pct,1.306236,6,0.5,0.35,0.068317,-0.01937,0.628847,1.221792,-0.303051,0.325796,243,20,median_in_1cm_longitudinal_by_5cm_center_patch,two_pca_torso_definitions_11_stations_width_height_v1.0,ok
129,514.0,pca_rear70,pca_rear_endpoint_0pct_to_full_length_70pct,1.306236,7,0.59,0.413,0.184114,-0.039663,0.584877,1.205614,-0.28195,0.302928,237,22,median_in_1cm_longitudinal_by_5cm_center_patch,two_pca_torso_definitions_11_stations_width_height_v1.0,ok
129,514.0,pca_rear70,pca_rear_endpoint_0pct_to_full_length_70pct,1.306236,8,0.68,0.476,0.299911,-0.059955,0.531169,1.202173,-0.239376,0.291793,204,22,median_in_1cm_longitudinal_by_5cm_center_patch,two_pca_torso_definitions_11_stations_width_height_v1.0,ok
129,514.0,pca_rear70,pca_rear_endpoint_0pct_to_full_length_70pct,1.306236,9,0.77,0.539,0.415707,-0.080248,0.473661,1.186047,-0.190396,0.283265,186,24,median_in_1cm_longitudinal_by_5cm_center_patch,two_pca_torso_definitions_11_stations_width_height_v1.0,ok
129,514.0,pca_rear70,pca_rear_endpoint_0pct_to_full_length_70pct,1.306236,10,0.86,0.602,0.531504,-0.100541,0.472828,1.165592,-0.150335,0.322493,190,21,median_in_1cm_longitudinal_by_5cm_center_patch,two_pca_torso_definitions_11_stations_width_height_v1.0,ok
129,514.0,pca_rear70,pca_rear_endpoint_0pct_to_full_length_70pct,1.306236,11,0.95,0.665,0.647301,-0.120833,0.452108,1.1695,-0.178322,0.273786,165,23,median_in_1cm_longitudinal_by_5cm_center_patch,two_pca_torso_definitions_11_stations_width_height_v1.0,ok
130,548.0,pca_4548,rear_first_below_45pct_to_head_first_below_48pct,1.46,1,0.05,0.034759,-0.622976,-0.0288,0.360739,1.256003,-0.157221,0.203518,102,16,median_in_1cm_longitudinal_by_5cm_center_patch,two_pca_torso_definitions_11_stations_width_height_v1.0,ok
130,548.0,pca_4548,rear_first_below_45pct_to_head_first_below_48pct,1.46,2,0.14,0.102708,-0.492109,-0.016967,0.479485,1.258827,-0.247295,0.232189,186,23,median_in_1cm_longitudinal_by_5cm_center_patch,two_pca_torso_definitions_11_stations_width_height_v1.0,ok
130,548.0,pca_4548,rear_first_below_45pct_to_head_first_below_48pct,1.46,3,0.23,0.170657,-0.361243,-0.005134,0.521286,1.254228,-0.266345,0.254941,212,23,median_in_1cm_longitudinal_by_5cm_center_patch,two_pca_torso_definitions_11_stations_width_height_v1.0,ok
130,548.0,pca_4548,rear_first_below_45pct_to_head_first_below_48pct,1.46,4,0.32,0.238607,-0.230377,0.006699,0.550795,1.240079,-0.285355,0.26544,229,23,median_in_1cm_longitudinal_by_5cm_center_patch,two_pca_torso_definitions_11_stations_width_height_v1.0,ok
130,548.0,pca_4548,rear_first_below_45pct_to_head_first_below_48pct,1.46,5,0.41,0.306556,-0.099511,0.018532,0.581687,1.242445,-0.281,0.300686,245,22,median_in_1cm_longitudinal_by_5cm_center_patch,two_pca_torso_definitions_11_stations_width_height_v1.0,ok
130,548.0,pca_4548,rear_first_below_45pct_to_head_first_below_48pct,1.46,6,0.5,0.374505,0.031355,0.030365,0.56984,1.232967,-0.277843,0.291997,229,24,median_in_1cm_longitudinal_by_5cm_center_patch,two_pca_torso_definitions_11_stations_width_height_v1.0,ok
130,548.0,pca_4548,rear_first_below_45pct_to_head_first_below_48pct,1.46,7,0.59,0.442454,0.162221,0.042199,0.521486,1.222956,-0.252207,0.269279,206,22,median_in_1cm_longitudinal_by_5cm_center_patch,two_pca_torso_definitions_11_stations_width_height_v1.0,ok
130,548.0,pca_4548,rear_first_below_45pct_to_head_first_below_48pct,1.46,8,0.68,0.510404,0.293087,0.054032,0.463025,1.220108,-0.229164,0.233861,176,25,median_in_1cm_longitudinal_by_5cm_center_patch,two_pca_torso_definitions_11_stations_width_height_v1.0,ok
130,548.0,pca_4548,rear_first_below_45pct_to_head_first_below_48pct,1.46,9,0.77,0.578353,0.423953,0.065865,0.468479,1.203243,-0.267483,0.200996,177,19,median_in_1cm_longitudinal_by_5cm_center_patch,two_pca_torso_definitions_11_stations_width_height_v1.0,ok
130,548.0,pca_4548,rear_first_below_45pct_to_head_first_below_48pct,1.46,10,0.86,0.646302,0.554819,0.077698,0.442844,1.182361,-0.226047,0.216798,167,22,median_in_1cm_longitudinal_by_5cm_center_patch,two_pca_torso_definitions_11_stations_width_height_v1.0,ok
130,548.0,pca_4548,rear_first_below_45pct_to_head_first_below_48pct,1.46,11,0.95,0.714251,0.685686,0.089531,0.350678,1.140036,-0.172047,0.178631,114,21,median_in_1cm_longitudinal_by_5cm_center_patch,two_pca_torso_definitions_11_stations_width_height_v1.0,ok
130,548.0,pca_rear70,pca_rear_endpoint_0pct_to_full_length_70pct,1.353657,1,0.05,0.035,-0.622511,-0.028758,0.358516,1.256003,-0.156734,0.201782,107,18,median_in_1cm_longitudinal_by_5cm_center_patch,two_pca_torso_definitions_11_stations_width_height_v1.0,ok
130,548.0,pca_rear70,pca_rear_endpoint_0pct_to_full_length_70pct,1.353657,2,0.14,0.098,-0.501177,-0.017787,0.496039,1.26074,-0.250989,0.24505,197,22,median_in_1cm_longitudinal_by_5cm_center_patch,two_pca_torso_definitions_11_stations_width_height_v1.0,ok
130,548.0,pca_rear70,pca_rear_endpoint_0pct_to_full_length_70pct,1.353657,3,0.23,0.161,-0.379843,-0.006816,0.511323,1.258797,-0.257359,0.253964,208,24,median_in_1cm_longitudinal_by_5cm_center_patch,two_pca_torso_definitions_11_stations_width_height_v1.0,ok
130,548.0,pca_rear70,pca_rear_endpoint_0pct_to_full_length_70pct,1.353657,4,0.32,0.224,-0.258509,0.004156,0.532473,1.243418,-0.275747,0.256726,231,21,median_in_1cm_longitudinal_by_5cm_center_patch,two_pca_torso_definitions_11_stations_width_height_v1.0,ok
130,548.0,pca_rear70,pca_rear_endpoint_0pct_to_full_length_70pct,1.353657,5,0.41,0.287,-0.137175,0.015127,0.575952,1.240564,-0.272397,0.303556,238,23,median_in_1cm_longitudinal_by_5cm_center_patch,two_pca_torso_definitions_11_stations_width_height_v1.0,ok
130,548.0,pca_rear70,pca_rear_endpoint_0pct_to_full_length_70pct,1.353657,6,0.5,0.35,-0.015841,0.026098,0.574367,1.23905,-0.277599,0.296768,232,23,median_in_1cm_longitudinal_by_5cm_center_patch,two_pca_torso_definitions_11_stations_width_height_v1.0,ok
130,548.0,pca_rear70,pca_rear_endpoint_0pct_to_full_length_70pct,1.353657,7,0.59,0.413,0.105494,0.037069,0.53785,1.22671,-0.255459,0.282391,214,20,median_in_1cm_longitudinal_by_5cm_center_patch,two_pca_torso_definitions_11_stations_width_height_v1.0,ok
130,548.0,pca_rear70,pca_rear_endpoint_0pct_to_full_length_70pct,1.353657,8,0.68,0.476,0.226828,0.04804,0.489404,1.225677,-0.238488,0.250917,198,21,median_in_1cm_longitudinal_by_5cm_center_patch,two_pca_torso_definitions_11_stations_width_height_v1.0,ok
130,548.0,pca_rear70,pca_rear_endpoint_0pct_to_full_length_70pct,1.353657,9,0.77,0.539,0.348162,0.059012,0.460581,1.20922,-0.245837,0.214745,183,22,median_in_1cm_longitudinal_by_5cm_center_patch,two_pca_torso_definitions_11_stations_width_height_v1.0,ok
130,548.0,pca_rear70,pca_rear_endpoint_0pct_to_full_length_70pct,1.353657,10,0.86,0.602,0.469496,0.069983,0.453046,1.195663,-0.257552,0.195494,178,23,median_in_1cm_longitudinal_by_5cm_center_patch,two_pca_torso_definitions_11_stations_width_height_v1.0,ok
130,548.0,pca_rear70,pca_rear_endpoint_0pct_to_full_length_70pct,1.353657,11,0.95,0.665,0.59083,0.080954,0.414402,1.173421,-0.19797,0.216432,137,19,median_in_1cm_longitudinal_by_5cm_center_patch,two_pca_torso_definitions_11_stations_width_height_v1.0,ok
132,418.0,pca_4548,rear_first_below_45pct_to_head_first_below_48pct,1.5,1,0.05,0.045072,-0.424638,0.174187,0.366761,1.267825,-0.161497,0.205264,145,25,median_in_1cm_longitudinal_by_5cm_center_patch,two_pca_torso_definitions_11_stations_width_height_v1.0,ok
132,418.0,pca_4548,rear_first_below_45pct_to_head_first_below_48pct,1.5,2,0.14,0.116661,-0.289711,0.169769,0.486598,1.266594,-0.246032,0.240566,203,22,median_in_1cm_longitudinal_by_5cm_center_patch,two_pca_torso_definitions_11_stations_width_height_v1.0,ok
132,418.0,pca_4548,rear_first_below_45pct_to_head_first_below_48pct,1.5,3,0.23,0.188251,-0.154783,0.165351,0.532578,1.270756,-0.262252,0.270326,227,22,median_in_1cm_longitudinal_by_5cm_center_patch,two_pca_torso_definitions_11_stations_width_height_v1.0,ok
132,418.0,pca_4548,rear_first_below_45pct_to_head_first_below_48pct,1.5,4,0.32,0.25984,-0.019855,0.160933,0.527428,1.26174,-0.258851,0.268577,228,22,median_in_1cm_longitudinal_by_5cm_center_patch,two_pca_torso_definitions_11_stations_width_height_v1.0,ok
132,418.0,pca_4548,rear_first_below_45pct_to_head_first_below_48pct,1.5,5,0.41,0.331429,0.115072,0.156515,0.56014,1.25961,-0.274213,0.285927,233,24,median_in_1cm_longitudinal_by_5cm_center_patch,two_pca_torso_definitions_11_stations_width_height_v1.0,ok
132,418.0,pca_4548,rear_first_below_45pct_to_head_first_below_48pct,1.5,6,0.5,0.403019,0.25,0.152096,0.560069,1.254544,-0.272165,0.287904,228,27,median_in_1cm_longitudinal_by_5cm_center_patch,two_pca_torso_definitions_11_stations_width_height_v1.0,ok
132,418.0,pca_4548,rear_first_below_45pct_to_head_first_below_48pct,1.5,7,0.59,0.474608,0.384928,0.147678,0.527306,1.262734,-0.254487,0.272819,215,23,median_in_1cm_longitudinal_by_5cm_center_patch,two_pca_torso_definitions_11_stations_width_height_v1.0,ok
132,418.0,pca_4548,rear_first_below_45pct_to_head_first_below_48pct,1.5,8,0.68,0.546198,0.519855,0.14326,0.432044,1.254475,-0.211152,0.220892,179,26,median_in_1cm_longitudinal_by_5cm_center_patch,two_pca_torso_definitions_11_stations_width_height_v1.0,ok
132,418.0,pca_4548,rear_first_below_45pct_to_head_first_below_48pct,1.5,9,0.77,0.617787,0.654783,0.138842,0.456237,1.247118,-0.242047,0.214189,187,20,median_in_1cm_longitudinal_by_5cm_center_patch,two_pca_torso_definitions_11_stations_width_height_v1.0,ok
132,418.0,pca_4548,rear_first_below_45pct_to_head_first_below_48pct,1.5,10,0.86,0.689377,0.789711,0.134424,0.449073,1.23727,-0.234276,0.214797,162,20,median_in_1cm_longitudinal_by_5cm_center_patch,two_pca_torso_definitions_11_stations_width_height_v1.0,ok
132,418.0,pca_4548,rear_first_below_45pct_to_head_first_below_48pct,1.5,11,0.95,0.760966,0.924638,0.130006,0.353158,1.210956,-0.166654,0.186504,124,22,median_in_1cm_longitudinal_by_5cm_center_patch,two_pca_torso_definitions_11_stations_width_height_v1.0,ok
132,418.0,pca_rear70,pca_rear_endpoint_0pct_to_full_length_70pct,1.320027,1,0.05,0.035,-0.443621,0.174809,0.35459,1.261628,-0.146777,0.207814,124,20,median_in_1cm_longitudinal_by_5cm_center_patch,two_pca_torso_definitions_11_stations_width_height_v1.0,ok
132,418.0,pca_rear70,pca_rear_endpoint_0pct_to_full_length_70pct,1.320027,2,0.14,0.098,-0.324882,0.170921,0.474631,1.257583,-0.23079,0.243841,192,21,median_in_1cm_longitudinal_by_5cm_center_patch,two_pca_torso_definitions_11_stations_width_height_v1.0,ok
132,418.0,pca_rear70,pca_rear_endpoint_0pct_to_full_length_70pct,1.320027,3,0.23,0.161,-0.206143,0.167033,0.528791,1.270187,-0.261928,0.266863,227,22,median_in_1cm_longitudinal_by_5cm_center_patch,two_pca_torso_definitions_11_stations_width_height_v1.0,ok
132,418.0,pca_rear70,pca_rear_endpoint_0pct_to_full_length_70pct,1.320027,4,0.32,0.224,-0.087405,0.163145,0.522603,1.267044,-0.265656,0.256947,230,27,median_in_1cm_longitudinal_by_5cm_center_patch,two_pca_torso_definitions_11_stations_width_height_v1.0,ok
132,418.0,pca_rear70,pca_rear_endpoint_0pct_to_full_length_70pct,1.320027,5,0.41,0.287,0.031334,0.159257,0.542106,1.257516,-0.257032,0.285074,231,22,median_in_1cm_longitudinal_by_5cm_center_patch,two_pca_torso_definitions_11_stations_width_height_v1.0,ok
132,418.0,pca_rear70,pca_rear_endpoint_0pct_to_full_length_70pct,1.320027,6,0.5,0.35,0.150073,0.155368,0.559785,1.258518,-0.274495,0.28529,243,20,median_in_1cm_longitudinal_by_5cm_center_patch,two_pca_torso_definitions_11_stations_width_height_v1.0,ok
132,418.0,pca_rear70,pca_rear_endpoint_0pct_to_full_length_70pct,1.320027,7,0.59,0.413,0.268812,0.15148,0.554839,1.256795,-0.269563,0.285277,228,29,median_in_1cm_longitudinal_by_5cm_center_patch,two_pca_torso_definitions_11_stations_width_height_v1.0,ok
132,418.0,pca_rear70,pca_rear_endpoint_0pct_to_full_length_70pct,1.320027,8,0.68,0.476,0.387551,0.147592,0.51729,1.26305,-0.250481,0.266808,215,22,median_in_1cm_longitudinal_by_5cm_center_patch,two_pca_torso_definitions_11_stations_width_height_v1.0,ok
132,418.0,pca_rear70,pca_rear_endpoint_0pct_to_full_length_70pct,1.320027,9,0.77,0.539,0.506289,0.143704,0.438476,1.253935,-0.210813,0.227664,182,24,median_in_1cm_longitudinal_by_5cm_center_patch,two_pca_torso_definitions_11_stations_width_height_v1.0,ok
132,418.0,pca_rear70,pca_rear_endpoint_0pct_to_full_length_70pct,1.320027,10,0.86,0.602,0.625028,0.139816,0.441222,1.249767,-0.235532,0.205691,200,24,median_in_1cm_longitudinal_by_5cm_center_patch,two_pca_torso_definitions_11_stations_width_height_v1.0,ok
132,418.0,pca_rear70,pca_rear_endpoint_0pct_to_full_length_70pct,1.320027,11,0.95,0.665,0.743767,0.135928,0.471656,1.246046,-0.253689,0.217966,189,26,median_in_1cm_longitudinal_by_5cm_center_patch,two_pca_torso_definitions_11_stations_width_height_v1.0,ok
133,531.0,pca_4548,rear_first_below_45pct_to_head_first_below_48pct,1.48,1,0.05,0.039526,-0.488877,0.013935,0.405232,1.172929,-0.245909,0.159322,132,20,median_in_1cm_longitudinal_by_5cm_center_patch,two_pca_torso_definitions_11_stations_width_height_v1.0,ok
133,531.0,pca_4548,rear_first_below_45pct_to_head_first_below_48pct,1.48,2,0.14,0.108385,-0.355759,0.009265,0.509838,1.172014,-0.257229,0.252608,189,22,median_in_1cm_longitudinal_by_5cm_center_patch,two_pca_torso_definitions_11_stations_width_height_v1.0,ok
133,531.0,pca_4548,rear_first_below_45pct_to_head_first_below_48pct,1.48,3,0.23,0.177243,-0.222641,0.004595,0.53433,1.150166,-0.266695,0.267635,213,24,median_in_1cm_longitudinal_by_5cm_center_patch,two_pca_torso_definitions_11_stations_width_height_v1.0,ok
133,531.0,pca_4548,rear_first_below_45pct_to_head_first_below_48pct,1.48,4,0.32,0.246101,-0.089523,-7.5e-05,0.506456,1.123803,-0.246477,0.259979,196,20,median_in_1cm_longitudinal_by_5cm_center_patch,two_pca_torso_definitions_11_stations_width_height_v1.0,ok
133,531.0,pca_4548,rear_first_below_45pct_to_head_first_below_48pct,1.48,5,0.41,0.31496,0.043595,-0.004744,0.580686,1.118975,-0.296694,0.283991,211,20,median_in_1cm_longitudinal_by_5cm_center_patch,two_pca_torso_definitions_11_stations_width_height_v1.0,ok
133,531.0,pca_4548,rear_first_below_45pct_to_head_first_below_48pct,1.48,6,0.5,0.383818,0.176713,-0.009414,0.601671,1.118589,-0.297621,0.30405,222,20,median_in_1cm_longitudinal_by_5cm_center_patch,two_pca_torso_definitions_11_stations_width_height_v1.0,ok
133,531.0,pca_4548,rear_first_below_45pct_to_head_first_below_48pct,1.48,7,0.59,0.452677,0.309831,-0.014084,0.546056,1.135262,-0.256323,0.289734,218,23,median_in_1cm_longitudinal_by_5cm_center_patch,two_pca_torso_definitions_11_stations_width_height_v1.0,ok
133,531.0,pca_4548,rear_first_below_45pct_to_head_first_below_48pct,1.48,8,0.68,0.521535,0.442949,-0.018753,0.476143,1.13864,-0.232072,0.244071,174,20,median_in_1cm_longitudinal_by_5cm_center_patch,two_pca_torso_definitions_11_stations_width_height_v1.0,ok
133,531.0,pca_4548,rear_first_below_45pct_to_head_first_below_48pct,1.48,9,0.77,0.590393,0.576067,-0.023423,0.47837,1.134799,-0.239522,0.238848,186,22,median_in_1cm_longitudinal_by_5cm_center_patch,two_pca_torso_definitions_11_stations_width_height_v1.0,ok
133,531.0,pca_4548,rear_first_below_45pct_to_head_first_below_48pct,1.48,10,0.86,0.659252,0.709185,-0.028093,0.462096,1.129708,-0.182292,0.279804,156,20,median_in_1cm_longitudinal_by_5cm_center_patch,two_pca_torso_definitions_11_stations_width_height_v1.0,ok
133,531.0,pca_4548,rear_first_below_45pct_to_head_first_below_48pct,1.48,11,0.95,0.72811,0.842303,-0.032763,0.351067,1.10121,-0.096351,0.254716,99,14,median_in_1cm_longitudinal_by_5cm_center_patch,two_pca_torso_definitions_11_stations_width_height_v1.0,ok
133,531.0,pca_rear70,pca_rear_endpoint_0pct_to_full_length_70pct,1.354083,1,0.05,0.035,-0.497627,0.014241,0.399119,1.167635,-0.24499,0.15413,130,19,median_in_1cm_longitudinal_by_5cm_center_patch,two_pca_torso_definitions_11_stations_width_height_v1.0,ok
133,531.0,pca_rear70,pca_rear_endpoint_0pct_to_full_length_70pct,1.354083,2,0.14,0.098,-0.375835,0.009969,0.510857,1.18257,-0.255843,0.255015,189,22,median_in_1cm_longitudinal_by_5cm_center_patch,two_pca_torso_definitions_11_stations_width_height_v1.0,ok
133,531.0,pca_rear70,pca_rear_endpoint_0pct_to_full_length_70pct,1.354083,3,0.23,0.161,-0.254042,0.005697,0.515033,1.156556,-0.256508,0.258525,202,19,median_in_1cm_longitudinal_by_5cm_center_patch,two_pca_torso_definitions_11_stations_width_height_v1.0,ok
133,531.0,pca_rear70,pca_rear_endpoint_0pct_to_full_length_70pct,1.354083,4,0.32,0.224,-0.13225,0.001424,0.510298,1.134559,-0.242013,0.268285,195,20,median_in_1cm_longitudinal_by_5cm_center_patch,two_pca_torso_definitions_11_stations_width_height_v1.0,ok
133,531.0,pca_rear70,pca_rear_endpoint_0pct_to_full_length_70pct,1.354083,5,0.41,0.287,-0.010457,-0.002848,0.528753,1.120164,-0.267583,0.26117,198,18,median_in_1cm_longitudinal_by_5cm_center_patch,two_pca_torso_definitions_11_stations_width_height_v1.0,ok
133,531.0,pca_rear70,pca_rear_endpoint_0pct_to_full_length_70pct,1.354083,6,0.5,0.35,0.111335,-0.00712,0.599684,1.120765,-0.295727,0.303957,225,20,median_in_1cm_longitudinal_by_5cm_center_patch,two_pca_torso_definitions_11_stations_width_height_v1.0,ok
133,531.0,pca_rear70,pca_rear_endpoint_0pct_to_full_length_70pct,1.354083,7,0.59,0.413,0.233128,-0.011393,0.580643,1.122793,-0.2764,0.304243,213,21,median_in_1cm_longitudinal_by_5cm_center_patch,two_pca_torso_definitions_11_stations_width_height_v1.0,ok
133,531.0,pca_rear70,pca_rear_endpoint_0pct_to_full_length_70pct,1.354083,8,0.68,0.476,0.354921,-0.015665,0.509015,1.141357,-0.241276,0.267739,187,20,median_in_1cm_longitudinal_by_5cm_center_patch,two_pca_torso_definitions_11_stations_width_height_v1.0,ok
133,531.0,pca_rear70,pca_rear_endpoint_0pct_to_full_length_70pct,1.354083,9,0.77,0.539,0.476713,-0.019938,0.487796,1.141084,-0.249128,0.238668,174,20,median_in_1cm_longitudinal_by_5cm_center_patch,two_pca_torso_definitions_11_stations_width_height_v1.0,ok
133,531.0,pca_rear70,pca_rear_endpoint_0pct_to_full_length_70pct,1.354083,10,0.86,0.602,0.598506,-0.02421,0.458409,1.134559,-0.226884,0.231525,190,21,median_in_1cm_longitudinal_by_5cm_center_patch,two_pca_torso_definitions_11_stations_width_height_v1.0,ok
133,531.0,pca_rear70,pca_rear_endpoint_0pct_to_full_length_70pct,1.354083,11,0.95,0.665,0.720298,-0.028482,0.449492,1.129424,-0.176241,0.273251,156,21,median_in_1cm_longitudinal_by_5cm_center_patch,two_pca_torso_definitions_11_stations_width_height_v1.0,ok
134,512.0,pca_4548,rear_first_below_45pct_to_head_first_below_48pct,1.319999,1,0.05,0.046887,-0.267152,-0.144428,0.359413,1.203481,-0.185348,0.174065,137,19,median_in_1cm_longitudinal_by_5cm_center_patch,two_pca_torso_definitions_11_stations_width_height_v1.0,ok
134,512.0,pca_4548,rear_first_below_45pct_to_head_first_below_48pct,1.319999,2,0.14,0.113488,-0.148353,-0.144004,0.454962,1.208981,-0.221918,0.233043,179,20,median_in_1cm_longitudinal_by_5cm_center_patch,two_pca_torso_definitions_11_stations_width_height_v1.0,ok
134,512.0,pca_4548,rear_first_below_45pct_to_head_first_below_48pct,1.319999,3,0.23,0.18009,-0.029554,-0.143581,0.46914,1.219471,-0.223669,0.245471,195,20,median_in_1cm_longitudinal_by_5cm_center_patch,two_pca_torso_definitions_11_stations_width_height_v1.0,ok
134,512.0,pca_4548,rear_first_below_45pct_to_head_first_below_48pct,1.319999,4,0.32,0.246691,0.089245,-0.143157,0.488262,1.207105,-0.238074,0.250189,202,20,median_in_1cm_longitudinal_by_5cm_center_patch,two_pca_torso_definitions_11_stations_width_height_v1.0,ok
134,512.0,pca_4548,rear_first_below_45pct_to_head_first_below_48pct,1.319999,5,0.41,0.313292,0.208044,-0.142734,0.523832,1.208037,-0.282409,0.241423,219,20,median_in_1cm_longitudinal_by_5cm_center_patch,two_pca_torso_definitions_11_stations_width_height_v1.0,ok
134,512.0,pca_4548,rear_first_below_45pct_to_head_first_below_48pct,1.319999,6,0.5,0.379894,0.326843,-0.142311,0.547228,1.21005,-0.303372,0.243855,224,20,median_in_1cm_longitudinal_by_5cm_center_patch,two_pca_torso_definitions_11_stations_width_height_v1.0,ok
134,512.0,pca_4548,rear_first_below_45pct_to_head_first_below_48pct,1.319999,7,0.59,0.446495,0.445643,-0.141887,0.50522,1.210596,-0.276874,0.228345,207,20,median_in_1cm_longitudinal_by_5cm_center_patch,two_pca_torso_definitions_11_stations_width_height_v1.0,ok
134,512.0,pca_4548,rear_first_below_45pct_to_head_first_below_48pct,1.319999,8,0.68,0.513096,0.564442,-0.141464,0.451208,1.212798,-0.241229,0.209979,178,19,median_in_1cm_longitudinal_by_5cm_center_patch,two_pca_torso_definitions_11_stations_width_height_v1.0,ok
134,512.0,pca_4548,rear_first_below_45pct_to_head_first_below_48pct,1.319999,9,0.77,0.579697,0.683241,-0.14104,0.430627,1.192343,-0.20437,0.226258,175,21,median_in_1cm_longitudinal_by_5cm_center_patch,two_pca_torso_definitions_11_stations_width_height_v1.0,ok
134,512.0,pca_4548,rear_first_below_45pct_to_head_first_below_48pct,1.319999,10,0.86,0.646299,0.80204,-0.140617,0.392884,1.177324,-0.194412,0.198472,132,17,median_in_1cm_longitudinal_by_5cm_center_patch,two_pca_torso_definitions_11_stations_width_height_v1.0,ok
134,512.0,pca_4548,rear_first_below_45pct_to_head_first_below_48pct,1.319999,11,0.95,0.7129,0.920839,-0.140193,0.327056,1.146725,-0.180848,0.146208,117,21,median_in_1cm_longitudinal_by_5cm_center_patch,two_pca_torso_definitions_11_stations_width_height_v1.0,ok
134,512.0,pca_rear70,pca_rear_endpoint_0pct_to_full_length_70pct,1.248625,1,0.05,0.035,-0.288356,-0.144503,0.320474,1.197813,-0.165138,0.155336,118,19,median_in_1cm_longitudinal_by_5cm_center_patch,two_pca_torso_definitions_11_stations_width_height_v1.0,ok
134,512.0,pca_rear70,pca_rear_endpoint_0pct_to_full_length_70pct,1.248625,2,0.14,0.098,-0.175981,-0.144103,0.464597,1.208304,-0.228316,0.236281,178,20,median_in_1cm_longitudinal_by_5cm_center_patch,two_pca_torso_definitions_11_stations_width_height_v1.0,ok
134,512.0,pca_rear70,pca_rear_endpoint_0pct_to_full_length_70pct,1.248625,3,0.23,0.161,-0.063605,-0.143702,0.47059,1.221363,-0.218799,0.251792,196,20,median_in_1cm_longitudinal_by_5cm_center_patch,two_pca_torso_definitions_11_stations_width_height_v1.0,ok
134,512.0,pca_rear70,pca_rear_endpoint_0pct_to_full_length_70pct,1.248625,4,0.32,0.224,0.04877,-0.143302,0.468854,1.210534,-0.219125,0.249729,222,20,median_in_1cm_longitudinal_by_5cm_center_patch,two_pca_torso_definitions_11_stations_width_height_v1.0,ok
134,512.0,pca_rear70,pca_rear_endpoint_0pct_to_full_length_70pct,1.248625,5,0.41,0.287,0.161146,-0.142901,0.514477,1.209853,-0.274355,0.240122,210,20,median_in_1cm_longitudinal_by_5cm_center_patch,two_pca_torso_definitions_11_stations_width_height_v1.0,ok
134,512.0,pca_rear70,pca_rear_endpoint_0pct_to_full_length_70pct,1.248625,6,0.5,0.35,0.273521,-0.142501,0.54657,1.211478,-0.298419,0.248151,235,26,median_in_1cm_longitudinal_by_5cm_center_patch,two_pca_torso_definitions_11_stations_width_height_v1.0,ok
134,512.0,pca_rear70,pca_rear_endpoint_0pct_to_full_length_70pct,1.248625,7,0.59,0.413,0.385897,-0.1421,0.539328,1.208982,-0.299669,0.239659,217,23,median_in_1cm_longitudinal_by_5cm_center_patch,two_pca_torso_definitions_11_stations_width_height_v1.0,ok
134,512.0,pca_rear70,pca_rear_endpoint_0pct_to_full_length_70pct,1.248625,8,0.68,0.476,0.498273,-0.141699,0.489287,1.214398,-0.266076,0.223211,203,25,median_in_1cm_longitudinal_by_5cm_center_patch,two_pca_torso_definitions_11_stations_width_height_v1.0,ok
134,512.0,pca_rear70,pca_rear_endpoint_0pct_to_full_length_70pct,1.248625,9,0.77,0.539,0.610648,-0.141299,0.45132,1.204688,-0.233165,0.218155,166,21,median_in_1cm_longitudinal_by_5cm_center_patch,two_pca_torso_definitions_11_stations_width_height_v1.0,ok
134,512.0,pca_rear70,pca_rear_endpoint_0pct_to_full_length_70pct,1.248625,10,0.86,0.602,0.723024,-0.140898,0.42368,1.186469,-0.19959,0.22409,161,24,median_in_1cm_longitudinal_by_5cm_center_patch,two_pca_torso_definitions_11_stations_width_height_v1.0,ok
134,512.0,pca_rear70,pca_rear_endpoint_0pct_to_full_length_70pct,1.248625,11,0.95,0.665,0.835399,-0.140498,0.380446,1.162817,-0.193056,0.187391,135,20,median_in_1cm_longitudinal_by_5cm_center_patch,two_pca_torso_definitions_11_stations_width_height_v1.0,ok
135,413.0,pca_4548,rear_first_below_45pct_to_head_first_below_48pct,1.620001,1,0.05,0.033338,-0.573105,0.008993,0.368265,1.240146,-0.196192,0.172073,115,18,median_in_1cm_longitudinal_by_5cm_center_patch,two_pca_torso_definitions_11_stations_width_height_v1.0,ok
135,413.0,pca_4548,rear_first_below_45pct_to_head_first_below_48pct,1.620001,2,0.14,0.107276,-0.4277,-0.001737,0.502126,1.247602,-0.257723,0.244403,200,24,median_in_1cm_longitudinal_by_5cm_center_patch,two_pca_torso_definitions_11_stations_width_height_v1.0,ok
135,413.0,pca_4548,rear_first_below_45pct_to_head_first_below_48pct,1.620001,3,0.23,0.181215,-0.282295,-0.012467,0.516626,1.229848,-0.251674,0.264953,214,22,median_in_1cm_longitudinal_by_5cm_center_patch,two_pca_torso_definitions_11_stations_width_height_v1.0,ok
135,413.0,pca_4548,rear_first_below_45pct_to_head_first_below_48pct,1.620001,4,0.32,0.255153,-0.13689,-0.023196,0.543202,1.207145,-0.272711,0.270491,225,21,median_in_1cm_longitudinal_by_5cm_center_patch,two_pca_torso_definitions_11_stations_width_height_v1.0,ok
135,413.0,pca_4548,rear_first_below_45pct_to_head_first_below_48pct,1.620001,5,0.41,0.329092,0.008514,-0.033926,0.614869,1.197955,-0.313483,0.301386,236,20,median_in_1cm_longitudinal_by_5cm_center_patch,two_pca_torso_definitions_11_stations_width_height_v1.0,ok
135,413.0,pca_4548,rear_first_below_45pct_to_head_first_below_48pct,1.620001,6,0.5,0.40303,0.153919,-0.044656,0.597427,1.184848,-0.297892,0.299534,227,21,median_in_1cm_longitudinal_by_5cm_center_patch,two_pca_torso_definitions_11_stations_width_height_v1.0,ok
135,413.0,pca_4548,rear_first_below_45pct_to_head_first_below_48pct,1.620001,7,0.59,0.476968,0.299324,-0.055386,0.536514,1.189023,-0.272922,0.263593,202,21,median_in_1cm_longitudinal_by_5cm_center_patch,two_pca_torso_definitions_11_stations_width_height_v1.0,ok
135,413.0,pca_4548,rear_first_below_45pct_to_head_first_below_48pct,1.620001,8,0.68,0.550907,0.444728,-0.066116,0.492818,1.180526,-0.271426,0.221392,198,22,median_in_1cm_longitudinal_by_5cm_center_patch,two_pca_torso_definitions_11_stations_width_height_v1.0,ok
135,413.0,pca_4548,rear_first_below_45pct_to_head_first_below_48pct,1.620001,9,0.77,0.624845,0.590133,-0.076845,0.514084,1.180937,-0.255723,0.258361,199,22,median_in_1cm_longitudinal_by_5cm_center_patch,two_pca_torso_definitions_11_stations_width_height_v1.0,ok
135,413.0,pca_4548,rear_first_below_45pct_to_head_first_below_48pct,1.620001,10,0.86,0.698784,0.735538,-0.087575,0.439632,1.160478,-0.191028,0.248604,152,19,median_in_1cm_longitudinal_by_5cm_center_patch,two_pca_torso_definitions_11_stations_width_height_v1.0,ok
135,413.0,pca_4548,rear_first_below_45pct_to_head_first_below_48pct,1.620001,11,0.95,0.772722,0.880943,-0.098305,0.30036,1.130354,-0.161521,0.138838,88,14,median_in_1cm_longitudinal_by_5cm_center_patch,two_pca_torso_definitions_11_stations_width_height_v1.0,ok
135,413.0,pca_rear70,pca_rear_endpoint_0pct_to_full_length_70pct,1.380339,1,0.05,0.035,-0.569836,0.008752,0.379037,1.241779,-0.207009,0.172028,118,20,median_in_1cm_longitudinal_by_5cm_center_patch,two_pca_torso_definitions_11_stations_width_height_v1.0,ok
135,413.0,pca_rear70,pca_rear_endpoint_0pct_to_full_length_70pct,1.380339,2,0.14,0.098,-0.445943,-0.000391,0.484288,1.251956,-0.247279,0.237009,198,24,median_in_1cm_longitudinal_by_5cm_center_patch,two_pca_torso_definitions_11_stations_width_height_v1.0,ok
135,413.0,pca_rear70,pca_rear_endpoint_0pct_to_full_length_70pct,1.380339,3,0.23,0.161,-0.322049,-0.009533,0.517783,1.237533,-0.256572,0.261211,215,23,median_in_1cm_longitudinal_by_5cm_center_patch,two_pca_torso_definitions_11_stations_width_height_v1.0,ok
135,413.0,pca_rear70,pca_rear_endpoint_0pct_to_full_length_70pct,1.380339,4,0.32,0.224,-0.198155,-0.018676,0.51891,1.214297,-0.252224,0.266686,225,20,median_in_1cm_longitudinal_by_5cm_center_patch,two_pca_torso_definitions_11_stations_width_height_v1.0,ok
135,413.0,pca_rear70,pca_rear_endpoint_0pct_to_full_length_70pct,1.380339,5,0.41,0.287,-0.074262,-0.027818,0.587488,1.202299,-0.297126,0.290362,224,21,median_in_1cm_longitudinal_by_5cm_center_patch,two_pca_torso_definitions_11_stations_width_height_v1.0,ok
135,413.0,pca_rear70,pca_rear_endpoint_0pct_to_full_length_70pct,1.380339,6,0.5,0.35,0.049632,-0.03696,0.616582,1.195144,-0.312599,0.303984,237,22,median_in_1cm_longitudinal_by_5cm_center_patch,two_pca_torso_definitions_11_stations_width_height_v1.0,ok
135,413.0,pca_rear70,pca_rear_endpoint_0pct_to_full_length_70pct,1.380339,7,0.59,0.413,0.173526,-0.046103,0.583688,1.183503,-0.293867,0.289821,225,22,median_in_1cm_longitudinal_by_5cm_center_patch,two_pca_torso_definitions_11_stations_width_height_v1.0,ok
135,413.0,pca_rear70,pca_rear_endpoint_0pct_to_full_length_70pct,1.380339,8,0.68,0.476,0.297419,-0.055245,0.530465,1.18917,-0.266484,0.263981,203,20,median_in_1cm_longitudinal_by_5cm_center_patch,two_pca_torso_definitions_11_stations_width_height_v1.0,ok
135,413.0,pca_rear70,pca_rear_endpoint_0pct_to_full_length_70pct,1.380339,9,0.77,0.539,0.421313,-0.064388,0.494608,1.180427,-0.266985,0.227622,193,20,median_in_1cm_longitudinal_by_5cm_center_patch,two_pca_torso_definitions_11_stations_width_height_v1.0,ok
135,413.0,pca_rear70,pca_rear_endpoint_0pct_to_full_length_70pct,1.380339,10,0.86,0.602,0.545207,-0.07353,0.516761,1.180391,-0.264931,0.25183,202,20,median_in_1cm_longitudinal_by_5cm_center_patch,two_pca_torso_definitions_11_stations_width_height_v1.0,ok
135,413.0,pca_rear70,pca_rear_endpoint_0pct_to_full_length_70pct,1.380339,11,0.95,0.665,0.6691,-0.082673,0.49584,1.172695,-0.231644,0.264196,164,17,median_in_1cm_longitudinal_by_5cm_center_patch,two_pca_torso_definitions_11_stations_width_height_v1.0,ok
136,563.0,pca_4548,rear_first_below_45pct_to_head_first_below_48pct,1.44,1,0.05,0.045952,-0.419353,0.246055,0.351179,1.205585,-0.14682,0.204359,130,20,median_in_1cm_longitudinal_by_5cm_center_patch,two_pca_torso_definitions_11_stations_width_height_v1.0,ok
136,563.0,pca_4548,rear_first_below_45pct_to_head_first_below_48pct,1.44,2,0.14,0.115633,-0.28978,0.243366,0.454837,1.224254,-0.219699,0.235138,185,22,median_in_1cm_longitudinal_by_5cm_center_patch,two_pca_torso_definitions_11_stations_width_height_v1.0,ok
136,563.0,pca_4548,rear_first_below_45pct_to_head_first_below_48pct,1.44,3,0.23,0.185315,-0.160208,0.240678,0.517212,1.233119,-0.243584,0.273628,212,22,median_in_1cm_longitudinal_by_5cm_center_patch,two_pca_torso_definitions_11_stations_width_height_v1.0,ok
136,563.0,pca_4548,rear_first_below_45pct_to_head_first_below_48pct,1.44,4,0.32,0.254996,-0.030636,0.23799,0.512543,1.223969,-0.245426,0.267117,208,22,median_in_1cm_longitudinal_by_5cm_center_patch,two_pca_torso_definitions_11_stations_width_height_v1.0,ok
136,563.0,pca_4548,rear_first_below_45pct_to_head_first_below_48pct,1.44,5,0.41,0.324677,0.098936,0.235302,0.599987,1.224641,-0.289251,0.310736,238,20,median_in_1cm_longitudinal_by_5cm_center_patch,two_pca_torso_definitions_11_stations_width_height_v1.0,ok
136,563.0,pca_4548,rear_first_below_45pct_to_head_first_below_48pct,1.44,6,0.5,0.394359,0.228508,0.232614,0.600664,1.216201,-0.29112,0.309545,238,20,median_in_1cm_longitudinal_by_5cm_center_patch,two_pca_torso_definitions_11_stations_width_height_v1.0,ok
136,563.0,pca_4548,rear_first_below_45pct_to_head_first_below_48pct,1.44,7,0.59,0.46404,0.35808,0.229925,0.542709,1.219715,-0.259669,0.283039,210,20,median_in_1cm_longitudinal_by_5cm_center_patch,two_pca_torso_definitions_11_stations_width_height_v1.0,ok
136,563.0,pca_4548,rear_first_below_45pct_to_head_first_below_48pct,1.44,8,0.68,0.533721,0.487652,0.227237,0.479259,1.21491,-0.23018,0.249079,187,22,median_in_1cm_longitudinal_by_5cm_center_patch,two_pca_torso_definitions_11_stations_width_height_v1.0,ok
136,563.0,pca_4548,rear_first_below_45pct_to_head_first_below_48pct,1.44,9,0.77,0.603403,0.617224,0.224549,0.473003,1.216723,-0.216601,0.256402,193,22,median_in_1cm_longitudinal_by_5cm_center_patch,two_pca_torso_definitions_11_stations_width_height_v1.0,ok
136,563.0,pca_4548,rear_first_below_45pct_to_head_first_below_48pct,1.44,10,0.86,0.673084,0.746796,0.221861,0.461918,1.201472,-0.253498,0.208419,176,19,median_in_1cm_longitudinal_by_5cm_center_patch,two_pca_torso_definitions_11_stations_width_height_v1.0,ok
136,563.0,pca_4548,rear_first_below_45pct_to_head_first_below_48pct,1.44,11,0.95,0.742765,0.876368,0.219172,0.37067,1.177571,-0.219897,0.150772,122,19,median_in_1cm_longitudinal_by_5cm_center_patch,two_pca_torso_definitions_11_stations_width_height_v1.0,ok
136,563.0,pca_rear70,pca_rear_endpoint_0pct_to_full_length_70pct,1.301926,1,0.05,0.035,-0.439718,0.246477,0.32718,1.184319,-0.138431,0.188749,109,20,median_in_1cm_longitudinal_by_5cm_center_patch,two_pca_torso_definitions_11_stations_width_height_v1.0,ok
136,563.0,pca_rear70,pca_rear_endpoint_0pct_to_full_length_70pct,1.301926,2,0.14,0.098,-0.32257,0.244046,0.433979,1.222973,-0.204842,0.229136,174,22,median_in_1cm_longitudinal_by_5cm_center_patch,two_pca_torso_definitions_11_stations_width_height_v1.0,ok
136,563.0,pca_rear70,pca_rear_endpoint_0pct_to_full_length_70pct,1.301926,3,0.23,0.161,-0.205421,0.241616,0.509748,1.230467,-0.237837,0.27191,214,23,median_in_1cm_longitudinal_by_5cm_center_patch,two_pca_torso_definitions_11_stations_width_height_v1.0,ok
136,563.0,pca_rear70,pca_rear_endpoint_0pct_to_full_length_70pct,1.301926,4,0.32,0.224,-0.088273,0.239185,0.511425,1.228735,-0.247361,0.264064,211,20,median_in_1cm_longitudinal_by_5cm_center_patch,two_pca_torso_definitions_11_stations_width_height_v1.0,ok
136,563.0,pca_rear70,pca_rear_endpoint_0pct_to_full_length_70pct,1.301926,5,0.41,0.287,0.028875,0.236755,0.565473,1.221809,-0.258254,0.307219,226,20,median_in_1cm_longitudinal_by_5cm_center_patch,two_pca_torso_definitions_11_stations_width_height_v1.0,ok
136,563.0,pca_rear70,pca_rear_endpoint_0pct_to_full_length_70pct,1.301926,6,0.5,0.35,0.146023,0.234324,0.598718,1.225042,-0.291759,0.30696,236,20,median_in_1cm_longitudinal_by_5cm_center_patch,two_pca_torso_definitions_11_stations_width_height_v1.0,ok
136,563.0,pca_rear70,pca_rear_endpoint_0pct_to_full_length_70pct,1.301926,7,0.59,0.413,0.263171,0.231894,0.58505,1.215959,-0.280839,0.304212,225,20,median_in_1cm_longitudinal_by_5cm_center_patch,two_pca_torso_definitions_11_stations_width_height_v1.0,ok
136,563.0,pca_rear70,pca_rear_endpoint_0pct_to_full_length_70pct,1.301926,8,0.68,0.476,0.380319,0.229464,0.532821,1.221318,-0.253899,0.278921,208,22,median_in_1cm_longitudinal_by_5cm_center_patch,two_pca_torso_definitions_11_stations_width_height_v1.0,ok
136,563.0,pca_rear70,pca_rear_endpoint_0pct_to_full_length_70pct,1.301926,9,0.77,0.539,0.497467,0.227033,0.47824,1.214987,-0.229948,0.248292,189,22,median_in_1cm_longitudinal_by_5cm_center_patch,two_pca_torso_definitions_11_stations_width_height_v1.0,ok
136,563.0,pca_rear70,pca_rear_endpoint_0pct_to_full_length_70pct,1.301926,10,0.86,0.602,0.614616,0.224603,0.467935,1.216831,-0.211439,0.256496,196,20,median_in_1cm_longitudinal_by_5cm_center_patch,two_pca_torso_definitions_11_stations_width_height_v1.0,ok
136,563.0,pca_rear70,pca_rear_endpoint_0pct_to_full_length_70pct,1.301926,11,0.95,0.665,0.731764,0.222172,0.484213,1.203232,-0.247363,0.236851,193,20,median_in_1cm_longitudinal_by_5cm_center_patch,two_pca_torso_definitions_11_stations_width_height_v1.0,ok
137,511.0,pca_4548,rear_first_below_45pct_to_head_first_below_48pct,1.479999,1,0.05,0.018793,-0.36609,0.119143,0.256396,1.155698,-0.149974,0.106422,104,16,median_in_1cm_longitudinal_by_5cm_center_patch,two_pca_torso_definitions_11_stations_width_height_v1.0,ok
137,511.0,pca_4548,rear_first_below_45pct_to_head_first_below_48pct,1.479999,2,0.14,0.091414,-0.233814,0.103483,0.45467,1.207124,-0.222717,0.231953,171,22,median_in_1cm_longitudinal_by_5cm_center_patch,two_pca_torso_definitions_11_stations_width_height_v1.0,ok
137,511.0,pca_4548,rear_first_below_45pct_to_head_first_below_48pct,1.479999,3,0.23,0.164035,-0.101538,0.087823,0.520061,1.227461,-0.256655,0.263406,207,23,median_in_1cm_longitudinal_by_5cm_center_patch,two_pca_torso_definitions_11_stations_width_height_v1.0,ok
137,511.0,pca_4548,rear_first_below_45pct_to_head_first_below_48pct,1.479999,4,0.32,0.236655,0.030738,0.072162,0.533128,1.207126,-0.262865,0.270263,214,21,median_in_1cm_longitudinal_by_5cm_center_patch,two_pca_torso_definitions_11_stations_width_height_v1.0,ok
137,511.0,pca_4548,rear_first_below_45pct_to_head_first_below_48pct,1.479999,5,0.41,0.309276,0.163014,0.056502,0.585285,1.194491,-0.29874,0.286545,232,20,median_in_1cm_longitudinal_by_5cm_center_patch,two_pca_torso_definitions_11_stations_width_height_v1.0,ok
137,511.0,pca_4548,rear_first_below_45pct_to_head_first_below_48pct,1.479999,6,0.5,0.381897,0.29529,0.040842,0.596099,1.191023,-0.290183,0.305916,231,23,median_in_1cm_longitudinal_by_5cm_center_patch,two_pca_torso_definitions_11_stations_width_height_v1.0,ok
137,511.0,pca_4548,rear_first_below_45pct_to_head_first_below_48pct,1.479999,7,0.59,0.454518,0.427567,0.025182,0.530321,1.179933,-0.253037,0.277284,213,26,median_in_1cm_longitudinal_by_5cm_center_patch,two_pca_torso_definitions_11_stations_width_height_v1.0,ok
137,511.0,pca_4548,rear_first_below_45pct_to_head_first_below_48pct,1.479999,8,0.68,0.527139,0.559843,0.009522,0.451305,1.173078,-0.209466,0.241839,175,18,median_in_1cm_longitudinal_by_5cm_center_patch,two_pca_torso_definitions_11_stations_width_height_v1.0,ok
137,511.0,pca_4548,rear_first_below_45pct_to_head_first_below_48pct,1.479999,9,0.77,0.599759,0.692119,-0.006139,0.45692,1.162918,-0.17937,0.27755,187,21,median_in_1cm_longitudinal_by_5cm_center_patch,two_pca_torso_definitions_11_stations_width_height_v1.0,ok
137,511.0,pca_4548,rear_first_below_45pct_to_head_first_below_48pct,1.479999,10,0.86,0.67238,0.824395,-0.021799,0.454876,1.143886,-0.212889,0.241987,144,18,median_in_1cm_longitudinal_by_5cm_center_patch,two_pca_torso_definitions_11_stations_width_height_v1.0,ok
137,511.0,pca_4548,rear_first_below_45pct_to_head_first_below_48pct,1.479999,11,0.95,0.745001,0.956671,-0.037459,0.344375,1.101276,-0.196451,0.147924,117,20,median_in_1cm_longitudinal_by_5cm_center_patch,two_pca_torso_definitions_11_stations_width_height_v1.0,ok
137,511.0,pca_rear70,pca_rear_endpoint_0pct_to_full_length_70pct,1.283929,1,0.05,0.035,-0.33657,0.115648,0.327834,1.181225,-0.161877,0.165956,108,22,median_in_1cm_longitudinal_by_5cm_center_patch,two_pca_torso_definitions_11_stations_width_height_v1.0,ok
137,511.0,pca_rear70,pca_rear_endpoint_0pct_to_full_length_70pct,1.283929,2,0.14,0.098,-0.221817,0.102062,0.452517,1.20541,-0.220566,0.231952,173,22,median_in_1cm_longitudinal_by_5cm_center_patch,two_pca_torso_definitions_11_stations_width_height_v1.0,ok
137,511.0,pca_rear70,pca_rear_endpoint_0pct_to_full_length_70pct,1.283929,3,0.23,0.161,-0.107065,0.088477,0.519926,1.227461,-0.257669,0.262258,207,23,median_in_1cm_longitudinal_by_5cm_center_patch,two_pca_torso_definitions_11_stations_width_height_v1.0,ok
137,511.0,pca_rear70,pca_rear_endpoint_0pct_to_full_length_70pct,1.283929,4,0.32,0.224,0.007687,0.074891,0.531337,1.210576,-0.261556,0.269781,215,23,median_in_1cm_longitudinal_by_5cm_center_patch,two_pca_torso_definitions_11_stations_width_height_v1.0,ok
137,511.0,pca_rear70,pca_rear_endpoint_0pct_to_full_length_70pct,1.283929,5,0.41,0.287,0.122439,0.061306,0.551955,1.197484,-0.283031,0.268924,220,22,median_in_1cm_longitudinal_by_5cm_center_patch,two_pca_torso_definitions_11_stations_width_height_v1.0,ok
137,511.0,pca_rear70,pca_rear_endpoint_0pct_to_full_length_70pct,1.283929,6,0.5,0.35,0.237191,0.047721,0.581915,1.197195,-0.286958,0.294957,221,22,median_in_1cm_longitudinal_by_5cm_center_patch,two_pca_torso_definitions_11_stations_width_height_v1.0,ok
137,511.0,pca_rear70,pca_rear_endpoint_0pct_to_full_length_70pct,1.283929,7,0.59,0.413,0.351944,0.034135,0.572031,1.184376,-0.284947,0.287084,213,19,median_in_1cm_longitudinal_by_5cm_center_patch,two_pca_torso_definitions_11_stations_width_height_v1.0,ok
137,511.0,pca_rear70,pca_rear_endpoint_0pct_to_full_length_70pct,1.283929,8,0.68,0.476,0.466696,0.02055,0.501794,1.181784,-0.239266,0.262527,185,22,median_in_1cm_longitudinal_by_5cm_center_patch,two_pca_torso_definitions_11_stations_width_height_v1.0,ok
137,511.0,pca_rear70,pca_rear_endpoint_0pct_to_full_length_70pct,1.283929,9,0.77,0.539,0.581448,0.006964,0.446553,1.170231,-0.202451,0.244102,163,22,median_in_1cm_longitudinal_by_5cm_center_patch,two_pca_torso_definitions_11_stations_width_height_v1.0,ok
137,511.0,pca_rear70,pca_rear_endpoint_0pct_to_full_length_70pct,1.283929,10,0.86,0.602,0.696201,-0.006621,0.452596,1.162418,-0.181645,0.270951,187,17,median_in_1cm_longitudinal_by_5cm_center_patch,two_pca_torso_definitions_11_stations_width_height_v1.0,ok
137,511.0,pca_rear70,pca_rear_endpoint_0pct_to_full_length_70pct,1.283929,11,0.95,0.665,0.810953,-0.020207,0.457503,1.14839,-0.223949,0.233555,157,16,median_in_1cm_longitudinal_by_5cm_center_patch,two_pca_torso_definitions_11_stations_width_height_v1.0,ok
138,495.0,pca_4548,rear_first_below_45pct_to_head_first_below_48pct,1.42,1,0.05,0.030667,-0.701431,0.132082,0.382986,1.279265,-0.168465,0.214521,134,18,median_in_1cm_longitudinal_by_5cm_center_patch,two_pca_torso_definitions_11_stations_width_height_v1.0,ok
138,495.0,pca_4548,rear_first_below_45pct_to_head_first_below_48pct,1.42,2,0.14,0.097793,-0.574962,0.113689,0.527953,1.291268,-0.255281,0.272672,215,23,median_in_1cm_longitudinal_by_5cm_center_patch,two_pca_torso_definitions_11_stations_width_height_v1.0,ok
138,495.0,pca_4548,rear_first_below_45pct_to_head_first_below_48pct,1.42,3,0.23,0.164918,-0.448492,0.095295,0.543314,1.298652,-0.248062,0.295252,232,24,median_in_1cm_longitudinal_by_5cm_center_patch,two_pca_torso_definitions_11_stations_width_height_v1.0,ok
138,495.0,pca_4548,rear_first_below_45pct_to_head_first_below_48pct,1.42,4,0.32,0.232043,-0.322023,0.076901,0.552252,1.282898,-0.267286,0.284966,248,25,median_in_1cm_longitudinal_by_5cm_center_patch,two_pca_torso_definitions_11_stations_width_height_v1.0,ok
138,495.0,pca_4548,rear_first_below_45pct_to_head_first_below_48pct,1.42,5,0.41,0.299168,-0.195553,0.058507,0.612996,1.27752,-0.323444,0.289551,264,26,median_in_1cm_longitudinal_by_5cm_center_patch,two_pca_torso_definitions_11_stations_width_height_v1.0,ok
138,495.0,pca_4548,rear_first_below_45pct_to_head_first_below_48pct,1.42,6,0.5,0.366294,-0.069084,0.040114,0.638459,1.264989,-0.334273,0.304186,270,23,median_in_1cm_longitudinal_by_5cm_center_patch,two_pca_torso_definitions_11_stations_width_height_v1.0,ok
138,495.0,pca_4548,rear_first_below_45pct_to_head_first_below_48pct,1.42,7,0.59,0.433419,0.057385,0.02172,0.596179,1.260893,-0.304835,0.291344,241,23,median_in_1cm_longitudinal_by_5cm_center_patch,two_pca_torso_definitions_11_stations_width_height_v1.0,ok
138,495.0,pca_4548,rear_first_below_45pct_to_head_first_below_48pct,1.42,8,0.68,0.500544,0.183855,0.003326,0.53378,1.253935,-0.255036,0.278745,211,24,median_in_1cm_longitudinal_by_5cm_center_patch,two_pca_torso_definitions_11_stations_width_height_v1.0,ok
138,495.0,pca_4548,rear_first_below_45pct_to_head_first_below_48pct,1.42,9,0.77,0.56767,0.310324,-0.015068,0.520729,1.238215,-0.213442,0.307287,201,22,median_in_1cm_longitudinal_by_5cm_center_patch,two_pca_torso_definitions_11_stations_width_height_v1.0,ok
138,495.0,pca_4548,rear_first_below_45pct_to_head_first_below_48pct,1.42,10,0.86,0.634795,0.436794,-0.033461,0.485903,1.216353,-0.231745,0.254158,182,22,median_in_1cm_longitudinal_by_5cm_center_patch,two_pca_torso_definitions_11_stations_width_height_v1.0,ok
138,495.0,pca_4548,rear_first_below_45pct_to_head_first_below_48pct,1.42,11,0.95,0.70192,0.563263,-0.051855,0.374754,1.186677,-0.211025,0.163729,133,19,median_in_1cm_longitudinal_by_5cm_center_patch,two_pca_torso_definitions_11_stations_width_height_v1.0,ok
138,495.0,pca_rear70,pca_rear_endpoint_0pct_to_full_length_70pct,1.332733,1,0.05,0.035,-0.693268,0.130895,0.383484,1.281201,-0.174315,0.209168,136,20,median_in_1cm_longitudinal_by_5cm_center_patch,two_pca_torso_definitions_11_stations_width_height_v1.0,ok
138,495.0,pca_rear70,pca_rear_endpoint_0pct_to_full_length_70pct,1.332733,2,0.14,0.098,-0.574571,0.113632,0.527953,1.290733,-0.255282,0.272672,215,22,median_in_1cm_longitudinal_by_5cm_center_patch,two_pca_torso_definitions_11_stations_width_height_v1.0,ok
138,495.0,pca_rear70,pca_rear_endpoint_0pct_to_full_length_70pct,1.332733,3,0.23,0.161,-0.455874,0.096369,0.553787,1.299484,-0.258178,0.295609,235,23,median_in_1cm_longitudinal_by_5cm_center_patch,two_pca_torso_definitions_11_stations_width_height_v1.0,ok
138,495.0,pca_rear70,pca_rear_endpoint_0pct_to_full_length_70pct,1.332733,4,0.32,0.224,-0.337177,0.079105,0.545503,1.287693,-0.258263,0.28724,246,23,median_in_1cm_longitudinal_by_5cm_center_patch,two_pca_torso_definitions_11_stations_width_height_v1.0,ok
138,495.0,pca_rear70,pca_rear_endpoint_0pct_to_full_length_70pct,1.332733,5,0.41,0.287,-0.21848,0.061842,0.586584,1.27689,-0.313564,0.27302,245,24,median_in_1cm_longitudinal_by_5cm_center_patch,two_pca_torso_definitions_11_stations_width_height_v1.0,ok
138,495.0,pca_rear70,pca_rear_endpoint_0pct_to_full_length_70pct,1.332733,6,0.5,0.35,-0.099783,0.044579,0.641069,1.272708,-0.336825,0.304244,266,24,median_in_1cm_longitudinal_by_5cm_center_patch,two_pca_torso_definitions_11_stations_width_height_v1.0,ok
138,495.0,pca_rear70,pca_rear_endpoint_0pct_to_full_length_70pct,1.332733,7,0.59,0.413,0.018915,0.027315,0.620356,1.259389,-0.318716,0.301639,252,22,median_in_1cm_longitudinal_by_5cm_center_patch,two_pca_torso_definitions_11_stations_width_height_v1.0,ok
138,495.0,pca_rear70,pca_rear_endpoint_0pct_to_full_length_70pct,1.332733,8,0.68,0.476,0.137612,0.010052,0.564939,1.26011,-0.281804,0.283136,227,22,median_in_1cm_longitudinal_by_5cm_center_patch,two_pca_torso_definitions_11_stations_width_height_v1.0,ok
138,495.0,pca_rear70,pca_rear_endpoint_0pct_to_full_length_70pct,1.332733,9,0.77,0.539,0.256309,-0.007212,0.53203,1.241123,-0.228016,0.304014,204,23,median_in_1cm_longitudinal_by_5cm_center_patch,two_pca_torso_definitions_11_stations_width_height_v1.0,ok
138,495.0,pca_rear70,pca_rear_endpoint_0pct_to_full_length_70pct,1.332733,10,0.86,0.602,0.375006,-0.024475,0.498372,1.226331,-0.206813,0.291559,195,22,median_in_1cm_longitudinal_by_5cm_center_patch,two_pca_torso_definitions_11_stations_width_height_v1.0,ok
138,495.0,pca_rear70,pca_rear_endpoint_0pct_to_full_length_70pct,1.332733,11,0.95,0.665,0.493703,-0.041738,0.43243,1.205987,-0.222354,0.210076,157,20,median_in_1cm_longitudinal_by_5cm_center_patch,two_pca_torso_definitions_11_stations_width_height_v1.0,ok
139,519.0,pca_4548,rear_first_below_45pct_to_head_first_below_48pct,1.51,1,0.05,0.053486,-0.377923,0.015423,0.390408,1.226225,-0.211035,0.179373,143,22,median_in_1cm_longitudinal_by_5cm_center_patch,two_pca_torso_definitions_11_stations_width_height_v1.0,ok
139,519.0,pca_4548,rear_first_below_45pct_to_head_first_below_48pct,1.51,2,0.14,0.128934,-0.242554,0.00342,0.496457,1.225963,-0.257645,0.238812,193,22,median_in_1cm_longitudinal_by_5cm_center_patch,two_pca_torso_definitions_11_stations_width_height_v1.0,ok
139,519.0,pca_4548,rear_first_below_45pct_to_head_first_below_48pct,1.51,3,0.23,0.204381,-0.107185,-0.008583,0.514977,1.225745,-0.25708,0.257897,216,22,median_in_1cm_longitudinal_by_5cm_center_patch,two_pca_torso_definitions_11_stations_width_height_v1.0,ok
139,519.0,pca_4548,rear_first_below_45pct_to_head_first_below_48pct,1.51,4,0.32,0.279829,0.028184,-0.020586,0.480169,1.207841,-0.240842,0.239327,201,21,median_in_1cm_longitudinal_by_5cm_center_patch,two_pca_torso_definitions_11_stations_width_height_v1.0,ok
139,519.0,pca_4548,rear_first_below_45pct_to_head_first_below_48pct,1.51,5,0.41,0.355276,0.163553,-0.032589,0.567068,1.201822,-0.292824,0.274244,222,21,median_in_1cm_longitudinal_by_5cm_center_patch,two_pca_torso_definitions_11_stations_width_height_v1.0,ok
139,519.0,pca_4548,rear_first_below_45pct_to_head_first_below_48pct,1.51,6,0.5,0.430724,0.298921,-0.044591,0.596511,1.187264,-0.288028,0.308483,226,19,median_in_1cm_longitudinal_by_5cm_center_patch,two_pca_torso_definitions_11_stations_width_height_v1.0,ok
139,519.0,pca_4548,rear_first_below_45pct_to_head_first_below_48pct,1.51,7,0.59,0.506171,0.43429,-0.056594,0.534108,1.19541,-0.257193,0.276915,209,21,median_in_1cm_longitudinal_by_5cm_center_patch,two_pca_torso_definitions_11_stations_width_height_v1.0,ok
139,519.0,pca_4548,rear_first_below_45pct_to_head_first_below_48pct,1.51,8,0.68,0.581619,0.569659,-0.068597,0.476009,1.195502,-0.221598,0.25441,183,21,median_in_1cm_longitudinal_by_5cm_center_patch,two_pca_torso_definitions_11_stations_width_height_v1.0,ok
139,519.0,pca_4548,rear_first_below_45pct_to_head_first_below_48pct,1.51,9,0.77,0.657067,0.705028,-0.0806,0.477049,1.187907,-0.25943,0.217619,200,19,median_in_1cm_longitudinal_by_5cm_center_patch,two_pca_torso_definitions_11_stations_width_height_v1.0,ok
139,519.0,pca_4548,rear_first_below_45pct_to_head_first_below_48pct,1.51,10,0.86,0.732514,0.840397,-0.092603,0.42958,1.169775,-0.192361,0.237219,151,19,median_in_1cm_longitudinal_by_5cm_center_patch,two_pca_torso_definitions_11_stations_width_height_v1.0,ok
139,519.0,pca_4548,rear_first_below_45pct_to_head_first_below_48pct,1.51,11,0.95,0.807962,0.975766,-0.104606,0.36431,1.154003,-0.151215,0.213095,148,23,median_in_1cm_longitudinal_by_5cm_center_patch,two_pca_torso_definitions_11_stations_width_height_v1.0,ok
139,519.0,pca_rear70,pca_rear_endpoint_0pct_to_full_length_70pct,1.260877,1,0.05,0.035,-0.411092,0.018365,0.340885,1.209465,-0.209071,0.131814,116,19,median_in_1cm_longitudinal_by_5cm_center_patch,two_pca_torso_definitions_11_stations_width_height_v1.0,ok
139,519.0,pca_rear70,pca_rear_endpoint_0pct_to_full_length_70pct,1.260877,2,0.14,0.098,-0.298056,0.008342,0.470015,1.231912,-0.249668,0.220346,185,24,median_in_1cm_longitudinal_by_5cm_center_patch,two_pca_torso_definitions_11_stations_width_height_v1.0,ok
139,519.0,pca_rear70,pca_rear_endpoint_0pct_to_full_length_70pct,1.260877,3,0.23,0.161,-0.185021,-0.00168,0.508108,1.234254,-0.253706,0.254402,204,23,median_in_1cm_longitudinal_by_5cm_center_patch,two_pca_torso_definitions_11_stations_width_height_v1.0,ok
139,519.0,pca_rear70,pca_rear_endpoint_0pct_to_full_length_70pct,1.260877,4,0.32,0.224,-0.071985,-0.011703,0.501619,1.2225,-0.252232,0.249387,210,23,median_in_1cm_longitudinal_by_5cm_center_patch,two_pca_torso_definitions_11_stations_width_height_v1.0,ok
139,519.0,pca_rear70,pca_rear_endpoint_0pct_to_full_length_70pct,1.260877,5,0.41,0.287,0.04105,-0.021726,0.487253,1.205959,-0.251113,0.23614,199,23,median_in_1cm_longitudinal_by_5cm_center_patch,two_pca_torso_definitions_11_stations_width_height_v1.0,ok
139,519.0,pca_rear70,pca_rear_endpoint_0pct_to_full_length_70pct,1.260877,6,0.5,0.35,0.154085,-0.031748,0.573741,1.200872,-0.293815,0.279926,225,23,median_in_1cm_longitudinal_by_5cm_center_patch,two_pca_torso_definitions_11_stations_width_height_v1.0,ok
139,519.0,pca_rear70,pca_rear_endpoint_0pct_to_full_length_70pct,1.260877,7,0.59,0.413,0.267121,-0.041771,0.603748,1.190469,-0.296719,0.307029,234,21,median_in_1cm_longitudinal_by_5cm_center_patch,two_pca_torso_definitions_11_stations_width_height_v1.0,ok
139,519.0,pca_rear70,pca_rear_endpoint_0pct_to_full_length_70pct,1.260877,8,0.68,0.476,0.380156,-0.051794,0.562977,1.188396,-0.26226,0.300716,225,24,median_in_1cm_longitudinal_by_5cm_center_patch,two_pca_torso_definitions_11_stations_width_height_v1.0,ok
139,519.0,pca_rear70,pca_rear_endpoint_0pct_to_full_length_70pct,1.260877,9,0.77,0.539,0.493192,-0.061817,0.505238,1.197448,-0.232201,0.273037,203,19,median_in_1cm_longitudinal_by_5cm_center_patch,two_pca_torso_definitions_11_stations_width_height_v1.0,ok
139,519.0,pca_rear70,pca_rear_endpoint_0pct_to_full_length_70pct,1.260877,10,0.86,0.602,0.606227,-0.071839,0.467669,1.191211,-0.243653,0.224015,173,21,median_in_1cm_longitudinal_by_5cm_center_patch,two_pca_torso_definitions_11_stations_width_height_v1.0,ok
139,519.0,pca_rear70,pca_rear_endpoint_0pct_to_full_length_70pct,1.260877,11,0.95,0.665,0.719263,-0.081862,0.504891,1.183416,-0.272963,0.231928,207,20,median_in_1cm_longitudinal_by_5cm_center_patch,two_pca_torso_definitions_11_stations_width_height_v1.0,ok
140,549.0,pca_4548,rear_first_below_45pct_to_head_first_below_48pct,1.48,1,0.05,0.032126,-0.810481,0.266587,0.407389,1.219124,-0.159922,0.247467,106,14,median_in_1cm_longitudinal_by_5cm_center_patch,two_pca_torso_definitions_11_stations_width_height_v1.0,ok
140,549.0,pca_4548,rear_first_below_45pct_to_head_first_below_48pct,1.48,2,0.14,0.099238,-0.677465,0.259575,0.478885,1.238697,-0.235304,0.243581,157,22,median_in_1cm_longitudinal_by_5cm_center_patch,two_pca_torso_definitions_11_stations_width_height_v1.0,ok
140,549.0,pca_4548,rear_first_below_45pct_to_head_first_below_48pct,1.48,3,0.23,0.16635,-0.54445,0.252564,0.531064,1.25598,-0.266288,0.264775,212,22,median_in_1cm_longitudinal_by_5cm_center_patch,two_pca_torso_definitions_11_stations_width_height_v1.0,ok
140,549.0,pca_4548,rear_first_below_45pct_to_head_first_below_48pct,1.48,4,0.32,0.233463,-0.411435,0.245552,0.562647,1.252239,-0.270365,0.292283,250,24,median_in_1cm_longitudinal_by_5cm_center_patch,two_pca_torso_definitions_11_stations_width_height_v1.0,ok
140,549.0,pca_4548,rear_first_below_45pct_to_head_first_below_48pct,1.48,5,0.41,0.300575,-0.278419,0.238541,0.608774,1.257468,-0.280354,0.32842,244,24,median_in_1cm_longitudinal_by_5cm_center_patch,two_pca_torso_definitions_11_stations_width_height_v1.0,ok
140,549.0,pca_4548,rear_first_below_45pct_to_head_first_below_48pct,1.48,6,0.5,0.367687,-0.145404,0.231529,0.612161,1.25165,-0.283324,0.328837,248,25,median_in_1cm_longitudinal_by_5cm_center_patch,two_pca_torso_definitions_11_stations_width_height_v1.0,ok
140,549.0,pca_4548,rear_first_below_45pct_to_head_first_below_48pct,1.48,7,0.59,0.4348,-0.012389,0.224517,0.557911,1.253377,-0.260074,0.297836,226,24,median_in_1cm_longitudinal_by_5cm_center_patch,two_pca_torso_definitions_11_stations_width_height_v1.0,ok
140,549.0,pca_4548,rear_first_below_45pct_to_head_first_below_48pct,1.48,8,0.68,0.501912,0.120627,0.217506,0.497563,1.238329,-0.237293,0.26027,200,24,median_in_1cm_longitudinal_by_5cm_center_patch,two_pca_torso_definitions_11_stations_width_height_v1.0,ok
140,549.0,pca_4548,rear_first_below_45pct_to_head_first_below_48pct,1.48,9,0.77,0.569024,0.253642,0.210494,0.479332,1.232064,-0.250473,0.228858,191,22,median_in_1cm_longitudinal_by_5cm_center_patch,two_pca_torso_definitions_11_stations_width_height_v1.0,ok
140,549.0,pca_4548,rear_first_below_45pct_to_head_first_below_48pct,1.48,10,0.86,0.636137,0.386657,0.203483,0.478853,1.22706,-0.241288,0.237565,190,23,median_in_1cm_longitudinal_by_5cm_center_patch,two_pca_torso_definitions_11_stations_width_height_v1.0,ok
140,549.0,pca_4548,rear_first_below_45pct_to_head_first_below_48pct,1.48,11,0.95,0.703249,0.519673,0.196471,0.401333,1.194138,-0.194915,0.206418,144,23,median_in_1cm_longitudinal_by_5cm_center_patch,two_pca_torso_definitions_11_stations_width_height_v1.0,ok
140,549.0,pca_rear70,pca_rear_endpoint_0pct_to_full_length_70pct,1.389312,1,0.05,0.035,-0.804784,0.266285,0.428776,1.229696,-0.171915,0.256861,126,19,median_in_1cm_longitudinal_by_5cm_center_patch,two_pca_torso_definitions_11_stations_width_height_v1.0,ok
140,549.0,pca_rear70,pca_rear_endpoint_0pct_to_full_length_70pct,1.389312,2,0.14,0.098,-0.679919,0.259704,0.443983,1.238697,-0.230873,0.21311,155,20,median_in_1cm_longitudinal_by_5cm_center_patch,two_pca_torso_definitions_11_stations_width_height_v1.0,ok
140,549.0,pca_rear70,pca_rear_endpoint_0pct_to_full_length_70pct,1.389312,3,0.23,0.161,-0.555054,0.253122,0.534948,1.254522,-0.271129,0.263819,209,22,median_in_1cm_longitudinal_by_5cm_center_patch,two_pca_torso_definitions_11_stations_width_height_v1.0,ok
140,549.0,pca_rear70,pca_rear_endpoint_0pct_to_full_length_70pct,1.389312,4,0.32,0.224,-0.430189,0.24654,0.548803,1.248536,-0.272803,0.276,236,22,median_in_1cm_longitudinal_by_5cm_center_patch,two_pca_torso_definitions_11_stations_width_height_v1.0,ok
140,549.0,pca_rear70,pca_rear_endpoint_0pct_to_full_length_70pct,1.389312,5,0.41,0.287,-0.305325,0.239958,0.61773,1.257151,-0.280721,0.337009,251,23,median_in_1cm_longitudinal_by_5cm_center_patch,two_pca_torso_definitions_11_stations_width_height_v1.0,ok
140,549.0,pca_rear70,pca_rear_endpoint_0pct_to_full_length_70pct,1.389312,6,0.5,0.35,-0.18046,0.233376,0.608882,1.251971,-0.283061,0.32582,267,23,median_in_1cm_longitudinal_by_5cm_center_patch,two_pca_torso_definitions_11_stations_width_height_v1.0,ok
140,549.0,pca_rear70,pca_rear_endpoint_0pct_to_full_length_70pct,1.389312,7,0.59,0.413,-0.055595,0.226794,0.588295,1.251274,-0.267684,0.320611,238,21,median_in_1cm_longitudinal_by_5cm_center_patch,two_pca_torso_definitions_11_stations_width_height_v1.0,ok
140,549.0,pca_rear70,pca_rear_endpoint_0pct_to_full_length_70pct,1.389312,8,0.68,0.476,0.069269,0.220212,0.513247,1.246394,-0.239457,0.273789,211,23,median_in_1cm_longitudinal_by_5cm_center_patch,two_pca_torso_definitions_11_stations_width_height_v1.0,ok
140,549.0,pca_rear70,pca_rear_endpoint_0pct_to_full_length_70pct,1.389312,9,0.77,0.539,0.194134,0.21363,0.463103,1.229138,-0.22214,0.240963,191,23,median_in_1cm_longitudinal_by_5cm_center_patch,two_pca_torso_definitions_11_stations_width_height_v1.0,ok
140,549.0,pca_rear70,pca_rear_endpoint_0pct_to_full_length_70pct,1.389312,10,0.86,0.602,0.318999,0.207048,0.507358,1.230263,-0.265108,0.24225,200,23,median_in_1cm_longitudinal_by_5cm_center_patch,two_pca_torso_definitions_11_stations_width_height_v1.0,ok
140,549.0,pca_rear70,pca_rear_endpoint_0pct_to_full_length_70pct,1.389312,11,0.95,0.665,0.443864,0.200467,0.476566,1.216036,-0.23154,0.245026,171,21,median_in_1cm_longitudinal_by_5cm_center_patch,two_pca_torso_definitions_11_stations_width_height_v1.0,ok
141,488.0,pca_4548,rear_first_below_45pct_to_head_first_below_48pct,1.37,1,0.05,0.045779,-0.415238,-0.177478,0.397776,1.18612,-0.181477,0.216299,138,22,median_in_1cm_longitudinal_by_5cm_center_patch,two_pca_torso_definitions_11_stations_width_height_v1.0,ok
141,488.0,pca_4548,rear_first_below_45pct_to_head_first_below_48pct,1.37,2,0.14,0.110154,-0.291986,-0.180927,0.487243,1.180949,-0.26001,0.227234,200,21,median_in_1cm_longitudinal_by_5cm_center_patch,two_pca_torso_definitions_11_stations_width_height_v1.0,ok
141,488.0,pca_4548,rear_first_below_45pct_to_head_first_below_48pct,1.37,3,0.23,0.174529,-0.168734,-0.184377,0.507448,1.188399,-0.278618,0.228831,203,22,median_in_1cm_longitudinal_by_5cm_center_patch,two_pca_torso_definitions_11_stations_width_height_v1.0,ok
141,488.0,pca_4548,rear_first_below_45pct_to_head_first_below_48pct,1.37,4,0.32,0.238905,-0.045483,-0.187827,0.549236,1.184182,-0.289762,0.259474,219,22,median_in_1cm_longitudinal_by_5cm_center_patch,two_pca_torso_definitions_11_stations_width_height_v1.0,ok
141,488.0,pca_4548,rear_first_below_45pct_to_head_first_below_48pct,1.37,5,0.41,0.30328,0.077769,-0.191277,0.619546,1.195034,-0.310878,0.308668,255,23,median_in_1cm_longitudinal_by_5cm_center_patch,two_pca_torso_definitions_11_stations_width_height_v1.0,ok
141,488.0,pca_4548,rear_first_below_45pct_to_head_first_below_48pct,1.37,6,0.5,0.367655,0.201021,-0.194726,0.611134,1.205221,-0.310064,0.30107,257,22,median_in_1cm_longitudinal_by_5cm_center_patch,two_pca_torso_definitions_11_stations_width_height_v1.0,ok
141,488.0,pca_4548,rear_first_below_45pct_to_head_first_below_48pct,1.37,7,0.59,0.43203,0.324273,-0.198176,0.547152,1.21097,-0.271722,0.27543,242,30,median_in_1cm_longitudinal_by_5cm_center_patch,two_pca_torso_definitions_11_stations_width_height_v1.0,ok
141,488.0,pca_4548,rear_first_below_45pct_to_head_first_below_48pct,1.37,8,0.68,0.496405,0.447525,-0.201626,0.47229,1.210977,-0.239807,0.232483,184,22,median_in_1cm_longitudinal_by_5cm_center_patch,two_pca_torso_definitions_11_stations_width_height_v1.0,ok
141,488.0,pca_4548,rear_first_below_45pct_to_head_first_below_48pct,1.37,9,0.77,0.56078,0.570776,-0.205076,0.433171,1.19472,-0.228412,0.20476,178,20,median_in_1cm_longitudinal_by_5cm_center_patch,two_pca_torso_definitions_11_stations_width_height_v1.0,ok
141,488.0,pca_4548,rear_first_below_45pct_to_head_first_below_48pct,1.37,10,0.86,0.625156,0.694028,-0.208526,0.461557,1.18502,-0.235721,0.225836,165,24,median_in_1cm_longitudinal_by_5cm_center_patch,two_pca_torso_definitions_11_stations_width_height_v1.0,ok
141,488.0,pca_4548,rear_first_below_45pct_to_head_first_below_48pct,1.37,11,0.95,0.689531,0.81728,-0.211975,0.382508,1.152715,-0.180656,0.201851,119,22,median_in_1cm_longitudinal_by_5cm_center_patch,two_pca_torso_definitions_11_stations_width_height_v1.0,ok
141,488.0,pca_rear70,pca_rear_endpoint_0pct_to_full_length_70pct,1.340735,1,0.05,0.035,-0.435876,-0.1769,0.358988,1.180957,-0.159736,0.199252,128,21,median_in_1cm_longitudinal_by_5cm_center_patch,two_pca_torso_definitions_11_stations_width_height_v1.0,ok
141,488.0,pca_rear70,pca_rear_endpoint_0pct_to_full_length_70pct,1.340735,2,0.14,0.098,-0.315257,-0.180276,0.490143,1.185283,-0.257157,0.232986,196,20,median_in_1cm_longitudinal_by_5cm_center_patch,two_pca_torso_definitions_11_stations_width_height_v1.0,ok
141,488.0,pca_rear70,pca_rear_endpoint_0pct_to_full_length_70pct,1.340735,3,0.23,0.161,-0.194638,-0.183652,0.50427,1.190938,-0.2756,0.22867,196,20,median_in_1cm_longitudinal_by_5cm_center_patch,two_pca_torso_definitions_11_stations_width_height_v1.0,ok
141,488.0,pca_rear70,pca_rear_endpoint_0pct_to_full_length_70pct,1.340735,4,0.32,0.224,-0.074019,-0.187028,0.529024,1.184031,-0.285215,0.243809,212,22,median_in_1cm_longitudinal_by_5cm_center_patch,two_pca_torso_definitions_11_stations_width_height_v1.0,ok
141,488.0,pca_rear70,pca_rear_endpoint_0pct_to_full_length_70pct,1.340735,5,0.41,0.287,0.0466,-0.190404,0.60209,1.191939,-0.293472,0.308618,239,22,median_in_1cm_longitudinal_by_5cm_center_patch,two_pca_torso_definitions_11_stations_width_height_v1.0,ok
141,488.0,pca_rear70,pca_rear_endpoint_0pct_to_full_length_70pct,1.340735,6,0.5,0.35,0.167219,-0.19378,0.625269,1.205441,-0.314145,0.311124,254,22,median_in_1cm_longitudinal_by_5cm_center_patch,two_pca_torso_definitions_11_stations_width_height_v1.0,ok
141,488.0,pca_rear70,pca_rear_endpoint_0pct_to_full_length_70pct,1.340735,7,0.59,0.413,0.287838,-0.197156,0.567473,1.208755,-0.285859,0.281614,235,22,median_in_1cm_longitudinal_by_5cm_center_patch,two_pca_torso_definitions_11_stations_width_height_v1.0,ok
141,488.0,pca_rear70,pca_rear_endpoint_0pct_to_full_length_70pct,1.340735,8,0.68,0.476,0.408457,-0.200532,0.499593,1.216254,-0.249084,0.250509,203,22,median_in_1cm_longitudinal_by_5cm_center_patch,two_pca_torso_definitions_11_stations_width_height_v1.0,ok
141,488.0,pca_rear70,pca_rear_endpoint_0pct_to_full_length_70pct,1.340735,9,0.77,0.539,0.529076,-0.203908,0.44542,1.200883,-0.233698,0.211722,176,26,median_in_1cm_longitudinal_by_5cm_center_patch,two_pca_torso_definitions_11_stations_width_height_v1.0,ok
141,488.0,pca_rear70,pca_rear_endpoint_0pct_to_full_length_70pct,1.340735,10,0.86,0.602,0.649695,-0.207284,0.463735,1.189468,-0.242689,0.221046,176,21,median_in_1cm_longitudinal_by_5cm_center_patch,two_pca_torso_definitions_11_stations_width_height_v1.0,ok
141,488.0,pca_rear70,pca_rear_endpoint_0pct_to_full_length_70pct,1.340735,11,0.95,0.665,0.770313,-0.21066,0.40613,1.168936,-0.197888,0.208242,148,24,median_in_1cm_longitudinal_by_5cm_center_patch,two_pca_torso_definitions_11_stations_width_height_v1.0,ok
142,526.0,pca_4548,rear_first_below_45pct_to_head_first_below_48pct,1.42,1,0.05,0.044288,-0.30243,0.098016,0.393587,1.190076,-0.15853,0.235056,129,18,median_in_1cm_longitudinal_by_5cm_center_patch,two_pca_torso_definitions_11_stations_width_height_v1.0,ok
142,526.0,pca_4548,rear_first_below_45pct_to_head_first_below_48pct,1.42,2,0.14,0.116447,-0.174735,0.092823,0.486146,1.186882,-0.235669,0.250477,181,20,median_in_1cm_longitudinal_by_5cm_center_patch,two_pca_torso_definitions_11_stations_width_height_v1.0,ok
142,526.0,pca_4548,rear_first_below_45pct_to_head_first_below_48pct,1.42,3,0.23,0.188606,-0.047041,0.08763,0.505622,1.193953,-0.24723,0.258392,193,22,median_in_1cm_longitudinal_by_5cm_center_patch,two_pca_torso_definitions_11_stations_width_height_v1.0,ok
142,526.0,pca_4548,rear_first_below_45pct_to_head_first_below_48pct,1.42,4,0.32,0.260765,0.080654,0.082436,0.520132,1.18722,-0.253941,0.266191,208,20,median_in_1cm_longitudinal_by_5cm_center_patch,two_pca_torso_definitions_11_stations_width_height_v1.0,ok
142,526.0,pca_4548,rear_first_below_45pct_to_head_first_below_48pct,1.42,5,0.41,0.332925,0.208348,0.077243,0.60826,1.180886,-0.306472,0.301788,232,20,median_in_1cm_longitudinal_by_5cm_center_patch,two_pca_torso_definitions_11_stations_width_height_v1.0,ok
142,526.0,pca_4548,rear_first_below_45pct_to_head_first_below_48pct,1.42,6,0.5,0.405084,0.336042,0.07205,0.614064,1.176353,-0.305201,0.308863,234,20,median_in_1cm_longitudinal_by_5cm_center_patch,two_pca_torso_definitions_11_stations_width_height_v1.0,ok
142,526.0,pca_4548,rear_first_below_45pct_to_head_first_below_48pct,1.42,7,0.59,0.477243,0.463737,0.066857,0.568023,1.168566,-0.275118,0.292905,216,20,median_in_1cm_longitudinal_by_5cm_center_patch,two_pca_torso_definitions_11_stations_width_height_v1.0,ok
142,526.0,pca_4548,rear_first_below_45pct_to_head_first_below_48pct,1.42,8,0.68,0.549402,0.591431,0.061664,0.487037,1.17486,-0.248278,0.238759,179,18,median_in_1cm_longitudinal_by_5cm_center_patch,two_pca_torso_definitions_11_stations_width_height_v1.0,ok
142,526.0,pca_4548,rear_first_below_45pct_to_head_first_below_48pct,1.42,9,0.77,0.621562,0.719126,0.05647,0.436246,1.175206,-0.211258,0.224988,166,22,median_in_1cm_longitudinal_by_5cm_center_patch,two_pca_torso_definitions_11_stations_width_height_v1.0,ok
142,526.0,pca_4548,rear_first_below_45pct_to_head_first_below_48pct,1.42,10,0.86,0.693721,0.84682,0.051277,0.503364,1.161136,-0.262709,0.240655,183,25,median_in_1cm_longitudinal_by_5cm_center_patch,two_pca_torso_definitions_11_stations_width_height_v1.0,ok
142,526.0,pca_4548,rear_first_below_45pct_to_head_first_below_48pct,1.42,11,0.95,0.76588,0.974515,0.046084,0.394342,1.138742,-0.223308,0.171034,136,20,median_in_1cm_longitudinal_by_5cm_center_patch,two_pca_torso_definitions_11_stations_width_height_v1.0,ok
142,526.0,pca_rear70,pca_rear_endpoint_0pct_to_full_length_70pct,1.239758,1,0.05,0.035,-0.318865,0.098684,0.363418,1.184535,-0.138622,0.224796,122,20,median_in_1cm_longitudinal_by_5cm_center_patch,two_pca_torso_definitions_11_stations_width_height_v1.0,ok
142,526.0,pca_rear70,pca_rear_endpoint_0pct_to_full_length_70pct,1.239758,2,0.14,0.098,-0.207379,0.09415,0.4768,1.193861,-0.234558,0.242242,175,20,median_in_1cm_longitudinal_by_5cm_center_patch,two_pca_torso_definitions_11_stations_width_height_v1.0,ok
142,526.0,pca_rear70,pca_rear_endpoint_0pct_to_full_length_70pct,1.239758,3,0.23,0.161,-0.095893,0.089616,0.504037,1.197572,-0.249584,0.254453,196,22,median_in_1cm_longitudinal_by_5cm_center_patch,two_pca_torso_definitions_11_stations_width_height_v1.0,ok
142,526.0,pca_rear70,pca_rear_endpoint_0pct_to_full_length_70pct,1.239758,4,0.32,0.224,0.015593,0.085082,0.51346,1.192099,-0.261017,0.252443,208,23,median_in_1cm_longitudinal_by_5cm_center_patch,two_pca_torso_definitions_11_stations_width_height_v1.0,ok
142,526.0,pca_rear70,pca_rear_endpoint_0pct_to_full_length_70pct,1.239758,5,0.41,0.287,0.127079,0.080548,0.543277,1.184305,-0.265051,0.278225,215,22,median_in_1cm_longitudinal_by_5cm_center_patch,two_pca_torso_definitions_11_stations_width_height_v1.0,ok
142,526.0,pca_rear70,pca_rear_endpoint_0pct_to_full_length_70pct,1.239758,6,0.5,0.35,0.238565,0.076014,0.608292,1.182399,-0.306133,0.302159,240,22,median_in_1cm_longitudinal_by_5cm_center_patch,two_pca_torso_definitions_11_stations_width_height_v1.0,ok
142,526.0,pca_rear70,pca_rear_endpoint_0pct_to_full_length_70pct,1.239758,7,0.59,0.413,0.350051,0.07148,0.608887,1.17669,-0.304755,0.304132,234,20,median_in_1cm_longitudinal_by_5cm_center_patch,two_pca_torso_definitions_11_stations_width_height_v1.0,ok
142,526.0,pca_rear70,pca_rear_endpoint_0pct_to_full_length_70pct,1.239758,8,0.68,0.476,0.461537,0.066946,0.572818,1.168553,-0.278753,0.294065,223,22,median_in_1cm_longitudinal_by_5cm_center_patch,two_pca_torso_definitions_11_stations_width_height_v1.0,ok
142,526.0,pca_rear70,pca_rear_endpoint_0pct_to_full_length_70pct,1.239758,9,0.77,0.539,0.573023,0.062412,0.505875,1.171758,-0.260365,0.24551,182,20,median_in_1cm_longitudinal_by_5cm_center_patch,two_pca_torso_definitions_11_stations_width_height_v1.0,ok
142,526.0,pca_rear70,pca_rear_endpoint_0pct_to_full_length_70pct,1.239758,10,0.86,0.602,0.684509,0.057878,0.450038,1.17018,-0.215473,0.234565,170,20,median_in_1cm_longitudinal_by_5cm_center_patch,two_pca_torso_definitions_11_stations_width_height_v1.0,ok
142,526.0,pca_rear70,pca_rear_endpoint_0pct_to_full_length_70pct,1.239758,11,0.95,0.665,0.795995,0.053344,0.483108,1.165381,-0.23982,0.243289,185,17,median_in_1cm_longitudinal_by_5cm_center_patch,two_pca_torso_definitions_11_stations_width_height_v1.0,ok
144,543.0,pca_4548,rear_first_below_45pct_to_head_first_below_48pct,1.590001,1,0.05,0.043423,-0.700357,-0.019237,0.403655,1.262223,-0.198716,0.204939,143,19,median_in_1cm_longitudinal_by_5cm_center_patch,two_pca_torso_definitions_11_stations_width_height_v1.0,ok
144,543.0,pca_4548,rear_first_below_45pct_to_head_first_below_48pct,1.590001,2,0.14,0.117717,-0.557567,-0.028654,0.502842,1.266973,-0.249719,0.253124,205,21,median_in_1cm_longitudinal_by_5cm_center_patch,two_pca_torso_definitions_11_stations_width_height_v1.0,ok
144,543.0,pca_4548,rear_first_below_45pct_to_head_first_below_48pct,1.590001,3,0.23,0.19201,-0.414778,-0.038071,0.544505,1.255121,-0.256336,0.288169,228,21,median_in_1cm_longitudinal_by_5cm_center_patch,two_pca_torso_definitions_11_stations_width_height_v1.0,ok
144,543.0,pca_4548,rear_first_below_45pct_to_head_first_below_48pct,1.590001,4,0.32,0.266304,-0.271988,-0.047488,0.555113,1.239875,-0.284947,0.270166,238,21,median_in_1cm_longitudinal_by_5cm_center_patch,two_pca_torso_definitions_11_stations_width_height_v1.0,ok
144,543.0,pca_4548,rear_first_below_45pct_to_head_first_below_48pct,1.590001,5,0.41,0.340598,-0.129198,-0.056905,0.583398,1.234303,-0.318482,0.264916,237,20,median_in_1cm_longitudinal_by_5cm_center_patch,two_pca_torso_definitions_11_stations_width_height_v1.0,ok
144,543.0,pca_4548,rear_first_below_45pct_to_head_first_below_48pct,1.590001,6,0.5,0.414891,0.013592,-0.066322,0.550283,1.215952,-0.30181,0.248472,224,20,median_in_1cm_longitudinal_by_5cm_center_patch,two_pca_torso_definitions_11_stations_width_height_v1.0,ok
144,543.0,pca_4548,rear_first_below_45pct_to_head_first_below_48pct,1.590001,7,0.59,0.489185,0.156382,-0.075739,0.487984,1.224477,-0.260695,0.227289,198,20,median_in_1cm_longitudinal_by_5cm_center_patch,two_pca_torso_definitions_11_stations_width_height_v1.0,ok
144,543.0,pca_4548,rear_first_below_45pct_to_head_first_below_48pct,1.590001,8,0.68,0.563479,0.299172,-0.085156,0.47666,1.201201,-0.216584,0.260075,186,21,median_in_1cm_longitudinal_by_5cm_center_patch,two_pca_torso_definitions_11_stations_width_height_v1.0,ok
144,543.0,pca_4548,rear_first_below_45pct_to_head_first_below_48pct,1.590001,9,0.77,0.637772,0.441962,-0.094573,0.465328,1.192021,-0.227638,0.23769,180,23,median_in_1cm_longitudinal_by_5cm_center_patch,two_pca_torso_definitions_11_stations_width_height_v1.0,ok
144,543.0,pca_4548,rear_first_below_45pct_to_head_first_below_48pct,1.590001,10,0.86,0.712066,0.584751,-0.10399,0.36308,1.180288,-0.178327,0.184752,149,25,median_in_1cm_longitudinal_by_5cm_center_patch,two_pca_torso_definitions_11_stations_width_height_v1.0,ok
144,543.0,pca_4548,rear_first_below_45pct_to_head_first_below_48pct,1.590001,11,0.95,0.78636,0.727541,-0.113407,0.283872,1.178535,-0.137683,0.146189,109,20,median_in_1cm_longitudinal_by_5cm_center_patch,two_pca_torso_definitions_11_stations_width_height_v1.0,ok
144,543.0,pca_rear70,pca_rear_endpoint_0pct_to_full_length_70pct,1.348299,1,0.05,0.035,-0.716546,-0.018169,0.39367,1.254897,-0.204592,0.189078,128,17,median_in_1cm_longitudinal_by_5cm_center_patch,two_pca_torso_definitions_11_stations_width_height_v1.0,ok
144,543.0,pca_rear70,pca_rear_endpoint_0pct_to_full_length_70pct,1.348299,2,0.14,0.098,-0.595462,-0.026155,0.494697,1.26382,-0.23066,0.264037,191,20,median_in_1cm_longitudinal_by_5cm_center_patch,two_pca_torso_definitions_11_stations_width_height_v1.0,ok
144,543.0,pca_rear70,pca_rear_endpoint_0pct_to_full_length_70pct,1.348299,3,0.23,0.161,-0.474379,-0.03414,0.532359,1.26847,-0.265192,0.267167,236,24,median_in_1cm_longitudinal_by_5cm_center_patch,two_pca_torso_definitions_11_stations_width_height_v1.0,ok
144,543.0,pca_rear70,pca_rear_endpoint_0pct_to_full_length_70pct,1.348299,4,0.32,0.224,-0.353295,-0.042126,0.542696,1.244722,-0.259596,0.283099,239,20,median_in_1cm_longitudinal_by_5cm_center_patch,two_pca_torso_definitions_11_stations_width_height_v1.0,ok
144,543.0,pca_rear70,pca_rear_endpoint_0pct_to_full_length_70pct,1.348299,5,0.41,0.287,-0.232211,-0.050111,0.569378,1.238587,-0.302243,0.267134,245,24,median_in_1cm_longitudinal_by_5cm_center_patch,two_pca_torso_definitions_11_stations_width_height_v1.0,ok
144,543.0,pca_rear70,pca_rear_endpoint_0pct_to_full_length_70pct,1.348299,6,0.5,0.35,-0.111127,-0.058097,0.585333,1.231975,-0.31759,0.267742,242,22,median_in_1cm_longitudinal_by_5cm_center_patch,two_pca_torso_definitions_11_stations_width_height_v1.0,ok
144,543.0,pca_rear70,pca_rear_endpoint_0pct_to_full_length_70pct,1.348299,7,0.59,0.413,0.009957,-0.066083,0.552928,1.217427,-0.301811,0.251118,227,21,median_in_1cm_longitudinal_by_5cm_center_patch,two_pca_torso_definitions_11_stations_width_height_v1.0,ok
144,543.0,pca_rear70,pca_rear_endpoint_0pct_to_full_length_70pct,1.348299,8,0.68,0.476,0.131041,-0.074068,0.506835,1.225094,-0.270688,0.236147,205,23,median_in_1cm_longitudinal_by_5cm_center_patch,two_pca_torso_definitions_11_stations_width_height_v1.0,ok
144,543.0,pca_rear70,pca_rear_endpoint_0pct_to_full_length_70pct,1.348299,9,0.77,0.539,0.252125,-0.082054,0.465756,1.207196,-0.231343,0.234413,185,20,median_in_1cm_longitudinal_by_5cm_center_patch,two_pca_torso_definitions_11_stations_width_height_v1.0,ok
144,543.0,pca_rear70,pca_rear_endpoint_0pct_to_full_length_70pct,1.348299,10,0.86,0.602,0.373208,-0.090039,0.514568,1.195307,-0.237843,0.276724,218,21,median_in_1cm_longitudinal_by_5cm_center_patch,two_pca_torso_definitions_11_stations_width_height_v1.0,ok
144,543.0,pca_rear70,pca_rear_endpoint_0pct_to_full_length_70pct,1.348299,11,0.95,0.665,0.494292,-0.098025,0.438642,1.184361,-0.215049,0.223593,169,23,median_in_1cm_longitudinal_by_5cm_center_patch,two_pca_torso_definitions_11_stations_width_height_v1.0,ok
149,520.0,pca_4548,rear_first_below_45pct_to_head_first_below_48pct,1.49,1,0.05,0.044443,-0.31989,0.05921,0.372616,1.268254,-0.182226,0.190391,144,23,median_in_1cm_longitudinal_by_5cm_center_patch,two_pca_torso_definitions_11_stations_width_height_v1.0,ok
149,520.0,pca_4548,rear_first_below_45pct_to_head_first_below_48pct,1.49,2,0.14,0.120511,-0.185903,0.06471,0.486355,1.274448,-0.244085,0.24227,201,21,median_in_1cm_longitudinal_by_5cm_center_patch,two_pca_torso_definitions_11_stations_width_height_v1.0,ok
149,520.0,pca_4548,rear_first_below_45pct_to_head_first_below_48pct,1.49,3,0.23,0.196579,-0.051915,0.070211,0.53156,1.283332,-0.267167,0.264392,229,22,median_in_1cm_longitudinal_by_5cm_center_patch,two_pca_torso_definitions_11_stations_width_height_v1.0,ok
149,520.0,pca_4548,rear_first_below_45pct_to_head_first_below_48pct,1.49,4,0.32,0.272647,0.082072,0.075711,0.551539,1.268124,-0.270675,0.280864,235,22,median_in_1cm_longitudinal_by_5cm_center_patch,two_pca_torso_definitions_11_stations_width_height_v1.0,ok
149,520.0,pca_4548,rear_first_below_45pct_to_head_first_below_48pct,1.49,5,0.41,0.348715,0.216059,0.081212,0.608542,1.259661,-0.296141,0.312401,253,24,median_in_1cm_longitudinal_by_5cm_center_patch,two_pca_torso_definitions_11_stations_width_height_v1.0,ok
149,520.0,pca_4548,rear_first_below_45pct_to_head_first_below_48pct,1.49,6,0.5,0.424784,0.350046,0.086712,0.571305,1.248903,-0.271527,0.299778,239,24,median_in_1cm_longitudinal_by_5cm_center_patch,two_pca_torso_definitions_11_stations_width_height_v1.0,ok
149,520.0,pca_4548,rear_first_below_45pct_to_head_first_below_48pct,1.49,7,0.59,0.500852,0.484033,0.092213,0.531729,1.240321,-0.257517,0.274212,205,22,median_in_1cm_longitudinal_by_5cm_center_patch,two_pca_torso_definitions_11_stations_width_height_v1.0,ok
149,520.0,pca_4548,rear_first_below_45pct_to_head_first_below_48pct,1.49,8,0.68,0.57692,0.61802,0.097714,0.460015,1.224811,-0.250276,0.209739,165,22,median_in_1cm_longitudinal_by_5cm_center_patch,two_pca_torso_definitions_11_stations_width_height_v1.0,ok
149,520.0,pca_4548,rear_first_below_45pct_to_head_first_below_48pct,1.49,9,0.77,0.652988,0.752007,0.103214,0.477171,1.201396,-0.271832,0.205339,188,22,median_in_1cm_longitudinal_by_5cm_center_patch,two_pca_torso_definitions_11_stations_width_height_v1.0,ok
149,520.0,pca_4548,rear_first_below_45pct_to_head_first_below_48pct,1.49,10,0.86,0.729056,0.885995,0.108715,0.453542,1.182622,-0.213876,0.239666,141,19,median_in_1cm_longitudinal_by_5cm_center_patch,two_pca_torso_definitions_11_stations_width_height_v1.0,ok
149,520.0,pca_4548,rear_first_below_45pct_to_head_first_below_48pct,1.49,11,0.95,0.805124,1.019982,0.114215,0.344511,1.160471,-0.142664,0.201848,102,19,median_in_1cm_longitudinal_by_5cm_center_patch,two_pca_torso_definitions_11_stations_width_height_v1.0,ok
149,520.0,pca_rear70,pca_rear_endpoint_0pct_to_full_length_70pct,1.234026,1,0.05,0.035,-0.336523,0.058527,0.353328,1.26285,-0.170569,0.182759,133,22,median_in_1cm_longitudinal_by_5cm_center_patch,two_pca_torso_definitions_11_stations_width_height_v1.0,ok
149,520.0,pca_rear70,pca_rear_endpoint_0pct_to_full_length_70pct,1.234026,2,0.14,0.098,-0.225554,0.063083,0.459476,1.27489,-0.230043,0.229433,195,26,median_in_1cm_longitudinal_by_5cm_center_patch,two_pca_torso_definitions_11_stations_width_height_v1.0,ok
149,520.0,pca_rear70,pca_rear_endpoint_0pct_to_full_length_70pct,1.234026,3,0.23,0.161,-0.114585,0.067638,0.523366,1.283652,-0.255631,0.267736,226,26,median_in_1cm_longitudinal_by_5cm_center_patch,two_pca_torso_definitions_11_stations_width_height_v1.0,ok
149,520.0,pca_rear70,pca_rear_endpoint_0pct_to_full_length_70pct,1.234026,4,0.32,0.224,-0.003616,0.072194,0.533429,1.277531,-0.266937,0.266492,234,26,median_in_1cm_longitudinal_by_5cm_center_patch,two_pca_torso_definitions_11_stations_width_height_v1.0,ok
149,520.0,pca_rear70,pca_rear_endpoint_0pct_to_full_length_70pct,1.234026,5,0.41,0.287,0.107353,0.076749,0.565518,1.266853,-0.275324,0.290193,237,22,median_in_1cm_longitudinal_by_5cm_center_patch,two_pca_torso_definitions_11_stations_width_height_v1.0,ok
149,520.0,pca_rear70,pca_rear_endpoint_0pct_to_full_length_70pct,1.234026,6,0.5,0.35,0.218321,0.081305,0.608499,1.25884,-0.295904,0.312595,255,22,median_in_1cm_longitudinal_by_5cm_center_patch,two_pca_torso_definitions_11_stations_width_height_v1.0,ok
149,520.0,pca_rear70,pca_rear_endpoint_0pct_to_full_length_70pct,1.234026,7,0.59,0.413,0.32929,0.085861,0.588852,1.251857,-0.280655,0.308197,236,24,median_in_1cm_longitudinal_by_5cm_center_patch,two_pca_torso_definitions_11_stations_width_height_v1.0,ok
149,520.0,pca_rear70,pca_rear_endpoint_0pct_to_full_length_70pct,1.234026,8,0.68,0.476,0.440259,0.090416,0.537628,1.240264,-0.259076,0.278551,217,24,median_in_1cm_longitudinal_by_5cm_center_patch,two_pca_torso_definitions_11_stations_width_height_v1.0,ok
149,520.0,pca_rear70,pca_rear_endpoint_0pct_to_full_length_70pct,1.234026,9,0.77,0.539,0.551228,0.094972,0.481231,1.236606,-0.231191,0.25004,187,22,median_in_1cm_longitudinal_by_5cm_center_patch,two_pca_torso_definitions_11_stations_width_height_v1.0,ok
149,520.0,pca_rear70,pca_rear_endpoint_0pct_to_full_length_70pct,1.234026,10,0.86,0.602,0.662197,0.099527,0.452628,1.218172,-0.265165,0.187463,178,19,median_in_1cm_longitudinal_by_5cm_center_patch,two_pca_torso_definitions_11_stations_width_height_v1.0,ok
149,520.0,pca_rear70,pca_rear_endpoint_0pct_to_full_length_70pct,1.234026,11,0.95,0.665,0.773166,0.104083,0.473117,1.204488,-0.258622,0.214495,176,19,median_in_1cm_longitudinal_by_5cm_center_patch,two_pca_torso_definitions_11_stations_width_height_v1.0,ok
151,532.0,pca_4548,rear_first_below_45pct_to_head_first_below_48pct,1.630001,1,0.05,0.043825,-0.409624,-0.042455,0.382798,1.260423,-0.182297,0.200501,146,24,median_in_1cm_longitudinal_by_5cm_center_patch,two_pca_torso_definitions_11_stations_width_height_v1.0,ok
151,532.0,pca_4548,rear_first_below_45pct_to_head_first_below_48pct,1.630001,2,0.14,0.121037,-0.262924,-0.042313,0.486764,1.259725,-0.241303,0.24546,207,20,median_in_1cm_longitudinal_by_5cm_center_patch,two_pca_torso_definitions_11_stations_width_height_v1.0,ok
151,532.0,pca_4548,rear_first_below_45pct_to_head_first_below_48pct,1.630001,3,0.23,0.198248,-0.116224,-0.042172,0.490364,1.247078,-0.247924,0.24244,214,23,median_in_1cm_longitudinal_by_5cm_center_patch,two_pca_torso_definitions_11_stations_width_height_v1.0,ok
151,532.0,pca_4548,rear_first_below_45pct_to_head_first_below_48pct,1.630001,4,0.32,0.27546,0.030476,-0.042031,0.531546,1.233565,-0.269363,0.262183,221,20,median_in_1cm_longitudinal_by_5cm_center_patch,two_pca_torso_definitions_11_stations_width_height_v1.0,ok
151,532.0,pca_4548,rear_first_below_45pct_to_head_first_below_48pct,1.630001,5,0.41,0.352672,0.177176,-0.04189,0.560758,1.228627,-0.281856,0.278902,241,27,median_in_1cm_longitudinal_by_5cm_center_patch,two_pca_torso_definitions_11_stations_width_height_v1.0,ok
151,532.0,pca_4548,rear_first_below_45pct_to_head_first_below_48pct,1.630001,6,0.5,0.429884,0.323876,-0.041749,0.52863,1.218828,-0.262711,0.265918,200,22,median_in_1cm_longitudinal_by_5cm_center_patch,two_pca_torso_definitions_11_stations_width_height_v1.0,ok
151,532.0,pca_4548,rear_first_below_45pct_to_head_first_below_48pct,1.630001,7,0.59,0.507096,0.470576,-0.041607,0.448488,1.21746,-0.216556,0.231932,183,27,median_in_1cm_longitudinal_by_5cm_center_patch,two_pca_torso_definitions_11_stations_width_height_v1.0,ok
151,532.0,pca_4548,rear_first_below_45pct_to_head_first_below_48pct,1.630001,8,0.68,0.584307,0.617276,-0.041466,0.437919,1.203524,-0.195737,0.242182,173,22,median_in_1cm_longitudinal_by_5cm_center_patch,two_pca_torso_definitions_11_stations_width_height_v1.0,ok
151,532.0,pca_4548,rear_first_below_45pct_to_head_first_below_48pct,1.630001,9,0.77,0.661519,0.763976,-0.041325,0.467688,1.179104,-0.238634,0.229054,170,22,median_in_1cm_longitudinal_by_5cm_center_patch,two_pca_torso_definitions_11_stations_width_height_v1.0,ok
151,532.0,pca_4548,rear_first_below_45pct_to_head_first_below_48pct,1.630001,10,0.86,0.738731,0.910676,-0.041184,0.382409,1.137032,-0.241645,0.140764,116,17,median_in_1cm_longitudinal_by_5cm_center_patch,two_pca_torso_definitions_11_stations_width_height_v1.0,ok
151,532.0,pca_4548,rear_first_below_45pct_to_head_first_below_48pct,1.630001,11,0.95,0.815943,1.057376,-0.041042,0.339685,1.080455,-0.203446,0.136239,75,13,median_in_1cm_longitudinal_by_5cm_center_patch,two_pca_torso_definitions_11_stations_width_height_v1.0,ok
151,532.0,pca_rear70,pca_rear_endpoint_0pct_to_full_length_70pct,1.329979,1,0.05,0.035,-0.426391,-0.04247,0.358141,1.262602,-0.160833,0.197308,138,17,median_in_1cm_longitudinal_by_5cm_center_patch,two_pca_torso_definitions_11_stations_width_height_v1.0,ok
151,532.0,pca_rear70,pca_rear_endpoint_0pct_to_full_length_70pct,1.329979,2,0.14,0.098,-0.306693,-0.042355,0.454826,1.256083,-0.226941,0.227885,196,21,median_in_1cm_longitudinal_by_5cm_center_patch,two_pca_torso_definitions_11_stations_width_height_v1.0,ok
151,532.0,pca_rear70,pca_rear_endpoint_0pct_to_full_length_70pct,1.329979,3,0.23,0.161,-0.186995,-0.04224,0.491524,1.262787,-0.252055,0.239469,216,21,median_in_1cm_longitudinal_by_5cm_center_patch,two_pca_torso_definitions_11_stations_width_height_v1.0,ok
151,532.0,pca_rear70,pca_rear_endpoint_0pct_to_full_length_70pct,1.329979,4,0.32,0.224,-0.067297,-0.042124,0.480952,1.239776,-0.244412,0.23654,202,20,median_in_1cm_longitudinal_by_5cm_center_patch,two_pca_torso_definitions_11_stations_width_height_v1.0,ok
151,532.0,pca_rear70,pca_rear_endpoint_0pct_to_full_length_70pct,1.329979,5,0.41,0.287,0.052401,-0.042009,0.548971,1.234755,-0.286626,0.262344,214,20,median_in_1cm_longitudinal_by_5cm_center_patch,two_pca_torso_definitions_11_stations_width_height_v1.0,ok
151,532.0,pca_rear70,pca_rear_endpoint_0pct_to_full_length_70pct,1.329979,6,0.5,0.35,0.172099,-0.041894,0.55789,1.228478,-0.280698,0.277192,251,29,median_in_1cm_longitudinal_by_5cm_center_patch,two_pca_torso_definitions_11_stations_width_height_v1.0,ok
151,532.0,pca_rear70,pca_rear_endpoint_0pct_to_full_length_70pct,1.329979,7,0.59,0.413,0.291797,-0.041779,0.548107,1.219611,-0.277874,0.270233,224,26,median_in_1cm_longitudinal_by_5cm_center_patch,two_pca_torso_definitions_11_stations_width_height_v1.0,ok
151,532.0,pca_rear70,pca_rear_endpoint_0pct_to_full_length_70pct,1.329979,8,0.68,0.476,0.411495,-0.041664,0.483294,1.220726,-0.235607,0.247687,194,22,median_in_1cm_longitudinal_by_5cm_center_patch,two_pca_torso_definitions_11_stations_width_height_v1.0,ok
151,532.0,pca_rear70,pca_rear_endpoint_0pct_to_full_length_70pct,1.329979,9,0.77,0.539,0.531193,-0.041548,0.439721,1.214933,-0.203873,0.235847,179,23,median_in_1cm_longitudinal_by_5cm_center_patch,two_pca_torso_definitions_11_stations_width_height_v1.0,ok
151,532.0,pca_rear70,pca_rear_endpoint_0pct_to_full_length_70pct,1.329979,10,0.86,0.602,0.650891,-0.041433,0.448622,1.199877,-0.204676,0.243946,179,22,median_in_1cm_longitudinal_by_5cm_center_patch,two_pca_torso_definitions_11_stations_width_height_v1.0,ok
151,532.0,pca_rear70,pca_rear_endpoint_0pct_to_full_length_70pct,1.329979,11,0.95,0.665,0.770589,-0.041318,0.468937,1.178739,-0.244101,0.224836,163,23,median_in_1cm_longitudinal_by_5cm_center_patch,two_pca_torso_definitions_11_stations_width_height_v1.0,ok
154,535.0,pca_4548,rear_first_below_45pct_to_head_first_below_48pct,1.550001,1,0.05,0.036545,-0.551034,0.071282,0.392028,1.256391,-0.209685,0.182343,143,22,median_in_1cm_longitudinal_by_5cm_center_patch,two_pca_torso_definitions_11_stations_width_height_v1.0,ok
154,535.0,pca_4548,rear_first_below_45pct_to_head_first_below_48pct,1.550001,2,0.14,0.108497,-0.411949,0.060534,0.493726,1.252279,-0.256137,0.237589,198,22,median_in_1cm_longitudinal_by_5cm_center_patch,two_pca_torso_definitions_11_stations_width_height_v1.0,ok
154,535.0,pca_4548,rear_first_below_45pct_to_head_first_below_48pct,1.550001,3,0.23,0.180449,-0.272864,0.049785,0.513605,1.253789,-0.251106,0.262499,213,24,median_in_1cm_longitudinal_by_5cm_center_patch,two_pca_torso_definitions_11_stations_width_height_v1.0,ok
154,535.0,pca_4548,rear_first_below_45pct_to_head_first_below_48pct,1.550001,4,0.32,0.252401,-0.133778,0.039037,0.509208,1.243446,-0.253701,0.255507,218,22,median_in_1cm_longitudinal_by_5cm_center_patch,two_pca_torso_definitions_11_stations_width_height_v1.0,ok
154,535.0,pca_4548,rear_first_below_45pct_to_head_first_below_48pct,1.550001,5,0.41,0.324353,0.005307,0.028289,0.582637,1.24077,-0.300475,0.282162,237,22,median_in_1cm_longitudinal_by_5cm_center_patch,two_pca_torso_definitions_11_stations_width_height_v1.0,ok
154,535.0,pca_4548,rear_first_below_45pct_to_head_first_below_48pct,1.550001,6,0.5,0.396305,0.144392,0.017541,0.574611,1.233656,-0.283012,0.291599,236,24,median_in_1cm_longitudinal_by_5cm_center_patch,two_pca_torso_definitions_11_stations_width_height_v1.0,ok
154,535.0,pca_4548,rear_first_below_45pct_to_head_first_below_48pct,1.550001,7,0.59,0.468257,0.283478,0.006792,0.520811,1.238285,-0.257808,0.263003,214,25,median_in_1cm_longitudinal_by_5cm_center_patch,two_pca_torso_definitions_11_stations_width_height_v1.0,ok
154,535.0,pca_4548,rear_first_below_45pct_to_head_first_below_48pct,1.550001,8,0.68,0.540209,0.422563,-0.003956,0.457533,1.223917,-0.235026,0.222507,188,24,median_in_1cm_longitudinal_by_5cm_center_patch,two_pca_torso_definitions_11_stations_width_height_v1.0,ok
154,535.0,pca_4548,rear_first_below_45pct_to_head_first_below_48pct,1.550001,9,0.77,0.612161,0.561649,-0.014704,0.481866,1.215747,-0.251984,0.229882,203,22,median_in_1cm_longitudinal_by_5cm_center_patch,two_pca_torso_definitions_11_stations_width_height_v1.0,ok
154,535.0,pca_4548,rear_first_below_45pct_to_head_first_below_48pct,1.550001,10,0.86,0.684113,0.700734,-0.025453,0.439232,1.199135,-0.188939,0.250293,150,20,median_in_1cm_longitudinal_by_5cm_center_patch,two_pca_torso_definitions_11_stations_width_height_v1.0,ok
154,535.0,pca_4548,rear_first_below_45pct_to_head_first_below_48pct,1.550001,11,0.95,0.756065,0.839819,-0.036201,0.325131,1.164363,-0.121215,0.203916,96,19,median_in_1cm_longitudinal_by_5cm_center_patch,two_pca_torso_definitions_11_stations_width_height_v1.0,ok
154,535.0,pca_rear70,pca_rear_endpoint_0pct_to_full_length_70pct,1.357156,1,0.05,0.035,-0.554022,0.071512,0.393816,1.255858,-0.216104,0.177712,133,20,median_in_1cm_longitudinal_by_5cm_center_patch,two_pca_torso_definitions_11_stations_width_height_v1.0,ok
154,535.0,pca_rear70,pca_rear_endpoint_0pct_to_full_length_70pct,1.357156,2,0.14,0.098,-0.432241,0.062101,0.493849,1.25136,-0.249882,0.243967,199,19,median_in_1cm_longitudinal_by_5cm_center_patch,two_pca_torso_definitions_11_stations_width_height_v1.0,ok
154,535.0,pca_rear70,pca_rear_endpoint_0pct_to_full_length_70pct,1.357156,3,0.23,0.161,-0.31046,0.05269,0.501751,1.26121,-0.237175,0.264576,213,25,median_in_1cm_longitudinal_by_5cm_center_patch,two_pca_torso_definitions_11_stations_width_height_v1.0,ok
154,535.0,pca_rear70,pca_rear_endpoint_0pct_to_full_length_70pct,1.357156,4,0.32,0.224,-0.188679,0.043279,0.490762,1.246396,-0.242289,0.248473,214,22,median_in_1cm_longitudinal_by_5cm_center_patch,two_pca_torso_definitions_11_stations_width_height_v1.0,ok
154,535.0,pca_rear70,pca_rear_endpoint_0pct_to_full_length_70pct,1.357156,5,0.41,0.287,-0.066898,0.033868,0.558052,1.24029,-0.284807,0.273245,226,21,median_in_1cm_longitudinal_by_5cm_center_patch,two_pca_torso_definitions_11_stations_width_height_v1.0,ok
154,535.0,pca_rear70,pca_rear_endpoint_0pct_to_full_length_70pct,1.357156,6,0.5,0.35,0.054883,0.024457,0.590852,1.240163,-0.292069,0.298782,236,23,median_in_1cm_longitudinal_by_5cm_center_patch,two_pca_torso_definitions_11_stations_width_height_v1.0,ok
154,535.0,pca_rear70,pca_rear_endpoint_0pct_to_full_length_70pct,1.357156,7,0.59,0.413,0.176664,0.015046,0.553903,1.232047,-0.273261,0.280642,224,20,median_in_1cm_longitudinal_by_5cm_center_patch,two_pca_torso_definitions_11_stations_width_height_v1.0,ok
154,535.0,pca_rear70,pca_rear_endpoint_0pct_to_full_length_70pct,1.357156,8,0.68,0.476,0.298445,0.005635,0.509076,1.237699,-0.246843,0.262234,205,22,median_in_1cm_longitudinal_by_5cm_center_patch,two_pca_torso_definitions_11_stations_width_height_v1.0,ok
154,535.0,pca_rear70,pca_rear_endpoint_0pct_to_full_length_70pct,1.357156,9,0.77,0.539,0.420226,-0.003776,0.460437,1.223661,-0.238695,0.221742,188,22,median_in_1cm_longitudinal_by_5cm_center_patch,two_pca_torso_definitions_11_stations_width_height_v1.0,ok
154,535.0,pca_rear70,pca_rear_endpoint_0pct_to_full_length_70pct,1.357156,10,0.86,0.602,0.542007,-0.013187,0.489652,1.21742,-0.262613,0.227038,206,22,median_in_1cm_longitudinal_by_5cm_center_patch,two_pca_torso_definitions_11_stations_width_height_v1.0,ok
154,535.0,pca_rear70,pca_rear_endpoint_0pct_to_full_length_70pct,1.357156,11,0.95,0.665,0.663788,-0.022598,0.459123,1.205553,-0.220131,0.238992,166,17,median_in_1cm_longitudinal_by_5cm_center_patch,two_pca_torso_definitions_11_stations_width_height_v1.0,ok
